Latitude (decimal degrees):	48.857
Longitude (decimal degrees):	2.352
Elevation (m):	32
Radiation database:	PVGIS-SARAH3


Slope: 37 deg. (optimum)
Azimuth: 0 deg. 
time,G(i),H_sun,T2m,WS10m,Int
20180101:0010,0.0,0.0,7.91,7.38,0.0
20180101:0110,0.0,0.0,7.62,7.17,0.0
20180101:0210,0.0,0.0,7.53,6.76,0.0
20180101:0310,0.0,0.0,7.41,6.55,0.0
20180101:0410,0.0,0.0,7.11,6.28,0.0
20180101:0510,0.0,0.0,7.0,6.07,0.0
20180101:0610,0.0,0.0,6.93,5.79,0.0
20180101:0710,0.0,0.0,6.81,5.86,0.0
20180101:0810,19.97,2.64,6.89,5.86,0.0
20180101:0910,22.01,9.45,7.32,6.21,0.0
20180101:1010,25.68,14.53,7.28,7.17,0.0
20180101:1110,338.6,17.49,7.08,8.34,0.0
20180101:1210,64.2,18.04,7.69,7.86,0.0
20180101:1310,464.89,16.11,8.61,6.9,0.0
20180101:1410,19.26,11.92,9.15,7.1,0.0
20180101:1510,63.81,5.81,8.46,7.59,0.0
20180101:1610,0.0,0.0,7.49,9.1,0.0
20180101:1710,0.0,0.0,6.8,9.31,0.0
20180101:1810,0.0,0.0,6.9,7.72,0.0
20180101:1910,0.0,0.0,7.36,7.17,0.0
20180101:2010,0.0,0.0,7.02,6.62,0.0
20180101:2110,0.0,0.0,7.08,6.41,0.0
20180101:2210,0.0,0.0,7.21,6.21,0.0
20180101:2310,0.0,0.0,7.45,6.14,0.0
20180102:0010,0.0,0.0,7.47,6.21,0.0
20180102:0110,0.0,0.0,7.25,5.93,0.0
20180102:0210,0.0,0.0,6.89,5.31,0.0
20180102:0310,0.0,0.0,6.75,5.17,0.0
20180102:0410,0.0,0.0,6.64,4.9,0.0
20180102:0510,0.0,0.0,6.34,4.28,0.0
20180102:0610,0.0,0.0,6.36,3.72,0.0
20180102:0710,0.0,0.0,5.17,3.24,0.0
20180102:0810,6.42,2.66,5.39,3.52,0.0
20180102:0910,57.34,9.48,5.84,3.38,0.0
20180102:1010,73.11,14.58,6.28,3.1,0.0
20180102:1110,102.67,17.56,7.33,3.86,0.0
20180102:1210,229.81,18.13,8.03,3.86,0.0
20180102:1310,64.2,16.22,8.32,3.79,0.0
20180102:1410,65.25,12.03,8.48,4.69,0.0
20180102:1510,49.09,5.94,8.46,5.17,0.0
20180102:1610,0.0,0.0,8.54,5.31,0.0
20180102:1710,0.0,0.0,8.95,5.03,0.0
20180102:1810,0.0,0.0,9.8,4.9,0.0
20180102:1910,0.0,0.0,10.31,5.17,0.0
20180102:2010,0.0,0.0,11.03,5.31,0.0
20180102:2110,0.0,0.0,11.55,6.34,0.0
20180102:2210,0.0,0.0,11.78,7.24,0.0
20180102:2310,0.0,0.0,11.33,7.59,0.0
20180103:0010,0.0,0.0,11.17,8.07,0.0
20180103:0110,0.0,0.0,11.63,8.69,0.0
20180103:0210,0.0,0.0,12.37,9.24,0.0
20180103:0310,0.0,0.0,13.02,9.66,0.0
20180103:0410,0.0,0.0,13.1,10.34,0.0
20180103:0510,0.0,0.0,11.27,8.83,0.0
20180103:0610,0.0,0.0,9.79,8.83,0.0
20180103:0710,0.0,0.0,8.9,9.03,0.0
20180103:0810,101.43,2.68,8.26,8.9,0.0
20180103:0910,17.43,9.52,8.01,8.97,0.0
20180103:1010,535.14,14.64,8.08,8.9,0.0
20180103:1110,612.17,17.64,8.7,8.07,0.0
20180103:1210,92.96,18.22,9.24,7.59,0.0
20180103:1310,580.85,16.33,9.63,8.07,0.0
20180103:1410,431.64,12.16,9.8,7.86,0.0
20180103:1510,57.62,6.07,9.47,7.79,0.0
20180103:1610,0.0,0.0,9.03,7.1,0.0
20180103:1710,0.0,0.0,8.7,6.69,0.0
20180103:1810,0.0,0.0,8.63,6.55,0.0
20180103:1910,0.0,0.0,8.59,5.72,0.0
20180103:2010,0.0,0.0,8.52,5.59,0.0
20180103:2110,0.0,0.0,8.51,5.31,0.0
20180103:2210,0.0,0.0,8.48,4.76,0.0
20180103:2310,0.0,0.0,8.35,4.34,0.0
20180104:0010,0.0,0.0,8.56,3.86,0.0
20180104:0110,0.0,0.0,8.73,3.1,0.0
20180104:0210,0.0,0.0,8.83,2.41,0.0
20180104:0310,0.0,0.0,9.0,2.41,0.0
20180104:0410,0.0,0.0,9.25,2.62,0.0
20180104:0510,0.0,0.0,10.2,3.17,0.0
20180104:0610,0.0,0.0,11.56,4.28,0.0
20180104:0710,0.0,0.0,12.79,7.03,0.0
20180104:0810,1.83,2.71,13.05,7.45,0.0
20180104:0910,35.77,9.56,12.9,8.14,0.0
20180104:1010,39.44,14.71,12.94,8.41,0.0
20180104:1110,37.6,17.73,12.96,8.21,0.0
20180104:1210,134.04,18.33,13.13,8.14,0.0
20180104:1310,46.78,16.45,13.05,7.86,0.0
20180104:1410,46.78,12.29,12.81,7.45,0.0
20180104:1510,12.84,6.21,12.75,7.79,0.0
20180104:1610,0.0,0.0,12.45,7.03,0.0
20180104:1710,0.0,0.0,11.72,7.1,0.0
20180104:1810,0.0,0.0,11.09,6.69,0.0
20180104:1910,0.0,0.0,10.2,6.34,0.0
20180104:2010,0.0,0.0,9.61,5.72,0.0
20180104:2110,0.0,0.0,9.06,5.31,0.0
20180104:2210,0.0,0.0,8.89,4.97,0.0
20180104:2310,0.0,0.0,8.63,5.1,0.0
20180105:0010,0.0,0.0,8.72,5.52,0.0
20180105:0110,0.0,0.0,9.2,5.93,0.0
20180105:0210,0.0,0.0,9.58,6.14,0.0
20180105:0310,0.0,0.0,9.75,6.07,0.0
20180105:0410,0.0,0.0,9.86,5.52,0.0
20180105:0510,0.0,0.0,9.76,5.03,0.0
20180105:0610,0.0,0.0,9.36,4.41,0.0
20180105:0710,0.0,0.0,9.94,3.66,0.0
20180105:0810,6.42,2.75,9.61,3.38,0.0
20180105:0910,65.27,9.62,9.59,3.59,0.0
20180105:1010,53.2,14.78,9.53,3.86,0.0
20180105:1110,104.43,17.82,9.78,4.28,0.0
20180105:1210,157.1,18.44,10.42,4.07,0.0
20180105:1310,122.59,16.58,10.8,5.17,0.0
20180105:1410,66.99,12.43,10.52,5.93,0.0
20180105:1510,57.58,6.35,9.94,5.03,0.0
20180105:1610,0.0,0.0,9.25,3.79,0.0
20180105:1710,0.0,0.0,8.5,3.03,0.0
20180105:1810,0.0,0.0,7.6,2.83,0.0
20180105:1910,0.0,0.0,7.4,2.41,0.0
20180105:2010,0.0,0.0,6.84,2.34,0.0
20180105:2110,0.0,0.0,6.59,2.48,0.0
20180105:2210,0.0,0.0,6.58,2.62,0.0
20180105:2310,0.0,0.0,6.34,2.69,0.0
20180106:0010,0.0,0.0,6.32,2.55,0.0
20180106:0110,0.0,0.0,6.05,2.55,0.0
20180106:0210,0.0,0.0,6.23,2.55,0.0
20180106:0310,0.0,0.0,5.99,2.41,0.0
20180106:0410,0.0,0.0,5.94,2.14,0.0
20180106:0510,0.0,0.0,5.81,1.72,0.0
20180106:0610,0.0,0.0,5.56,1.66,0.0
20180106:0710,0.0,0.0,4.94,1.66,0.0
20180106:0810,41.08,2.79,4.65,1.52,0.0
20180106:0910,27.52,9.68,5.07,0.97,0.0
20180106:1010,253.95,14.86,6.46,1.17,0.0
20180106:1110,139.35,17.92,7.13,0.48,0.0
20180106:1210,217.79,18.56,7.66,1.1,0.0
20180106:1310,77.04,16.72,7.95,1.59,0.0
20180106:1410,133.36,12.57,8.0,1.86,0.0
20180106:1510,33.81,6.5,7.82,1.86,0.0
20180106:1610,0.0,0.0,7.4,2.0,0.0
20180106:1710,0.0,0.0,7.04,2.0,0.0
20180106:1810,0.0,0.0,6.86,2.0,0.0
20180106:1910,0.0,0.0,6.7,2.76,0.0
20180106:2010,0.0,0.0,6.61,2.97,0.0
20180106:2110,0.0,0.0,6.43,3.03,0.0
20180106:2210,0.0,0.0,6.24,3.17,0.0
20180106:2310,0.0,0.0,5.55,3.45,0.0
20180107:0010,0.0,0.0,5.51,4.28,0.0
20180107:0110,0.0,0.0,5.44,4.69,0.0
20180107:0210,0.0,0.0,5.62,5.1,0.0
20180107:0310,0.0,0.0,5.77,5.38,0.0
20180107:0410,0.0,0.0,5.79,5.59,0.0
20180107:0510,0.0,0.0,5.52,5.66,0.0
20180107:0610,0.0,0.0,5.35,5.79,0.0
20180107:0710,0.0,0.0,5.83,5.52,0.0
20180107:0810,5.5,2.84,5.79,5.72,0.0
20180107:0910,11.01,9.75,5.85,5.93,0.0
20180107:1010,68.79,14.95,6.09,5.86,0.0
20180107:1110,72.46,18.03,6.56,7.24,0.0
20180107:1210,138.37,18.69,6.81,6.9,0.0
20180107:1310,54.11,16.86,7.1,6.69,0.0
20180107:1410,49.53,12.72,7.43,7.1,0.0
20180107:1510,23.85,6.66,7.49,5.93,0.0
20180107:1610,0.0,0.0,7.1,5.45,0.0
20180107:1710,0.0,0.0,6.52,5.24,0.0
20180107:1810,0.0,0.0,6.07,5.17,0.0
20180107:1910,0.0,0.0,6.17,4.69,0.0
20180107:2010,0.0,0.0,5.94,4.48,0.0
20180107:2110,0.0,0.0,5.7,4.28,0.0
20180107:2210,0.0,0.0,5.61,4.34,0.0
20180107:2310,0.0,0.0,5.24,4.14,0.0
20180108:0010,0.0,0.0,4.89,4.21,0.0
20180108:0110,0.0,0.0,4.61,4.34,0.0
20180108:0210,0.0,0.0,4.36,4.41,0.0
20180108:0310,0.0,0.0,4.15,4.28,0.0
20180108:0410,0.0,0.0,3.89,4.07,0.0
20180108:0510,0.0,0.0,3.41,3.72,0.0
20180108:0610,0.0,0.0,3.04,3.66,0.0
20180108:0710,0.0,0.0,3.19,3.52,0.0
20180108:0810,60.32,2.9,3.23,3.24,0.0
20180108:0910,89.83,9.82,3.67,3.03,0.0
20180108:1010,612.08,15.05,5.13,3.38,0.0
20180108:1110,336.62,18.15,6.52,3.38,0.0
20180108:1210,246.35,18.83,7.52,3.31,0.0
20180108:1310,448.67,17.01,7.99,3.59,0.0
20180108:1410,517.21,12.88,8.54,4.14,0.0
20180108:1510,251.76,6.82,8.13,3.45,0.0
20180108:1610,0.0,0.0,7.13,3.03,0.0
20180108:1710,0.0,0.0,6.17,2.97,0.0
20180108:1810,0.0,0.0,5.53,2.48,0.0
20180108:1910,0.0,0.0,5.08,2.62,0.0
20180108:2010,0.0,0.0,4.84,2.55,0.0
20180108:2110,0.0,0.0,4.62,2.41,0.0
20180108:2210,0.0,0.0,4.4,2.41,0.0
20180108:2310,0.0,0.0,4.01,2.14,0.0
20180109:0010,0.0,0.0,3.5,1.93,0.0
20180109:0110,0.0,0.0,3.08,1.72,0.0
20180109:0210,0.0,0.0,2.79,1.79,0.0
20180109:0310,0.0,0.0,2.64,1.66,0.0
20180109:0410,0.0,0.0,2.37,1.45,0.0
20180109:0510,0.0,0.0,2.57,0.97,0.0
20180109:0610,0.0,0.0,2.12,1.17,0.0
20180109:0710,0.0,0.0,2.98,1.1,0.0
20180109:0810,136.54,2.96,3.25,1.59,0.0
20180109:0910,42.19,9.9,4.22,1.59,0.0
20180109:1010,66.04,15.15,5.05,1.93,0.0
20180109:1110,66.95,18.27,5.91,2.62,0.0
20180109:1210,67.87,18.97,6.65,3.1,0.0
20180109:1310,60.53,17.16,7.54,3.59,0.0
20180109:1410,96.27,13.04,8.16,3.79,0.0
20180109:1510,83.79,6.99,8.36,2.9,0.0
20180109:1610,0.0,0.0,8.25,2.69,0.0
20180109:1710,0.0,0.0,7.51,2.97,0.0
20180109:1810,0.0,0.0,7.58,3.24,0.0
20180109:1910,0.0,0.0,7.79,3.52,0.0
20180109:2010,0.0,0.0,7.92,3.66,0.0
20180109:2110,0.0,0.0,7.82,3.93,0.0
20180109:2210,0.0,0.0,7.72,4.21,0.0
20180109:2310,0.0,0.0,7.54,4.14,0.0
20180110:0010,0.0,0.0,6.83,3.79,0.0
20180110:0110,0.0,0.0,6.19,3.59,0.0
20180110:0210,0.0,0.0,5.62,3.59,0.0
20180110:0310,0.0,0.0,5.07,3.52,0.0
20180110:0410,0.0,0.0,5.36,3.66,0.0
20180110:0510,0.0,0.0,5.89,3.66,0.0
20180110:0610,0.0,0.0,6.26,3.45,0.0
20180110:0710,0.0,0.0,6.64,2.69,0.0
20180110:0810,6.42,3.03,6.74,2.28,0.0
20180110:0910,62.44,9.99,6.96,2.21,0.0
20180110:1010,72.46,15.26,7.95,3.17,0.0
20180110:1110,64.2,18.4,8.3,2.83,0.0
20180110:1210,320.64,19.12,8.73,2.69,0.0
20180110:1310,198.36,17.32,9.01,2.28,0.0
20180110:1410,25.68,13.21,9.09,2.41,0.0
20180110:1510,177.47,7.16,9.1,2.0,0.0
20180110:1610,0.0,0.0,8.58,1.66,0.0
20180110:1710,0.0,0.0,8.09,1.45,0.0
20180110:1810,0.0,0.0,7.2,1.79,0.0
20180110:1910,0.0,0.0,6.13,2.0,0.0
20180110:2010,0.0,0.0,5.96,1.79,0.0
20180110:2110,0.0,0.0,5.65,1.72,0.0
20180110:2210,0.0,0.0,4.99,1.72,0.0
20180110:2310,0.0,0.0,4.6,1.59,0.0
20180111:0010,0.0,0.0,3.92,1.79,0.0
20180111:0110,0.0,0.0,3.22,1.86,0.0
20180111:0210,0.0,0.0,2.67,1.72,0.0
20180111:0310,0.0,0.0,2.67,1.45,0.0
20180111:0410,0.0,0.0,2.65,1.31,0.0
20180111:0510,0.0,0.0,2.86,1.1,0.0
20180111:0610,0.0,0.0,3.19,1.1,0.0
20180111:0710,0.0,0.0,3.44,1.45,0.0
20180111:0810,22.2,3.11,3.55,1.1,0.0
20180111:0910,69.31,10.09,4.32,0.97,0.0
20180111:1010,169.32,15.38,4.99,0.9,0.0
20180111:1110,354.86,18.54,5.61,1.52,0.0
20180111:1210,280.62,19.27,6.22,2.14,0.0
20180111:1310,87.44,17.49,6.77,2.34,0.0
20180111:1410,58.7,13.39,7.1,2.48,0.0
20180111:1510,37.9,7.33,7.25,2.34,0.0
20180111:1610,0.0,0.0,6.83,2.21,0.0
20180111:1710,0.0,0.0,6.36,2.34,0.0
20180111:1810,0.0,0.0,6.05,2.48,0.0
20180111:1910,0.0,0.0,6.22,2.34,0.0
20180111:2010,0.0,0.0,6.06,2.28,0.0
20180111:2110,0.0,0.0,5.9,2.41,0.0
20180111:2210,0.0,0.0,5.67,2.34,0.0
20180111:2310,0.0,0.0,5.53,2.34,0.0
20180112:0010,0.0,0.0,5.47,2.07,0.0
20180112:0110,0.0,0.0,5.19,2.21,0.0
20180112:0210,0.0,0.0,5.17,2.0,0.0
20180112:0310,0.0,0.0,5.14,2.0,0.0
20180112:0410,0.0,0.0,4.95,1.93,0.0
20180112:0510,0.0,0.0,4.88,1.93,0.0
20180112:0610,0.0,0.0,4.77,1.79,0.0
20180112:0710,0.0,0.0,4.9,1.93,0.0
20180112:0810,10.09,3.19,4.87,1.79,0.0
20180112:0910,55.4,10.19,4.93,2.07,0.0
20180112:1010,71.54,15.5,5.04,2.9,0.0
20180112:1110,95.61,18.69,5.51,2.55,0.0
20180112:1210,101.08,19.44,5.86,2.07,0.0
20180112:1310,91.1,17.67,6.33,2.0,0.0
20180112:1410,60.53,13.57,6.61,1.93,0.0
20180112:1510,38.72,7.52,6.67,1.45,0.0
20180112:1610,0.0,0.0,6.59,0.9,0.0
20180112:1710,0.0,0.0,6.4,0.83,0.0
20180112:1810,0.0,0.0,6.19,1.17,0.0
20180112:1910,0.0,0.0,6.2,1.1,0.0
20180112:2010,0.0,0.0,6.14,1.1,0.0
20180112:2110,0.0,0.0,6.09,1.17,0.0
20180112:2210,0.0,0.0,5.81,1.45,0.0
20180112:2310,0.0,0.0,5.78,1.45,0.0
20180113:0010,0.0,0.0,5.56,1.59,0.0
20180113:0110,0.0,0.0,5.48,1.59,0.0
20180113:0210,0.0,0.0,4.96,1.72,0.0
20180113:0310,0.0,0.0,4.81,1.59,0.0
20180113:0410,0.0,0.0,4.65,1.72,0.0
20180113:0510,0.0,0.0,4.03,1.93,0.0
20180113:0610,0.0,0.0,4.13,2.14,0.0
20180113:0710,0.0,0.0,2.43,2.34,0.0
20180113:0810,7.34,3.28,2.34,2.41,0.0
20180113:0910,107.59,10.3,2.74,2.34,0.0
20180113:1010,73.37,15.63,4.19,2.41,0.0
20180113:1110,203.89,18.84,5.69,2.55,0.0
20180113:1210,59.62,19.61,6.88,3.1,0.0
20180113:1310,92.0,17.85,7.53,3.72,0.0
20180113:1410,139.28,13.76,7.68,3.72,0.0
20180113:1510,101.96,7.7,7.24,3.03,0.0
20180113:1610,0.0,0.0,6.07,3.03,0.0
20180113:1710,0.0,0.0,4.82,3.1,0.0
20180113:1810,0.0,0.0,4.31,2.97,0.0
20180113:1910,0.0,0.0,4.41,2.41,0.0
20180113:2010,0.0,0.0,3.92,2.48,0.0
20180113:2110,0.0,0.0,3.79,2.34,0.0
20180113:2210,0.0,0.0,3.68,2.21,0.0
20180113:2310,0.0,0.0,3.53,2.07,0.0
20180114:0010,0.0,0.0,3.03,2.0,0.0
20180114:0110,0.0,0.0,2.71,1.93,0.0
20180114:0210,0.0,0.0,2.31,1.93,0.0
20180114:0310,0.0,0.0,1.98,1.86,0.0
20180114:0410,0.0,0.0,1.61,1.79,0.0
20180114:0510,0.0,0.0,1.27,1.72,0.0
20180114:0610,0.0,0.0,0.78,1.66,0.0
20180114:0710,0.0,0.0,-0.11,0.97,0.0
20180114:0810,88.5,3.38,0.46,0.69,0.0
20180114:0910,135.99,10.42,0.64,0.48,0.0
20180114:1010,621.85,15.77,2.4,0.48,0.0
20180114:1110,768.37,19.0,4.2,0.48,0.0
20180114:1210,799.19,19.78,5.69,0.34,0.0
20180114:1310,725.14,18.04,6.79,0.55,0.0
20180114:1410,418.84,13.95,7.4,0.69,0.0
20180114:1510,325.04,7.9,7.47,0.48,0.0
20180114:1610,0.0,0.0,7.01,0.0,0.0
20180114:1710,0.0,0.0,6.24,0.21,0.0
20180114:1810,0.0,0.0,5.3,0.55,0.0
20180114:1910,0.0,0.0,3.42,1.24,0.0
20180114:2010,0.0,0.0,1.3,2.0,0.0
20180114:2110,0.0,0.0,1.62,1.93,0.0
20180114:2210,0.0,0.0,1.81,2.07,0.0
20180114:2310,0.0,0.0,1.87,2.21,0.0
20180115:0010,0.0,0.0,2.78,2.28,0.0
20180115:0110,0.0,0.0,4.03,2.41,0.0
20180115:0210,0.0,0.0,4.99,2.62,0.0
20180115:0310,0.0,0.0,5.48,3.1,0.0
20180115:0410,0.0,0.0,5.85,3.52,0.0
20180115:0510,0.0,0.0,6.1,3.93,0.0
20180115:0610,0.0,0.0,6.07,4.41,0.0
20180115:0710,0.0,0.0,6.59,4.83,0.0
20180115:0810,109.33,3.48,6.62,5.59,0.0
20180115:0910,20.18,10.54,6.67,6.0,0.0
20180115:1010,24.76,15.92,6.72,6.62,0.0
20180115:1110,203.72,19.16,6.74,6.76,0.0
20180115:1210,25.68,19.96,6.75,7.86,0.0
20180115:1310,25.68,18.23,6.75,8.28,0.0
20180115:1410,17.43,14.15,6.93,9.24,0.0
20180115:1510,11.01,8.1,7.26,9.31,0.0
20180115:1610,0.0,0.0,7.91,8.83,0.0
20180115:1710,0.0,0.0,8.69,7.59,0.0
20180115:1810,0.0,0.0,9.01,6.83,0.0
20180115:1910,0.0,0.0,9.54,7.03,0.0
20180115:2010,0.0,0.0,9.17,6.69,0.0
20180115:2110,0.0,0.0,8.6,6.28,0.0
20180115:2210,0.0,0.0,8.14,6.34,0.0
20180115:2310,0.0,0.0,7.94,5.79,0.0
20180116:0010,0.0,0.0,8.33,6.28,0.0
20180116:0110,0.0,0.0,8.48,6.76,0.0
20180116:0210,0.0,0.0,8.33,6.55,0.0
20180116:0310,0.0,0.0,8.27,6.62,0.0
20180116:0410,0.0,0.0,8.16,6.62,0.0
20180116:0510,0.0,0.0,8.15,7.1,0.0
20180116:0610,0.0,0.0,7.97,7.31,0.0
20180116:0710,0.0,0.0,8.48,6.55,0.0
20180116:0810,31.28,3.6,8.23,6.62,0.0
20180116:0910,443.75,10.68,8.26,6.41,0.0
20180116:1010,481.64,16.07,7.91,6.62,0.0
20180116:1110,536.48,19.34,8.12,6.76,0.0
20180116:1210,550.13,20.15,8.54,6.34,0.0
20180116:1310,39.44,18.43,8.2,6.41,0.0
20180116:1410,112.91,14.35,8.44,6.0,0.0
20180116:1510,182.41,8.3,7.73,6.97,0.0
20180116:1610,0.0,0.0,6.56,7.24,0.0
20180116:1710,0.0,0.0,5.92,6.48,0.0
20180116:1810,0.0,0.0,5.66,6.21,0.0
20180116:1910,0.0,0.0,6.27,4.83,0.0
20180116:2010,0.0,0.0,5.98,6.0,0.0
20180116:2110,0.0,0.0,6.0,7.1,0.0
20180116:2210,0.0,0.0,5.72,7.03,0.0
20180116:2310,0.0,0.0,5.37,6.97,0.0
20180117:0010,0.0,0.0,5.1,7.17,0.0
20180117:0110,0.0,0.0,4.51,8.0,0.0
20180117:0210,0.0,0.0,3.81,7.79,0.0
20180117:0310,0.0,0.0,3.17,7.31,0.0
20180117:0410,0.0,0.0,2.5,6.9,0.0
20180117:0510,0.0,0.0,2.63,7.1,0.0
20180117:0610,0.0,0.0,2.47,7.24,0.0
20180117:0710,0.0,0.0,3.6,6.76,0.0
20180117:0810,41.02,3.71,3.34,6.14,0.0
20180117:0910,440.37,10.81,3.93,5.79,0.0
20180117:1010,621.59,16.23,5.15,5.24,0.0
20180117:1110,736.97,19.52,6.33,6.76,0.0
20180117:1210,695.4,20.35,7.1,7.93,0.0
20180117:1310,55.95,18.64,7.56,8.0,0.0
20180117:1410,44.94,14.56,7.69,7.03,0.0
20180117:1510,379.7,8.51,7.34,6.21,0.0
20180117:1610,0.0,0.0,6.51,5.59,0.0
20180117:1710,0.0,0.0,5.79,5.45,0.0
20180117:1810,0.0,0.0,5.31,5.38,0.0
20180117:1910,0.0,0.0,5.3,5.31,0.0
20180117:2010,0.0,0.0,5.13,5.17,0.0
20180117:2110,0.0,0.0,5.36,5.45,0.0
20180117:2210,0.0,0.0,5.67,5.52,0.0
20180117:2310,0.0,0.0,5.88,5.93,0.0
20180118:0010,0.0,0.0,6.05,6.48,0.0
20180118:0110,0.0,0.0,6.16,6.9,0.0
20180118:0210,0.0,0.0,6.34,7.66,0.0
20180118:0310,0.0,0.0,6.96,8.28,0.0
20180118:0410,0.0,0.0,7.74,8.55,0.0
20180118:0510,0.0,0.0,8.46,8.62,0.0
20180118:0610,0.0,0.0,9.16,8.41,0.0
20180118:0710,0.0,0.0,9.43,8.55,0.0
20180118:0810,48.38,3.84,9.8,8.14,0.0
20180118:0910,135.51,10.96,9.99,7.59,0.0
20180118:1010,113.05,16.39,9.99,7.03,0.0
20180118:1110,65.12,19.7,10.03,6.07,0.0
20180118:1210,742.26,20.55,9.93,5.45,0.0
20180118:1310,238.59,18.85,9.7,5.66,0.0
20180118:1410,18.34,14.77,9.96,5.38,0.0
20180118:1510,117.48,8.72,9.46,5.38,0.0
20180118:1610,0.0,0.0,9.1,5.59,0.0
20180118:1710,0.0,0.0,8.16,5.17,0.0
20180118:1810,0.0,0.0,7.62,5.17,0.0
20180118:1910,0.0,0.0,8.27,5.24,0.0
20180118:2010,0.0,0.0,7.87,6.07,0.0
20180118:2110,0.0,0.0,7.24,5.45,0.0
20180118:2210,0.0,0.0,6.49,5.03,0.0
20180118:2310,0.0,0.0,6.02,4.69,0.0
20180119:0010,0.0,0.0,5.68,4.48,0.0
20180119:0110,0.0,0.0,5.08,4.0,0.0
20180119:0210,0.0,0.0,4.44,3.72,0.0
20180119:0310,0.0,0.0,4.28,3.72,0.0
20180119:0410,0.0,0.0,3.89,3.79,0.0
20180119:0510,0.0,0.0,3.84,3.93,0.0
20180119:0610,0.0,0.0,3.4,3.93,0.0
20180119:0710,0.0,0.0,3.25,3.72,0.0
20180119:0810,31.86,3.97,3.36,3.72,0.0
20180119:0910,29.35,11.11,4.0,3.86,0.0
20180119:1010,66.95,16.57,4.97,3.79,0.0
20180119:1110,159.8,19.9,5.9,4.48,0.0
20180119:1210,44.94,20.76,6.37,4.21,0.0
20180119:1310,78.88,19.07,6.82,4.21,0.0
20180119:1410,609.23,14.99,7.04,4.07,0.0
20180119:1510,373.67,8.93,6.08,4.07,0.0
20180119:1610,0.0,0.0,5.61,3.38,0.0
20180119:1710,0.0,0.0,4.87,3.52,0.0
20180119:1810,0.0,0.0,4.37,3.72,0.0
20180119:1910,0.0,0.0,3.88,3.66,0.0
20180119:2010,0.0,0.0,3.69,4.0,0.0
20180119:2110,0.0,0.0,3.52,4.07,0.0
20180119:2210,0.0,0.0,3.34,4.0,0.0
20180119:2310,0.0,0.0,3.25,4.0,0.0
20180120:0010,0.0,0.0,3.18,3.86,0.0
20180120:0110,0.0,0.0,2.89,4.0,0.0
20180120:0210,0.0,0.0,3.04,3.79,0.0
20180120:0310,0.0,0.0,3.34,3.93,0.0
20180120:0410,0.0,0.0,3.6,4.07,0.0
20180120:0510,0.0,0.0,3.92,4.07,0.0
20180120:0610,0.0,0.0,4.2,4.14,0.0
20180120:0710,0.0,0.0,4.97,4.55,0.0
20180120:0810,47.6,4.11,5.19,5.03,0.0
20180120:0910,131.85,11.26,5.28,5.45,0.0
20180120:1010,103.72,16.75,5.23,5.66,0.0
20180120:1110,61.45,20.1,5.59,4.97,0.0
20180120:1210,124.92,20.98,6.58,4.0,0.0
20180120:1310,198.13,19.29,8.79,5.24,0.0
20180120:1410,74.68,15.22,10.31,6.69,0.0
20180120:1510,46.26,9.16,10.35,6.97,0.0
20180120:1610,0.0,0.0,10.05,6.97,0.0
20180120:1710,0.0,0.0,9.89,5.93,0.0
20180120:1810,0.0,0.0,9.88,4.34,0.0
20180120:1910,0.0,0.0,9.7,4.48,0.0
20180120:2010,0.0,0.0,9.76,6.55,0.0
20180120:2110,0.0,0.0,9.32,7.45,0.0
20180120:2210,0.0,0.0,8.87,6.83,0.0
20180120:2310,0.0,0.0,8.29,5.79,0.0
20180121:0010,0.0,0.0,7.75,4.62,0.0
20180121:0110,0.0,0.0,7.23,4.07,0.0
20180121:0210,0.0,0.0,6.62,3.52,0.0
20180121:0310,0.0,0.0,6.15,2.76,0.0
20180121:0410,0.0,0.0,5.84,2.14,0.0
20180121:0510,0.0,0.0,5.69,1.45,0.0
20180121:0610,0.0,0.0,5.4,1.17,0.0
20180121:0710,0.0,0.0,5.55,0.48,0.0
20180121:0810,7.34,4.25,5.05,0.97,0.0
20180121:0910,94.87,11.43,5.72,1.17,0.0
20180121:1010,57.78,16.93,5.94,2.34,0.0
20180121:1110,76.13,20.3,6.27,3.1,0.0
20180121:1210,87.13,21.2,6.34,2.76,0.0
20180121:1310,44.94,19.52,6.32,2.62,0.0
20180121:1410,23.85,15.45,6.1,3.31,0.0
20180121:1510,89.16,9.38,6.01,3.86,0.0
20180121:1610,1.72,1.78,6.12,3.93,0.0
20180121:1710,0.0,0.0,6.57,3.66,0.0
20180121:1810,0.0,0.0,7.72,3.03,0.0
20180121:1910,0.0,0.0,8.86,2.76,0.0
20180121:2010,0.0,0.0,10.44,4.69,0.0
20180121:2110,0.0,0.0,10.99,5.72,0.0
20180121:2210,0.0,0.0,11.04,6.28,0.0
20180121:2310,0.0,0.0,11.03,6.34,0.0
20180122:0010,0.0,0.0,11.14,6.07,0.0
20180122:0110,0.0,0.0,11.26,5.59,0.0
20180122:0210,0.0,0.0,11.35,5.31,0.0
20180122:0310,0.0,0.0,11.45,5.03,0.0
20180122:0410,0.0,0.0,11.47,4.48,0.0
20180122:0510,0.0,0.0,11.47,4.28,0.0
20180122:0610,0.0,0.0,11.39,4.0,0.0
20180122:0710,0.0,0.0,10.86,3.93,0.0
20180122:0810,3.67,4.4,11.07,4.21,0.0
20180122:0910,123.61,11.6,11.32,4.76,0.0
20180122:1010,59.62,17.12,11.46,5.45,0.0
20180122:1110,94.47,20.52,11.38,6.21,0.0
20180122:1210,216.52,21.43,11.7,6.76,0.0
20180122:1310,191.82,19.75,11.61,5.66,0.0
20180122:1410,286.99,15.68,10.41,5.79,0.0
20180122:1510,311.59,9.61,9.86,4.62,0.0
20180122:1610,1.72,2.0,9.59,4.0,0.0
20180122:1710,0.0,0.0,8.83,3.52,0.0
20180122:1810,0.0,0.0,8.18,3.52,0.0
20180122:1910,0.0,0.0,7.75,3.52,0.0
20180122:2010,0.0,0.0,7.36,3.17,0.0
20180122:2110,0.0,0.0,6.91,2.97,0.0
20180122:2210,0.0,0.0,6.95,2.55,0.0
20180122:2310,0.0,0.0,6.87,2.21,0.0
20180123:0010,0.0,0.0,6.92,2.34,0.0
20180123:0110,0.0,0.0,6.78,2.34,0.0
20180123:0210,0.0,0.0,6.9,2.55,0.0
20180123:0310,0.0,0.0,6.55,2.97,0.0
20180123:0410,0.0,0.0,6.59,3.17,0.0
20180123:0510,0.0,0.0,6.55,2.97,0.0
20180123:0610,0.0,0.0,6.44,2.83,0.0
20180123:0710,0.0,0.0,5.62,2.83,0.0
20180123:0810,155.67,4.56,5.14,3.17,0.0
20180123:0910,403.25,11.78,5.94,4.0,0.0
20180123:1010,143.49,17.32,6.84,4.69,0.0
20180123:1110,52.28,20.73,7.73,5.03,0.0
20180123:1210,56.86,21.66,8.3,4.83,0.0
20180123:1310,88.97,19.99,8.75,4.69,0.0
20180123:1410,99.2,15.92,9.13,4.21,0.0
20180123:1510,164.27,9.84,9.68,4.34,0.0
20180123:1610,0.86,2.23,10.15,4.41,0.0
20180123:1710,0.0,0.0,10.36,4.48,0.0
20180123:1810,0.0,0.0,10.7,4.83,0.0
20180123:1910,0.0,0.0,11.05,5.1,0.0
20180123:2010,0.0,0.0,11.17,5.03,0.0
20180123:2110,0.0,0.0,11.32,5.03,0.0
20180123:2210,0.0,0.0,11.37,4.9,0.0
20180123:2310,0.0,0.0,11.24,4.69,0.0
20180124:0010,0.0,0.0,11.21,4.69,0.0
20180124:0110,0.0,0.0,11.2,4.69,0.0
20180124:0210,0.0,0.0,11.19,4.83,0.0
20180124:0310,0.0,0.0,11.24,5.03,0.0
20180124:0410,0.0,0.0,11.35,5.38,0.0
20180124:0510,0.0,0.0,11.51,5.59,0.0
20180124:0610,0.0,0.0,11.57,5.66,0.0
20180124:0710,0.0,0.0,11.52,5.52,0.0
20180124:0810,41.42,4.72,11.52,5.66,0.0
20180124:0910,149.99,11.96,11.7,5.72,0.0
20180124:1010,118.59,17.53,11.85,5.93,0.0
20180124:1110,275.67,20.96,12.06,5.72,0.0
20180124:1210,248.61,21.9,12.68,6.55,0.0
20180124:1310,95.39,20.24,13.19,6.76,0.0
20180124:1410,170.23,16.17,13.07,6.21,0.0
20180124:1510,106.66,10.08,12.9,6.41,0.0
20180124:1610,2.58,2.46,12.34,6.34,0.0
20180124:1710,0.0,0.0,11.92,6.41,0.0
20180124:1810,0.0,0.0,11.54,6.55,0.0
20180124:1910,0.0,0.0,10.9,6.76,0.0
20180124:2010,0.0,0.0,10.83,6.9,0.0
20180124:2110,0.0,0.0,10.94,6.97,0.0
20180124:2210,0.0,0.0,11.16,7.17,0.0
20180124:2310,0.0,0.0,11.13,6.97,0.0
20180125:0010,0.0,0.0,10.95,6.62,0.0
20180125:0110,0.0,0.0,10.78,6.21,0.0
20180125:0210,0.0,0.0,10.42,5.79,0.0
20180125:0310,0.0,0.0,9.98,4.97,0.0
20180125:0410,0.0,0.0,9.78,4.21,0.0
20180125:0510,0.0,0.0,9.39,3.79,0.0
20180125:0610,0.0,0.0,9.16,3.79,0.0
20180125:0710,0.0,0.0,9.08,3.31,0.0
20180125:0810,18.34,4.89,8.94,3.1,0.0
20180125:0910,53.2,12.15,9.01,3.1,0.0
20180125:1010,108.79,17.74,9.4,3.1,0.0
20180125:1110,60.53,21.19,9.39,3.1,0.0
20180125:1210,66.95,22.15,9.06,2.9,0.0
20180125:1310,123.91,20.49,8.64,2.76,0.0
20180125:1410,63.29,16.42,8.39,2.41,0.0
20180125:1510,42.19,10.32,8.25,2.14,0.0
20180125:1610,2.58,2.69,8.0,1.79,0.0
20180125:1710,0.0,0.0,7.47,1.93,0.0
20180125:1810,0.0,0.0,7.19,2.14,0.0
20180125:1910,0.0,0.0,6.85,2.69,0.0
20180125:2010,0.0,0.0,6.53,2.9,0.0
20180125:2110,0.0,0.0,6.37,3.24,0.0
20180125:2210,0.0,0.0,6.39,2.97,0.0
20180125:2310,0.0,0.0,6.19,2.55,0.0
20180126:0010,0.0,0.0,5.79,2.34,0.0
20180126:0110,0.0,0.0,5.25,2.34,0.0
20180126:0210,0.0,0.0,4.68,2.28,0.0
20180126:0310,0.0,0.0,4.37,2.21,0.0
20180126:0410,0.0,0.0,4.04,2.14,0.0
20180126:0510,0.0,0.0,3.66,2.0,0.0
20180126:0610,0.0,0.0,3.14,1.93,0.0
20180126:0710,0.0,0.0,2.63,2.0,0.0
20180126:0810,85.45,5.06,2.8,1.86,0.0
20180126:0910,132.06,12.35,3.93,1.59,0.0
20180126:1010,449.18,17.96,5.45,1.93,0.0
20180126:1110,131.09,21.43,6.82,2.48,0.0
20180126:1210,434.41,22.4,7.69,2.41,0.0
20180126:1310,96.3,20.75,8.49,2.07,0.0
20180126:1410,82.72,16.67,8.78,1.66,0.0
20180126:1510,70.78,10.57,8.83,1.38,0.0
20180126:1610,2.58,2.93,8.46,0.9,0.0
20180126:1710,0.0,0.0,7.91,0.41,0.0
20180126:1810,0.0,0.0,7.49,0.41,0.0
20180126:1910,0.0,0.0,4.79,1.79,0.0
20180126:2010,0.0,0.0,4.07,2.0,0.0
20180126:2110,0.0,0.0,3.65,2.14,0.0
20180126:2210,0.0,0.0,3.44,2.14,0.0
20180126:2310,0.0,0.0,3.31,2.07,0.0
20180127:0010,0.0,0.0,3.06,1.79,0.0
20180127:0110,0.0,0.0,2.78,1.72,0.0
20180127:0210,0.0,0.0,2.48,1.86,0.0
20180127:0310,0.0,0.0,2.93,1.38,0.0
20180127:0410,0.0,0.0,3.41,0.97,0.0
20180127:0510,0.0,0.0,3.57,1.1,0.0
20180127:0610,0.0,0.0,3.74,1.31,0.0
20180127:0710,0.0,0.0,2.27,0.62,0.0
20180127:0810,15.59,5.24,2.18,0.62,0.0
20180127:0910,68.46,12.55,2.92,0.76,0.0
20180127:1010,62.37,18.18,3.86,1.17,0.0
20180127:1110,66.04,21.67,5.11,1.45,0.0
20180127:1210,69.71,22.65,6.13,2.07,0.0
20180127:1310,90.8,21.01,6.96,2.69,0.0
20180127:1410,58.7,16.93,7.35,3.1,0.0
20180127:1510,34.85,10.82,7.29,3.24,0.0
20180127:1610,2.58,3.16,6.98,3.03,0.0
20180127:1710,0.0,0.0,6.33,3.03,0.0
20180127:1810,0.0,0.0,6.09,3.24,0.0
20180127:1910,0.0,0.0,5.15,3.86,0.0
20180127:2010,0.0,0.0,4.84,4.34,0.0
20180127:2110,0.0,0.0,4.98,4.62,0.0
20180127:2210,0.0,0.0,5.15,4.69,0.0
20180127:2310,0.0,0.0,5.43,4.76,0.0
20180128:0010,0.0,0.0,5.78,4.69,0.0
20180128:0110,0.0,0.0,6.09,4.55,0.0
20180128:0210,0.0,0.0,6.44,4.34,0.0
20180128:0310,0.0,0.0,6.76,4.07,0.0
20180128:0410,0.0,0.0,7.09,3.86,0.0
20180128:0510,0.0,0.0,7.4,3.66,0.0
20180128:0610,0.0,0.0,7.65,3.52,0.0
20180128:0710,0.0,0.0,7.61,3.59,0.0
20180128:0810,28.96,5.43,7.87,3.59,0.0
20180128:0910,45.86,12.76,8.32,3.66,0.0
20180128:1010,152.22,18.41,8.92,3.17,0.0
20180128:1110,110.85,21.92,10.02,4.83,0.0
20180128:1210,98.14,22.92,10.41,4.48,0.0
20180128:1310,71.54,21.27,11.19,4.41,0.0
20180128:1410,55.95,17.19,11.39,3.31,0.0
20180128:1510,48.61,11.07,11.32,2.97,0.0
20180128:1610,4.29,3.41,11.06,2.9,0.0
20180128:1710,0.0,0.0,10.61,3.03,0.0
20180128:1810,0.0,0.0,10.4,3.24,0.0
20180128:1910,0.0,0.0,9.92,3.17,0.0
20180128:2010,0.0,0.0,9.86,3.24,0.0
20180128:2110,0.0,0.0,9.76,3.17,0.0
20180128:2210,0.0,0.0,9.72,3.17,0.0
20180128:2310,0.0,0.0,9.69,3.17,0.0
20180129:0010,0.0,0.0,9.53,3.24,0.0
20180129:0110,0.0,0.0,9.49,3.31,0.0
20180129:0210,0.0,0.0,9.2,3.1,0.0
20180129:0310,0.0,0.0,9.14,2.97,0.0
20180129:0410,0.0,0.0,9.33,2.97,0.0
20180129:0510,0.0,0.0,9.38,2.9,0.0
20180129:0610,0.0,0.0,9.38,2.83,0.0
20180129:0710,0.0,0.0,9.7,2.97,0.0
20180129:0810,11.92,5.62,9.65,3.24,0.0
20180129:0910,75.3,12.97,9.76,3.59,0.0
20180129:1010,134.65,18.65,9.88,4.34,0.0
20180129:1110,151.85,22.18,10.1,4.41,0.0
20180129:1210,70.62,23.18,10.43,3.66,0.0
20180129:1310,51.36,21.54,10.78,4.34,0.0
20180129:1410,100.22,17.45,10.84,4.28,0.0
20180129:1510,65.64,11.33,10.81,3.93,0.0
20180129:1610,6.01,3.65,10.52,3.72,0.0
20180129:1710,0.0,0.0,10.22,3.45,0.0
20180129:1810,0.0,0.0,9.89,3.38,0.0
20180129:1910,0.0,0.0,9.46,3.38,0.0
20180129:2010,0.0,0.0,9.56,3.45,0.0
20180129:2110,0.0,0.0,9.55,3.38,0.0
20180129:2210,0.0,0.0,9.52,3.24,0.0
20180129:2310,0.0,0.0,9.48,3.1,0.0
20180130:0010,0.0,0.0,9.39,2.9,0.0
20180130:0110,0.0,0.0,9.43,2.62,0.0
20180130:0210,0.0,0.0,9.35,2.28,0.0
20180130:0310,0.0,0.0,9.29,1.93,0.0
20180130:0410,0.0,0.0,9.16,1.59,0.0
20180130:0510,0.0,0.0,8.92,1.31,0.0
20180130:0610,0.0,0.0,8.76,1.1,0.0
20180130:0710,0.0,0.0,8.49,1.31,0.0
20180130:0810,58.81,5.82,8.46,1.45,0.0
20180130:0910,90.07,13.19,8.93,1.45,0.0
20180130:1010,138.16,18.89,9.47,1.86,0.0
20180130:1110,84.38,22.44,9.93,2.34,0.0
20180130:1210,155.26,23.46,9.91,2.34,0.0
20180130:1310,81.63,21.82,10.08,2.76,0.0
20180130:1410,89.01,17.72,10.48,3.38,0.0
20180130:1510,50.44,11.59,10.57,2.76,0.0
20180130:1610,8.59,3.9,10.31,2.62,0.0
20180130:1710,0.0,0.0,9.39,2.83,0.0
20180130:1810,0.0,0.0,9.39,3.38,0.0
20180130:1910,0.0,0.0,9.62,3.66,0.0
20180130:2010,0.0,0.0,9.58,3.93,0.0
20180130:2110,0.0,0.0,9.56,3.93,0.0
20180130:2210,0.0,0.0,9.5,3.86,0.0
20180130:2310,0.0,0.0,9.38,3.86,0.0
20180131:0010,0.0,0.0,9.34,3.93,0.0
20180131:0110,0.0,0.0,9.23,4.14,0.0
20180131:0210,0.0,0.0,9.19,4.34,0.0
20180131:0310,0.0,0.0,9.08,4.69,0.0
20180131:0410,0.0,0.0,8.74,5.17,0.0
20180131:0510,0.0,0.0,8.38,5.45,0.0
20180131:0610,0.0,0.0,8.12,5.66,0.0
20180131:0710,0.0,0.0,7.81,6.07,0.0
20180131:0810,18.34,6.03,7.82,6.34,0.0
20180131:0910,26.6,13.42,8.11,6.55,0.0
20180131:1010,67.87,19.14,8.49,6.97,0.0
20180131:1110,89.88,22.7,8.63,7.17,0.0
20180131:1210,66.04,23.73,8.58,7.31,0.0
20180131:1310,67.87,22.1,8.86,7.31,0.0
20180131:1410,68.79,18.0,9.0,7.17,0.0
20180131:1510,45.86,11.85,8.89,6.76,0.0
20180131:1610,8.59,4.15,8.92,6.76,0.0
20180131:1710,0.0,0.0,8.31,6.14,0.0
20180131:1810,0.0,0.0,7.45,5.59,0.0
20180131:1910,0.0,0.0,7.34,4.0,0.0
20180131:2010,0.0,0.0,6.65,4.55,0.0
20180131:2110,0.0,0.0,5.8,5.1,0.0
20180131:2210,0.0,0.0,5.14,4.14,0.0
20180131:2310,0.0,0.0,4.31,3.93,0.0
20180201:0010,0.0,0.0,3.68,3.72,0.0
20180201:0110,0.0,0.0,3.15,3.52,0.0
20180201:0210,0.0,0.0,2.67,3.52,0.0
20180201:0310,0.0,0.0,2.39,3.59,0.0
20180201:0410,0.0,0.0,2.12,3.59,0.0
20180201:0510,0.0,0.0,1.91,3.72,0.0
20180201:0610,0.0,0.0,1.82,4.0,0.0
20180201:0710,0.0,0.0,1.96,4.34,0.0
20180201:0810,6.42,6.24,2.31,4.34,0.0
20180201:0910,78.69,13.65,3.33,4.14,0.0
20180201:1010,428.54,19.39,4.5,4.34,0.0
20180201:1110,242.18,22.98,6.04,4.83,0.0
20180201:1210,323.11,24.02,6.48,4.9,0.0
20180201:1310,231.8,22.38,6.97,5.03,0.0
20180201:1410,569.38,18.27,7.15,5.03,0.0
20180201:1510,23.85,12.11,6.95,4.55,0.0
20180201:1610,5.15,4.4,6.28,3.24,0.0
20180201:1710,0.0,0.0,5.06,2.76,0.0
20180201:1810,0.0,0.0,4.09,2.62,0.0
20180201:1910,0.0,0.0,3.37,2.9,0.0
20180201:2010,0.0,0.0,2.61,2.9,0.0
20180201:2110,0.0,0.0,2.14,2.97,0.0
20180201:2210,0.0,0.0,1.77,2.9,0.0
20180201:2310,0.0,0.0,1.37,2.83,0.0
20180202:0010,0.0,0.0,1.14,2.83,0.0
20180202:0110,0.0,0.0,1.24,2.76,0.0
20180202:0210,0.0,0.0,1.71,2.69,0.0
20180202:0310,0.0,0.0,1.87,2.55,0.0
20180202:0410,0.0,0.0,1.82,2.55,0.0
20180202:0510,0.0,0.0,1.81,2.69,0.0
20180202:0610,0.0,0.0,1.52,2.83,0.0
20180202:0710,0.0,0.0,1.03,2.9,0.0
20180202:0810,80.98,6.46,1.3,2.9,0.0
20180202:0910,197.85,13.88,2.94,2.83,0.0
20180202:1010,418.87,19.65,4.63,4.28,0.0
20180202:1110,273.99,23.25,5.58,5.03,0.0
20180202:1210,152.31,24.3,5.66,4.48,0.0
20180202:1310,118.11,22.67,6.29,3.86,0.0
20180202:1410,136.1,18.55,6.67,3.59,0.0
20180202:1510,43.11,12.38,5.37,3.24,0.0
20180202:1610,18.03,4.66,4.81,3.66,0.0
20180202:1710,0.0,0.0,4.14,3.03,0.0
20180202:1810,0.0,0.0,3.41,2.97,0.0
20180202:1910,0.0,0.0,3.41,3.03,0.0
20180202:2010,0.0,0.0,2.71,2.97,0.0
20180202:2110,0.0,0.0,2.28,2.83,0.0
20180202:2210,0.0,0.0,1.85,2.69,0.0
20180202:2310,0.0,0.0,1.32,2.48,0.0
20180203:0010,0.0,0.0,1.09,2.48,0.0
20180203:0110,0.0,0.0,0.81,2.62,0.0
20180203:0210,0.0,0.0,1.06,2.48,0.0
20180203:0310,0.0,0.0,1.03,2.28,0.0
20180203:0410,0.0,0.0,0.86,2.0,0.0
20180203:0510,0.0,0.0,0.26,1.93,0.0
20180203:0610,0.0,0.0,-0.1,1.86,0.0
20180203:0710,0.0,0.0,-0.89,1.59,0.0
20180203:0810,141.09,6.68,-0.6,1.38,0.0
20180203:0910,46.78,14.13,1.56,1.45,0.0
20180203:1010,98.92,19.91,3.04,1.86,0.0
20180203:1110,121.73,23.54,4.22,2.21,0.0
20180203:1210,209.06,24.6,5.2,2.48,0.0
20180203:1310,91.72,22.96,5.58,2.55,0.0
20180203:1410,42.19,18.84,5.6,2.69,0.0
20180203:1510,137.08,12.65,5.22,2.76,0.0
20180203:1610,22.33,4.91,5.02,2.28,0.0
20180203:1710,0.0,0.0,4.38,1.86,0.0
20180203:1810,0.0,0.0,4.0,1.66,0.0
20180203:1910,0.0,0.0,3.96,1.79,0.0
20180203:2010,0.0,0.0,3.99,1.79,0.0
20180203:2110,0.0,0.0,4.02,1.66,0.0
20180203:2210,0.0,0.0,4.06,1.59,0.0
20180203:2310,0.0,0.0,4.04,1.38,0.0
20180204:0010,0.0,0.0,3.97,1.17,0.0
20180204:0110,0.0,0.0,3.85,1.24,0.0
20180204:0210,0.0,0.0,3.79,1.38,0.0
20180204:0310,0.0,0.0,3.6,1.79,0.0
20180204:0410,0.0,0.0,3.21,2.28,0.0
20180204:0510,0.0,0.0,2.69,2.28,0.0
20180204:0610,0.0,0.0,2.14,2.55,0.0
20180204:0710,0.0,0.0,1.6,3.52,0.0
20180204:0810,37.29,6.91,1.58,3.79,0.0
20180204:0910,43.11,14.38,2.04,6.14,0.0
20180204:1010,46.78,20.18,2.37,6.34,0.0
20180204:1110,60.53,23.82,2.44,5.38,0.0
20180204:1210,162.01,24.89,2.95,5.31,0.0
20180204:1310,112.81,23.26,3.55,5.59,0.0
20180204:1410,489.09,19.13,3.74,5.86,0.0
20180204:1510,324.02,12.93,3.74,5.86,0.0
20180204:1610,143.9,5.17,3.26,4.9,0.0
20180204:1710,0.0,0.0,2.36,4.28,0.0
20180204:1810,0.0,0.0,1.77,3.93,0.0
20180204:1910,0.0,0.0,1.07,4.0,0.0
20180204:2010,0.0,0.0,0.63,4.14,0.0
20180204:2110,0.0,0.0,0.2,4.21,0.0
20180204:2210,0.0,0.0,-0.27,4.07,0.0
20180204:2310,0.0,0.0,-0.56,3.93,0.0
20180205:0010,0.0,0.0,-0.78,3.79,0.0
20180205:0110,0.0,0.0,-1.17,3.52,0.0
20180205:0210,0.0,0.0,-1.67,3.31,0.0
20180205:0310,0.0,0.0,-1.91,3.24,0.0
20180205:0410,0.0,0.0,-2.45,3.24,0.0
20180205:0510,0.0,0.0,-2.67,3.24,0.0
20180205:0610,0.0,0.0,-2.63,3.24,0.0
20180205:0710,0.0,0.0,-2.64,3.31,0.0
20180205:0810,174.98,7.14,-2.4,3.03,0.0
20180205:0910,49.53,14.63,-1.2,3.72,0.0
20180205:1010,73.37,20.46,0.47,4.14,0.0
20180205:1110,48.61,24.12,1.81,4.34,0.0
20180205:1210,33.94,25.2,2.99,4.48,0.0
20180205:1310,96.3,23.56,3.89,4.83,0.0
20180205:1410,38.52,19.42,4.18,4.83,0.0
20180205:1510,33.02,13.2,4.61,4.69,0.0
20180205:1610,10.09,5.43,4.56,4.14,0.0
20180205:1710,0.0,0.0,3.81,4.0,0.0
20180205:1810,0.0,0.0,3.34,4.21,0.0
20180205:1910,0.0,0.0,2.22,3.24,0.0
20180205:2010,0.0,0.0,1.8,3.38,0.0
20180205:2110,0.0,0.0,1.5,3.52,0.0
20180205:2210,0.0,0.0,1.32,3.66,0.0
20180205:2310,0.0,0.0,1.22,3.72,0.0
20180206:0010,0.0,0.0,1.17,3.66,0.0
20180206:0110,0.0,0.0,1.02,3.66,0.0
20180206:0210,0.0,0.0,0.9,3.59,0.0
20180206:0310,0.0,0.0,0.74,3.66,0.0
20180206:0410,0.0,0.0,0.63,3.52,0.0
20180206:0510,0.0,0.0,0.55,3.31,0.0
20180206:0610,0.0,0.0,0.44,3.31,0.0
20180206:0710,0.0,0.0,-0.08,2.69,0.0
20180206:0810,45.72,7.38,-0.05,2.76,0.0
20180206:0910,56.86,14.89,0.26,3.52,0.0
20180206:1010,66.95,20.74,0.66,3.45,0.0
20180206:1110,73.37,24.41,0.88,3.66,0.0
20180206:1210,76.13,25.5,1.0,3.93,0.0
20180206:1310,112.81,23.87,1.08,4.07,0.0
20180206:1410,77.96,19.71,0.99,3.93,0.0
20180206:1510,93.21,13.48,0.87,3.79,0.0
20180206:1610,47.69,5.7,0.35,3.59,0.0
20180206:1710,0.0,0.0,0.09,3.31,0.0
20180206:1810,0.0,0.0,-0.02,3.52,0.0
20180206:1910,0.0,0.0,-0.32,4.14,0.0
20180206:2010,0.0,0.0,-0.44,4.34,0.0
20180206:2110,0.0,0.0,-0.58,4.41,0.0
20180206:2210,0.0,0.0,-0.66,4.34,0.0
20180206:2310,0.0,0.0,-0.76,4.21,0.0
20180207:0010,0.0,0.0,-0.87,4.14,0.0
20180207:0110,0.0,0.0,-0.99,4.07,0.0
20180207:0210,0.0,0.0,-1.09,4.07,0.0
20180207:0310,0.0,0.0,-1.21,4.14,0.0
20180207:0410,0.0,0.0,-1.35,4.41,0.0
20180207:0510,0.0,0.0,-1.55,4.69,0.0
20180207:0610,0.0,0.0,-1.76,4.76,0.0
20180207:0710,0.0,0.0,-1.8,4.41,0.0
20180207:0810,27.52,7.62,-1.82,4.28,0.0
20180207:0910,56.86,15.15,-1.71,3.93,0.0
20180207:1010,56.86,21.02,-1.44,3.86,0.0
20180207:1110,130.82,24.72,-1.1,4.14,0.0
20180207:1210,153.99,25.81,-0.82,3.93,0.0
20180207:1310,96.3,24.18,-0.31,3.59,0.0
20180207:1410,83.46,20.01,0.03,3.59,0.0
20180207:1510,55.95,13.76,0.18,3.03,0.0
20180207:1610,39.39,5.96,-0.01,2.69,0.0
20180207:1710,0.0,0.0,-0.7,2.48,0.0
20180207:1810,0.0,0.0,-1.71,2.48,0.0
20180207:1910,0.0,0.0,-2.75,2.62,0.0
20180207:2010,0.0,0.0,-3.34,2.62,0.0
20180207:2110,0.0,0.0,-4.38,2.69,0.0
20180207:2210,0.0,0.0,-5.59,2.69,0.0
20180207:2310,0.0,0.0,-6.89,2.55,0.0
20180208:0010,0.0,0.0,-8.27,2.41,0.0
20180208:0110,0.0,0.0,-8.6,2.21,0.0
20180208:0210,0.0,0.0,-8.36,2.0,0.0
20180208:0310,0.0,0.0,-8.33,1.86,0.0
20180208:0410,0.0,0.0,-8.93,1.93,0.0
20180208:0510,0.0,0.0,-8.85,1.93,0.0
20180208:0610,0.0,0.0,-7.93,1.72,0.0
20180208:0710,0.0,0.0,-6.41,1.45,0.0
20180208:0810,100.97,7.87,-5.73,1.03,0.0
20180208:0910,368.87,15.42,-4.62,0.69,0.0
20180208:1010,283.08,21.32,-2.8,0.55,0.0
20180208:1110,521.11,25.02,-1.14,0.41,0.0
20180208:1210,464.31,26.13,0.17,0.28,0.0
20180208:1310,573.87,24.49,0.96,0.41,0.0
20180208:1410,662.8,20.31,1.76,0.34,0.0
20180208:1510,502.58,14.05,2.06,0.07,0.0
20180208:1610,234.06,6.23,0.36,0.97,0.0
20180208:1710,0.0,0.0,-1.01,1.93,0.0
20180208:1810,0.0,0.0,-2.3,2.07,0.0
20180208:1910,0.0,0.0,-4.61,2.14,0.0
20180208:2010,0.0,0.0,-5.9,2.21,0.0
20180208:2110,0.0,0.0,-7.12,2.41,0.0
20180208:2210,0.0,0.0,-8.31,2.69,0.0
20180208:2310,0.0,0.0,-8.94,2.76,0.0
20180209:0010,0.0,0.0,-9.04,2.69,0.0
20180209:0110,0.0,0.0,-9.35,2.76,0.0
20180209:0210,0.0,0.0,-9.36,2.76,0.0
20180209:0310,0.0,0.0,-9.23,2.9,0.0
20180209:0410,0.0,0.0,-8.37,3.1,0.0
20180209:0510,0.0,0.0,-6.94,3.38,0.0
20180209:0610,0.0,0.0,-5.3,3.66,0.0
20180209:0710,0.0,0.0,-4.41,3.79,0.0
20180209:0810,64.72,8.13,-3.41,3.93,0.0
20180209:0910,72.46,15.7,-2.0,3.86,0.0
20180209:1010,70.62,21.61,-0.99,3.66,0.0
20180209:1110,161.56,25.34,-0.18,3.93,0.0
20180209:1210,81.63,26.45,0.28,3.79,0.0
20180209:1310,74.29,24.8,0.8,4.69,0.0
20180209:1410,65.12,20.61,1.07,3.03,0.0
20180209:1510,70.69,14.33,1.53,2.9,0.0
20180209:1610,86.09,6.5,1.86,2.69,0.0
20180209:1710,0.0,0.0,1.71,3.1,0.0
20180209:1810,0.0,0.0,1.3,3.52,0.0
20180209:1910,0.0,0.0,0.68,3.1,0.0
20180209:2010,0.0,0.0,0.12,3.03,0.0
20180209:2110,0.0,0.0,-0.43,3.24,0.0
20180209:2210,0.0,0.0,-0.61,3.59,0.0
20180209:2310,0.0,0.0,-0.01,3.72,0.0
20180210:0010,0.0,0.0,0.16,3.66,0.0
20180210:0110,0.0,0.0,-0.22,3.24,0.0
20180210:0210,0.0,0.0,-0.88,3.1,0.0
20180210:0310,0.0,0.0,-1.35,3.17,0.0
20180210:0410,0.0,0.0,-1.79,2.97,0.0
20180210:0510,0.0,0.0,-2.12,2.69,0.0
20180210:0610,0.0,0.0,-2.62,2.48,0.0
20180210:0710,0.0,0.0,-3.43,2.48,0.0
20180210:0810,289.05,8.39,-4.02,2.28,0.0
20180210:0910,529.53,15.98,-3.88,1.86,0.0
20180210:1010,663.79,21.91,-2.5,2.0,0.0
20180210:1110,712.62,25.65,-0.18,2.28,0.0
20180210:1210,662.63,26.77,1.7,2.55,0.0
20180210:1310,627.98,25.12,2.21,2.83,0.0
20180210:1410,574.39,20.92,2.35,3.03,0.0
20180210:1510,514.72,14.62,2.13,3.38,0.0
20180210:1610,147.44,6.77,1.78,3.45,0.0
20180210:1710,0.0,0.0,1.57,3.66,0.0
20180210:1810,0.0,0.0,1.69,4.07,0.0
20180210:1910,0.0,0.0,2.23,4.48,0.0
20180210:2010,0.0,0.0,2.44,5.1,0.0
20180210:2110,0.0,0.0,2.56,5.59,0.0
20180210:2210,0.0,0.0,2.72,6.0,0.0
20180210:2310,0.0,0.0,2.92,6.34,0.0
20180211:0010,0.0,0.0,3.09,6.07,0.0
20180211:0110,0.0,0.0,3.03,6.0,0.0
20180211:0210,0.0,0.0,3.33,6.0,0.0
20180211:0310,0.0,0.0,3.76,5.79,0.0
20180211:0410,0.0,0.0,4.15,5.38,0.0
20180211:0510,0.0,0.0,4.77,4.83,0.0
20180211:0610,0.0,0.0,5.62,4.14,0.0
20180211:0710,0.0,0.0,5.69,4.0,0.0
20180211:0810,275.8,8.65,5.75,4.0,0.0
20180211:0910,422.72,16.26,5.89,4.21,0.0
20180211:1010,243.03,22.22,6.48,4.48,0.0
20180211:1110,413.46,25.97,5.82,4.76,0.0
20180211:1210,291.21,27.1,6.72,4.62,0.0
20180211:1310,199.3,25.44,6.96,4.97,0.0
20180211:1410,303.47,21.22,7.19,4.9,0.0
20180211:1510,46.78,14.91,6.82,3.93,0.0
20180211:1610,76.34,7.04,5.82,4.21,0.0
20180211:1710,0.0,0.0,4.14,3.66,0.0
20180211:1810,0.0,0.0,3.33,3.24,0.0
20180211:1910,0.0,0.0,2.8,3.79,0.0
20180211:2010,0.0,0.0,2.64,3.86,0.0
20180211:2110,0.0,0.0,2.11,3.66,0.0
20180211:2210,0.0,0.0,1.51,3.66,0.0
20180211:2310,0.0,0.0,0.86,3.66,0.0
20180212:0010,0.0,0.0,0.34,3.59,0.0
20180212:0110,0.0,0.0,-0.07,3.45,0.0
20180212:0210,0.0,0.0,-0.51,3.38,0.0
20180212:0310,0.0,0.0,-0.8,3.31,0.0
20180212:0410,0.0,0.0,-0.98,3.24,0.0
20180212:0510,0.0,0.0,-1.18,3.1,0.0
20180212:0610,0.0,0.0,-1.42,2.9,0.0
20180212:0710,0.0,0.0,-1.69,2.69,0.0
20180212:0810,271.23,8.92,-1.22,2.48,0.0
20180212:0910,526.84,16.55,1.01,2.41,0.0
20180212:1010,716.52,22.53,3.04,2.9,0.0
20180212:1110,805.68,26.3,4.46,3.59,0.0
20180212:1210,597.02,27.43,5.31,3.59,0.0
20180212:1310,581.04,25.77,5.72,3.45,0.0
20180212:1410,359.45,21.53,6.05,3.1,0.0
20180212:1510,127.17,15.2,5.94,2.48,0.0
20180212:1610,49.95,7.31,5.51,1.72,0.0
20180212:1710,0.0,0.0,3.91,2.34,0.0
20180212:1810,0.0,0.0,2.08,2.69,0.0
20180212:1910,0.0,0.0,0.81,2.62,0.0
20180212:2010,0.0,0.0,0.03,2.55,0.0
20180212:2110,0.0,0.0,-0.5,2.48,0.0
20180212:2210,0.0,0.0,-0.88,2.55,0.0
20180212:2310,0.0,0.0,-1.07,2.69,0.0
20180213:0010,0.0,0.0,-1.17,2.83,0.0
20180213:0110,0.0,0.0,-1.24,3.03,0.0
20180213:0210,0.0,0.0,-1.41,3.17,0.0
20180213:0310,0.0,0.0,-1.52,3.31,0.0
20180213:0410,0.0,0.0,-1.59,3.52,0.0
20180213:0510,0.0,0.0,-1.63,3.72,0.0
20180213:0610,0.0,0.0,-1.63,3.86,0.0
20180213:0710,0.0,0.0,-0.99,4.55,0.0
20180213:0810,206.15,9.2,-0.34,4.97,0.0
20180213:0910,180.9,16.84,1.08,4.62,0.0
20180213:1010,253.84,22.84,2.57,5.52,0.0
20180213:1110,165.2,26.63,3.97,6.41,0.0
20180213:1210,229.87,27.77,4.78,6.76,0.0
20180213:1310,213.73,26.1,4.63,6.55,0.0
20180213:1410,203.37,21.85,3.94,6.0,0.0
20180213:1510,100.75,15.49,2.97,5.93,0.0
20180213:1610,15.59,7.59,2.21,5.45,0.0
20180213:1710,0.0,0.0,1.71,5.17,0.0
20180213:1810,0.0,0.0,1.3,4.41,0.0
20180213:1910,0.0,0.0,1.26,3.79,0.0
20180213:2010,0.0,0.0,1.12,3.38,0.0
20180213:2110,0.0,0.0,0.89,3.03,0.0
20180213:2210,0.0,0.0,0.68,2.62,0.0
20180213:2310,0.0,0.0,0.42,2.34,0.0
20180214:0010,0.0,0.0,0.51,2.14,0.0
20180214:0110,0.0,0.0,0.45,1.86,0.0
20180214:0210,0.0,0.0,0.43,1.66,0.0
20180214:0310,0.0,0.0,0.47,1.45,0.0
20180214:0410,0.0,0.0,-0.02,1.45,0.0
20180214:0510,0.0,0.0,-0.67,1.52,0.0
20180214:0610,0.0,0.0,-1.27,1.59,0.0
20180214:0710,0.0,0.0,-1.74,2.07,0.0
20180214:0810,69.61,9.47,-1.42,2.14,0.0
20180214:0910,59.62,17.14,0.33,2.62,0.0
20180214:1010,85.3,23.16,2.75,3.1,0.0
20180214:1110,118.32,26.96,4.88,3.93,0.0
20180214:1210,143.48,28.1,6.13,5.38,0.0
20180214:1310,161.47,26.43,6.66,5.38,0.0
20180214:1410,163.24,22.16,6.88,5.66,0.0
20180214:1510,56.86,15.78,6.63,4.9,0.0
20180214:1610,52.93,7.86,6.13,4.55,0.0
20180214:1710,0.0,0.0,5.56,4.62,0.0
20180214:1810,0.0,0.0,5.19,5.1,0.0
20180214:1910,0.0,0.0,4.56,5.38,0.0
20180214:2010,0.0,0.0,4.57,5.66,0.0
20180214:2110,0.0,0.0,4.67,5.79,0.0
20180214:2210,0.0,0.0,4.8,5.66,0.0
20180214:2310,0.0,0.0,4.82,5.1,0.0
20180215:0010,0.0,0.0,4.92,4.69,0.0
20180215:0110,0.0,0.0,5.11,4.34,0.0
20180215:0210,0.0,0.0,5.43,3.79,0.0
20180215:0310,0.0,0.0,5.98,3.31,0.0
20180215:0410,0.0,0.0,6.79,3.1,0.0
20180215:0510,0.0,0.0,7.91,3.31,0.0
20180215:0610,0.0,0.0,9.21,3.86,0.0
20180215:0710,0.0,0.0,9.19,3.66,0.0
20180215:0810,31.18,9.76,9.62,3.52,0.0
20180215:0910,52.28,17.45,9.87,3.66,0.0
20180215:1010,156.89,23.48,10.2,3.66,0.0
20180215:1110,127.49,27.3,10.61,3.52,0.0
20180215:1210,83.46,28.45,10.95,3.52,0.0
20180215:1310,121.07,26.76,11.03,3.24,0.0
20180215:1410,180.71,22.48,10.69,2.9,0.0
20180215:1510,62.37,16.08,10.25,2.9,0.0
20180215:1610,21.1,8.14,9.71,2.9,0.0
20180215:1710,0.0,0.0,9.03,2.83,0.0
20180215:1810,0.0,0.0,8.33,2.41,0.0
20180215:1910,0.0,0.0,8.15,1.93,0.0
20180215:2010,0.0,0.0,7.68,2.07,0.0
20180215:2110,0.0,0.0,7.33,2.48,0.0
20180215:2210,0.0,0.0,6.94,2.62,0.0
20180215:2310,0.0,0.0,6.46,2.28,0.0
20180216:0010,0.0,0.0,5.99,1.79,0.0
20180216:0110,0.0,0.0,5.82,1.72,0.0
20180216:0210,0.0,0.0,5.43,1.93,0.0
20180216:0310,0.0,0.0,4.91,2.14,0.0
20180216:0410,0.0,0.0,3.87,2.21,0.0
20180216:0510,0.0,0.0,2.71,2.21,0.0
20180216:0610,0.0,0.0,1.69,2.14,0.0
20180216:0710,0.0,0.0,0.51,2.0,0.0
20180216:0810,340.93,10.05,0.44,1.1,0.0
20180216:0910,533.95,17.75,3.71,0.69,0.0
20180216:1010,693.69,23.81,6.03,0.55,0.0
20180216:1110,778.13,27.64,7.74,0.76,0.0
20180216:1210,727.91,28.79,8.56,1.31,0.0
20180216:1310,498.23,27.1,9.09,1.52,0.0
20180216:1410,561.56,22.79,9.31,1.79,0.0
20180216:1510,224.68,16.38,9.19,2.14,0.0
20180216:1610,243.66,8.41,8.69,2.0,0.0
20180216:1710,0.0,0.0,7.23,2.21,0.0
20180216:1810,0.0,0.0,5.57,2.34,0.0
20180216:1910,0.0,0.0,4.78,2.62,0.0
20180216:2010,0.0,0.0,4.33,2.76,0.0
20180216:2110,0.0,0.0,4.2,2.97,0.0
20180216:2210,0.0,0.0,4.32,3.03,0.0
20180216:2310,0.0,0.0,4.66,2.9,0.0
20180217:0010,0.0,0.0,4.66,2.69,0.0
20180217:0110,0.0,0.0,4.41,2.76,0.0
20180217:0210,0.0,0.0,4.15,2.55,0.0
20180217:0310,0.0,0.0,3.89,2.55,0.0
20180217:0410,0.0,0.0,3.83,2.62,0.0
20180217:0510,0.0,0.0,3.82,2.69,0.0
20180217:0610,0.0,0.0,3.78,2.69,0.0
20180217:0710,0.0,0.0,3.1,2.14,0.0
20180217:0810,140.64,10.34,3.44,1.93,0.0
20180217:0910,127.63,18.06,4.43,2.07,0.0
20180217:1010,380.31,24.14,5.36,2.14,0.0
20180217:1110,463.63,27.99,6.54,2.21,0.0
20180217:1210,264.8,29.14,7.75,2.21,0.0
20180217:1310,357.14,27.44,8.75,2.62,0.0
20180217:1410,711.68,23.11,9.25,2.62,0.0
20180217:1510,516.02,16.67,9.24,2.41,0.0
20180217:1610,270.51,8.69,8.84,1.72,0.0
20180217:1710,0.0,0.0,7.86,1.45,0.0
20180217:1810,0.0,0.0,6.45,0.83,0.0
20180217:1910,0.0,0.0,6.39,0.62,0.0
20180217:2010,0.0,0.0,3.68,1.38,0.0
20180217:2110,0.0,0.0,2.09,1.79,0.0
20180217:2210,0.0,0.0,1.95,1.79,0.0
20180217:2310,0.0,0.0,1.96,1.59,0.0
20180218:0010,0.0,0.0,1.69,1.38,0.0
20180218:0110,0.0,0.0,1.47,1.24,0.0
20180218:0210,0.0,0.0,2.39,0.55,0.0
20180218:0310,0.0,0.0,0.92,1.1,0.0
20180218:0410,0.0,0.0,-0.23,1.38,0.0
20180218:0510,0.0,0.0,-0.46,1.38,0.0
20180218:0610,0.0,0.0,-1.04,1.72,0.0
20180218:0710,1.72,1.77,-0.14,2.21,0.0
20180218:0810,149.82,10.63,1.94,2.0,0.0
20180218:0910,199.68,18.38,3.89,2.21,0.0
20180218:1010,392.78,24.47,5.44,2.48,0.0
20180218:1110,801.85,28.34,7.14,2.9,0.0
20180218:1210,886.94,29.49,8.07,3.1,0.0
20180218:1310,857.81,27.78,8.86,3.1,0.0
20180218:1410,719.92,23.44,9.2,2.83,0.0
20180218:1510,490.91,16.97,9.12,2.69,0.0
20180218:1610,266.27,8.97,8.55,2.34,0.0
20180218:1710,0.0,0.0,7.24,2.28,0.0
20180218:1810,0.0,0.0,5.83,2.41,0.0
20180218:1910,0.0,0.0,5.43,2.41,0.0
20180218:2010,0.0,0.0,5.09,2.48,0.0
20180218:2110,0.0,0.0,4.77,2.48,0.0
20180218:2210,0.0,0.0,4.2,2.41,0.0
20180218:2310,0.0,0.0,4.03,2.41,0.0
20180219:0010,0.0,0.0,3.81,2.07,0.0
20180219:0110,0.0,0.0,3.68,1.93,0.0
20180219:0210,0.0,0.0,3.48,1.93,0.0
20180219:0310,0.0,0.0,3.49,1.72,0.0
20180219:0410,0.0,0.0,3.51,1.66,0.0
20180219:0510,0.0,0.0,3.36,1.66,0.0
20180219:0610,0.0,0.0,3.47,1.66,0.0
20180219:0710,2.58,2.05,1.76,1.66,0.0
20180219:0810,185.97,10.93,2.05,1.66,0.0
20180219:0910,122.2,18.7,3.12,1.86,0.0
20180219:1010,118.32,24.81,4.32,1.72,0.0
20180219:1110,247.65,28.69,5.53,1.72,0.0
20180219:1210,202.86,29.85,6.13,1.79,0.0
20180219:1310,227.19,28.12,6.74,1.86,0.0
20180219:1410,82.55,23.76,6.97,1.93,0.0
20180219:1510,113.29,17.27,6.96,1.72,0.0
20180219:1610,66.88,9.25,6.82,1.66,0.0
20180219:1710,0.0,0.0,6.42,1.72,0.0
20180219:1810,0.0,0.0,6.1,1.93,0.0
20180219:1910,0.0,0.0,5.92,1.66,0.0
20180219:2010,0.0,0.0,5.87,1.52,0.0
20180219:2110,0.0,0.0,5.83,1.31,0.0
20180219:2210,0.0,0.0,5.77,1.17,0.0
20180219:2310,0.0,0.0,5.71,1.03,0.0
20180220:0010,0.0,0.0,5.62,1.03,0.0
20180220:0110,0.0,0.0,5.49,1.17,0.0
20180220:0210,0.0,0.0,5.32,1.31,0.0
20180220:0310,0.0,0.0,5.12,1.38,0.0
20180220:0410,0.0,0.0,4.9,1.45,0.0
20180220:0510,0.0,0.0,4.69,1.59,0.0
20180220:0610,0.0,0.0,4.47,1.72,0.0
20180220:0710,2.58,2.34,3.89,2.0,0.0
20180220:0810,84.06,11.24,3.77,1.86,0.0
20180220:0910,152.99,19.02,3.89,2.0,0.0
20180220:1010,123.25,25.15,4.09,1.66,0.0
20180220:1110,232.18,29.04,4.62,1.31,0.0
20180220:1210,404.12,30.2,5.07,1.24,0.0
20180220:1310,301.16,28.47,5.97,2.07,0.0
20180220:1410,360.92,24.08,6.17,2.34,0.0
20180220:1510,107.85,17.57,6.12,2.28,0.0
20180220:1610,36.69,9.53,5.85,1.93,0.0
20180220:1710,0.0,0.0,5.32,2.14,0.0
20180220:1810,0.0,0.0,4.61,2.83,0.0
20180220:1910,0.0,0.0,4.5,2.9,0.0
20180220:2010,0.0,0.0,4.15,2.55,0.0
20180220:2110,0.0,0.0,3.21,3.03,0.0
20180220:2210,0.0,0.0,3.22,3.31,0.0
20180220:2310,0.0,0.0,2.86,3.31,0.0
20180221:0010,0.0,0.0,2.09,3.17,0.0
20180221:0110,0.0,0.0,1.02,3.03,0.0
20180221:0210,0.0,0.0,0.2,3.03,0.0
20180221:0310,0.0,0.0,-0.43,3.03,0.0
20180221:0410,0.0,0.0,-0.97,3.03,0.0
20180221:0510,0.0,0.0,-1.4,3.17,0.0
20180221:0610,0.0,0.0,-1.75,3.45,0.0
20180221:0710,7.73,2.63,-1.77,3.72,0.0
20180221:0810,320.85,11.55,-1.22,3.38,0.0
20180221:0910,579.68,19.35,0.32,4.76,0.0
20180221:1010,742.55,25.5,1.75,4.28,0.0
20180221:1110,861.59,29.4,3.03,4.28,0.0
20180221:1210,665.56,30.57,4.0,4.41,0.0
20180221:1310,852.46,28.82,4.86,4.62,0.0
20180221:1410,748.87,24.41,5.43,4.69,0.0
20180221:1510,537.72,17.88,5.52,4.62,0.0
20180221:1610,279.65,9.81,5.16,4.41,0.0
20180221:1710,0.0,0.0,4.13,3.72,0.0
20180221:1810,0.0,0.0,2.85,3.79,0.0
20180221:1910,0.0,0.0,2.33,4.07,0.0
20180221:2010,0.0,0.0,1.64,4.21,0.0
20180221:2110,0.0,0.0,0.97,4.21,0.0
20180221:2210,0.0,0.0,0.32,4.0,0.0
20180221:2310,0.0,0.0,-0.32,3.72,0.0
20180222:0010,0.0,0.0,-0.93,3.52,0.0
20180222:0110,0.0,0.0,-1.48,3.38,0.0
20180222:0210,0.0,0.0,-1.91,3.31,0.0
20180222:0310,0.0,0.0,-2.26,3.31,0.0
20180222:0410,0.0,0.0,-2.53,3.31,0.0
20180222:0510,0.0,0.0,-2.73,3.38,0.0
20180222:0610,0.0,0.0,-2.9,3.45,0.0
20180222:0710,9.45,2.93,-2.49,3.52,0.0
20180222:0810,342.67,11.86,-1.69,3.38,0.0
20180222:0910,597.75,19.68,-0.21,4.28,0.0
20180222:1010,808.07,25.85,1.21,4.69,0.0
20180222:1110,939.97,29.77,2.55,4.76,0.0
20180222:1210,980.31,30.93,3.66,4.9,0.0
20180222:1310,894.56,29.17,4.5,5.24,0.0
20180222:1410,756.71,24.74,5.02,5.66,0.0
20180222:1510,554.28,18.18,5.12,5.72,0.0
20180222:1610,296.48,10.09,4.76,5.38,0.0
20180222:1710,0.0,0.0,3.74,4.76,0.0
20180222:1810,0.0,0.0,2.6,4.55,0.0
20180222:1910,0.0,0.0,1.87,4.28,0.0
20180222:2010,0.0,0.0,1.06,4.07,0.0
20180222:2110,0.0,0.0,0.31,3.93,0.0
20180222:2210,0.0,0.0,-0.36,3.86,0.0
20180222:2310,0.0,0.0,-0.95,3.79,0.0
20180223:0010,0.0,0.0,-1.4,3.79,0.0
20180223:0110,0.0,0.0,-1.81,3.86,0.0
20180223:0210,0.0,0.0,-2.12,3.86,0.0
20180223:0310,0.0,0.0,-2.37,3.93,0.0
20180223:0410,0.0,0.0,-2.58,4.0,0.0
20180223:0510,0.0,0.0,-2.77,4.14,0.0
20180223:0610,0.0,0.0,-2.95,4.14,0.0
20180223:0710,12.88,3.23,-2.56,3.93,0.0
20180223:0810,364.11,12.18,-1.83,3.59,0.0
20180223:0910,614.22,20.02,-0.52,4.62,0.0
20180223:1010,815.73,26.2,0.69,4.97,0.0
20180223:1110,919.38,30.13,1.8,4.9,0.0
20180223:1210,952.74,31.29,2.78,5.03,0.0
20180223:1310,894.92,29.52,3.45,5.31,0.0
20180223:1410,761.37,25.07,3.88,5.45,0.0
20180223:1510,555.84,18.48,3.99,5.52,0.0
20180223:1610,0.0,0.0,3.72,5.17,0.0
20180223:1710,0.0,0.0,2.82,4.21,0.0
20180223:1810,0.0,0.0,1.69,4.07,0.0
20180223:1910,0.0,0.0,1.16,3.66,0.0
20180223:2010,0.0,0.0,0.5,3.72,0.0
20180223:2110,0.0,0.0,-0.09,3.66,0.0
20180223:2210,0.0,0.0,-0.66,3.45,0.0
20180223:2310,0.0,0.0,-1.07,3.45,0.0
20180224:0010,0.0,0.0,-1.35,3.59,0.0
20180224:0110,0.0,0.0,-1.62,3.79,0.0
20180224:0210,0.0,0.0,-1.76,3.86,0.0
20180224:0310,0.0,0.0,-1.79,3.72,0.0
20180224:0410,0.0,0.0,-1.94,3.72,0.0
20180224:0510,0.0,0.0,-1.99,3.93,0.0
20180224:0610,0.0,0.0,-2.13,4.0,0.0
20180224:0710,14.6,3.54,-2.01,3.79,0.0
20180224:0810,369.92,12.49,-1.14,3.66,0.0
20180224:0910,611.64,20.35,0.23,4.9,0.0
20180224:1010,809.83,26.56,1.5,5.31,0.0
20180224:1110,939.07,30.5,2.65,5.17,0.0
20180224:1210,974.03,31.66,3.73,5.24,0.0
20180224:1310,901.08,29.87,4.59,5.52,0.0
20180224:1410,761.89,25.4,5.26,5.79,0.0
20180224:1510,557.24,18.78,5.49,5.86,0.0
20180224:1610,300.53,10.65,5.12,5.17,0.0
20180224:1710,0.0,0.0,4.01,4.9,0.0
20180224:1810,0.0,0.0,2.87,4.97,0.0
20180224:1910,0.0,0.0,2.56,4.97,0.0
20180224:2010,0.0,0.0,1.82,4.9,0.0
20180224:2110,0.0,0.0,1.11,4.83,0.0
20180224:2210,0.0,0.0,0.47,4.69,0.0
20180224:2310,0.0,0.0,-0.17,4.55,0.0
20180225:0010,0.0,0.0,-0.73,4.69,0.0
20180225:0110,0.0,0.0,-1.22,4.76,0.0
20180225:0210,0.0,0.0,-1.65,4.62,0.0
20180225:0310,0.0,0.0,-2.01,4.62,0.0
20180225:0410,0.0,0.0,-2.28,4.76,0.0
20180225:0510,0.0,0.0,-2.57,4.76,0.0
20180225:0610,0.0,0.0,-2.9,4.69,0.0
20180225:0710,17.17,3.85,-2.76,4.69,0.0
20180225:0810,389.84,12.82,-2.31,4.55,0.0
20180225:0910,627.06,20.69,-1.53,5.66,0.0
20180225:1010,827.53,26.92,-0.58,5.66,0.0
20180225:1110,932.31,30.87,0.51,5.59,0.0
20180225:1210,925.18,32.03,1.48,5.59,0.0
20180225:1310,898.88,30.23,2.25,5.66,0.0
20180225:1410,778.77,25.73,2.68,5.72,0.0
20180225:1510,574.84,19.09,2.75,5.52,0.0
20180225:1610,325.26,10.93,2.28,5.1,0.0
20180225:1710,2.58,1.78,1.24,4.34,0.0
20180225:1810,0.0,0.0,-0.02,4.21,0.0
20180225:1910,0.0,0.0,-0.57,4.14,0.0
20180225:2010,0.0,0.0,-1.35,4.07,0.0
20180225:2110,0.0,0.0,-1.97,4.07,0.0
20180225:2210,0.0,0.0,-2.47,4.0,0.0
20180225:2310,0.0,0.0,-2.91,3.79,0.0
20180226:0010,0.0,0.0,-3.31,3.72,0.0
20180226:0110,0.0,0.0,-3.5,3.72,0.0
20180226:0210,0.0,0.0,-3.78,3.93,0.0
20180226:0310,0.0,0.0,-3.99,4.28,0.0
20180226:0410,0.0,0.0,-4.18,4.62,0.0
20180226:0510,0.0,0.0,-4.37,4.83,0.0
20180226:0610,0.0,0.0,-4.57,4.9,0.0
20180226:0710,19.75,4.16,-4.45,4.9,0.0
20180226:0810,410.29,13.14,-4.06,5.31,0.0
20180226:0910,644.63,21.04,-3.29,6.0,0.0
20180226:1010,846.05,27.28,-2.36,6.07,0.0
20180226:1110,952.23,31.24,-1.37,6.48,0.0
20180226:1210,948.24,32.4,-0.32,7.38,0.0
20180226:1310,912.4,30.58,0.1,7.24,0.0
20180226:1410,790.86,26.06,-0.03,7.03,0.0
20180226:1510,369.81,19.39,-0.24,6.76,0.0
20180226:1610,156.6,11.21,-0.47,6.34,0.0
20180226:1710,4.29,2.04,-1.02,5.24,0.0
20180226:1810,0.0,0.0,-1.95,4.76,0.0
20180226:1910,0.0,0.0,-2.77,4.62,0.0
20180226:2010,0.0,0.0,-3.18,4.97,0.0
20180226:2110,0.0,0.0,-3.54,5.1,0.0
20180226:2210,0.0,0.0,-3.89,4.9,0.0
20180226:2310,0.0,0.0,-4.2,4.55,0.0
20180227:0010,0.0,0.0,-4.48,4.34,0.0
20180227:0110,0.0,0.0,-4.74,4.14,0.0
20180227:0210,0.0,0.0,-4.99,4.0,0.0
20180227:0310,0.0,0.0,-5.19,3.86,0.0
20180227:0410,0.0,0.0,-5.36,3.66,0.0
20180227:0510,0.0,0.0,-5.5,3.59,0.0
20180227:0610,0.0,0.0,-5.64,3.59,0.0
20180227:0710,41.38,4.47,-5.44,3.45,0.0
20180227:0810,190.83,13.47,-4.62,4.97,0.0
20180227:0910,214.53,21.39,-3.91,5.1,0.0
20180227:1010,136.66,27.65,-2.89,5.03,0.0
20180227:1110,72.46,31.62,-2.07,5.24,0.0
20180227:1210,183.8,32.78,-1.82,5.24,0.0
20180227:1310,125.65,30.94,-1.54,4.97,0.0
20180227:1410,114.65,26.39,-1.46,4.97,0.0
20180227:1510,100.31,19.69,-1.54,4.83,0.0
20180227:1610,349.48,11.49,-1.86,4.48,0.0
20180227:1710,6.87,2.31,-2.42,3.59,0.0
20180227:1810,0.0,0.0,-3.14,2.97,0.0
20180227:1910,0.0,0.0,-3.54,2.28,0.0
20180227:2010,0.0,0.0,-4.02,2.28,0.0
20180227:2110,0.0,0.0,-4.52,2.28,0.0
20180227:2210,0.0,0.0,-4.69,2.28,0.0
20180227:2310,0.0,0.0,-4.88,2.41,0.0
20180228:0010,0.0,0.0,-5.25,2.55,0.0
20180228:0110,0.0,0.0,-5.82,2.69,0.0
20180228:0210,0.0,0.0,-6.17,2.83,0.0
20180228:0310,0.0,0.0,-6.41,2.97,0.0
20180228:0410,0.0,0.0,-6.58,3.1,0.0
20180228:0510,0.0,0.0,-6.7,3.52,0.0
20180228:0610,0.0,0.0,-6.8,3.79,0.0
20180228:0710,42.27,4.79,-7.18,3.66,0.0
20180228:0810,416.38,13.8,-6.39,4.34,0.0
20180228:0910,669.61,21.74,-5.04,5.1,0.0
20180228:1010,833.09,28.01,-3.57,5.24,0.0
20180228:1110,974.3,32.0,-2.24,5.52,0.0
20180228:1210,939.95,33.16,-1.21,6.0,0.0
20180228:1310,913.34,31.3,-0.5,6.14,0.0
20180228:1410,739.45,26.72,-0.14,6.41,0.0
20180228:1510,393.73,20.0,-0.17,6.55,0.0
20180228:1610,227.33,11.77,-0.59,6.34,0.0
20180228:1710,6.01,2.57,-1.32,5.45,0.0
20180228:1810,0.0,0.0,-1.99,5.52,0.0
20180228:1910,0.0,0.0,-1.39,5.59,0.0
20180228:2010,0.0,0.0,-1.64,5.45,0.0
20180228:2110,0.0,0.0,-1.83,5.52,0.0
20180228:2210,0.0,0.0,-1.96,5.59,0.0
20180228:2310,0.0,0.0,-2.15,5.72,0.0
20180301:0010,0.0,0.0,-2.3,5.66,0.0
20180301:0110,0.0,0.0,-2.73,5.1,0.0
20180301:0210,0.0,0.0,-3.18,4.48,0.0
20180301:0310,0.0,0.0,-3.48,4.55,0.0
20180301:0410,0.0,0.0,-3.53,4.69,0.0
20180301:0510,0.0,0.0,-3.49,4.28,0.0
20180301:0610,0.0,0.0,-3.3,4.21,0.0
20180301:0710,31.01,5.11,-1.89,4.83,0.0
20180301:0810,106.01,14.14,-1.32,4.28,0.0
20180301:0910,100.89,22.09,-0.45,4.55,0.0
20180301:1010,171.42,28.38,0.95,4.83,0.0
20180301:1110,146.75,32.38,2.19,4.97,0.0
20180301:1210,160.51,33.53,2.99,4.9,0.0
20180301:1310,311.57,31.66,3.31,4.76,0.0
20180301:1410,309.77,27.05,3.96,4.97,0.0
20180301:1510,455.5,20.3,3.85,4.69,0.0
20180301:1610,30.27,12.05,3.41,5.03,0.0
20180301:1710,4.29,2.83,2.78,5.59,0.0
20180301:1810,0.0,0.0,1.92,5.86,0.0
20180301:1910,0.0,0.0,1.33,5.86,0.0
20180301:2010,0.0,0.0,1.23,5.59,0.0
20180301:2110,0.0,0.0,1.55,5.52,0.0
20180301:2210,0.0,0.0,1.74,5.38,0.0
20180301:2310,0.0,0.0,1.88,5.24,0.0
20180302:0010,0.0,0.0,1.91,5.24,0.0
20180302:0110,0.0,0.0,1.96,5.24,0.0
20180302:0210,0.0,0.0,1.83,5.17,0.0
20180302:0310,0.0,0.0,1.74,5.03,0.0
20180302:0410,0.0,0.0,1.82,5.24,0.0
20180302:0510,0.0,0.0,1.66,5.38,0.0
20180302:0610,0.0,0.0,1.4,5.24,0.0
20180302:0710,8.25,5.44,2.21,4.28,0.0
20180302:0810,16.51,14.48,2.81,3.79,0.0
20180302:0910,74.29,22.44,3.65,3.03,0.0
20180302:1010,53.2,28.76,4.95,3.79,0.0
20180302:1110,95.39,32.76,5.45,5.31,0.0
20180302:1210,99.97,33.91,5.46,4.9,0.0
20180302:1310,295.34,32.02,5.67,4.21,0.0
20180302:1410,169.77,27.39,7.38,3.72,0.0
20180302:1510,164.2,20.61,8.31,4.69,0.0
20180302:1610,225.78,12.33,7.85,4.34,0.0
20180302:1710,8.59,3.1,6.37,3.72,0.0
20180302:1810,0.0,0.0,4.09,3.24,0.0
20180302:1910,0.0,0.0,3.05,2.97,0.0
20180302:2010,0.0,0.0,2.14,2.76,0.0
20180302:2110,0.0,0.0,1.27,2.55,0.0
20180302:2210,0.0,0.0,0.56,2.55,0.0
20180302:2310,0.0,0.0,0.13,2.55,0.0
20180303:0010,0.0,0.0,-0.07,2.55,0.0
20180303:0110,0.0,0.0,-0.32,2.69,0.0
20180303:0210,0.0,0.0,-0.61,2.83,0.0
20180303:0310,0.0,0.0,-0.69,2.9,0.0
20180303:0410,0.0,0.0,-0.74,2.97,0.0
20180303:0510,0.0,0.0,-0.5,2.97,0.0
20180303:0610,0.0,0.0,-0.13,2.97,0.0
20180303:0710,37.47,5.76,0.21,3.52,0.0
20180303:0810,206.76,14.82,1.55,3.38,0.0
20180303:0910,417.29,22.8,2.93,2.76,0.0
20180303:1010,266.17,29.13,4.25,2.83,0.0
20180303:1110,478.22,33.15,5.86,2.76,0.0
20180303:1210,131.16,34.3,6.84,2.48,0.0
20180303:1310,633.46,32.39,8.55,3.03,0.0
20180303:1410,719.68,27.72,9.88,2.97,0.0
20180303:1510,586.11,20.91,10.66,2.28,0.0
20180303:1610,76.69,12.61,10.34,2.0,0.0
20180303:1710,12.02,3.36,8.73,2.83,0.0
20180303:1810,0.0,0.0,7.58,3.17,0.0
20180303:1910,0.0,0.0,6.81,3.1,0.0
20180303:2010,0.0,0.0,6.18,3.45,0.0
20180303:2110,0.0,0.0,5.45,3.38,0.0
20180303:2210,0.0,0.0,5.0,3.31,0.0
20180303:2310,0.0,0.0,4.49,3.31,0.0
20180304:0010,0.0,0.0,4.4,3.17,0.0
20180304:0110,0.0,0.0,3.83,3.1,0.0
20180304:0210,0.0,0.0,3.26,2.9,0.0
20180304:0310,0.0,0.0,2.78,2.69,0.0
20180304:0410,0.0,0.0,2.55,2.55,0.0
20180304:0510,0.0,0.0,2.5,2.48,0.0
20180304:0610,0.0,0.0,2.77,2.28,0.0
20180304:0710,21.1,6.09,4.11,2.9,0.0
20180304:0810,39.44,15.16,4.81,2.76,0.0
20180304:0910,64.2,23.16,5.4,2.48,0.0
20180304:1010,96.3,29.51,6.18,2.21,0.0
20180304:1110,88.05,33.54,6.77,2.21,0.0
20180304:1210,90.8,34.68,6.81,2.28,0.0
20180304:1310,95.39,32.75,7.27,1.86,0.0
20180304:1410,124.74,28.05,7.47,2.34,0.0
20180304:1510,72.46,21.21,7.55,3.1,0.0
20180304:1610,143.82,12.89,7.43,3.03,0.0
20180304:1710,16.32,3.62,7.52,2.83,0.0
20180304:1810,0.0,0.0,6.48,2.97,0.0
20180304:1910,0.0,0.0,6.27,3.86,0.0
20180304:2010,0.0,0.0,5.81,3.86,0.0
20180304:2110,0.0,0.0,5.28,3.66,0.0
20180304:2210,0.0,0.0,5.08,3.59,0.0
20180304:2310,0.0,0.0,4.73,3.52,0.0
20180305:0010,0.0,0.0,4.86,3.31,0.0
20180305:0110,0.0,0.0,4.37,3.17,0.0
20180305:0210,0.0,0.0,3.92,3.1,0.0
20180305:0310,0.0,0.0,3.72,2.62,0.0
20180305:0410,0.0,0.0,3.9,2.21,0.0
20180305:0510,0.0,0.0,3.71,2.21,0.0
20180305:0610,0.0,0.0,4.11,2.21,0.0
20180305:0710,88.15,6.43,3.28,2.28,0.0
20180305:0810,373.63,15.51,4.54,2.14,0.0
20180305:0910,619.26,23.52,6.79,2.55,0.0
20180305:1010,264.6,29.89,8.85,2.97,0.0
20180305:1110,885.05,33.93,10.79,3.59,0.0
20180305:1210,636.1,35.06,12.55,4.28,0.0
20180305:1310,912.44,33.11,13.61,4.48,0.0
20180305:1410,691.0,28.39,13.9,4.41,0.0
20180305:1510,93.55,21.52,13.72,4.21,0.0
20180305:1610,40.36,13.16,13.08,3.31,0.0
20180305:1710,14.6,3.89,11.74,2.83,0.0
20180305:1810,0.0,0.0,9.95,2.69,0.0
20180305:1910,0.0,0.0,8.82,2.34,0.0
20180305:2010,0.0,0.0,7.97,2.41,0.0
20180305:2110,0.0,0.0,7.34,2.62,0.0
20180305:2210,0.0,0.0,6.83,2.76,0.0
20180305:2310,0.0,0.0,6.3,2.76,0.0
20180306:0010,0.0,0.0,6.03,2.69,0.0
20180306:0110,0.0,0.0,5.73,2.69,0.0
20180306:0210,0.0,0.0,5.58,2.76,0.0
20180306:0310,0.0,0.0,5.13,2.62,0.0
20180306:0410,0.0,0.0,4.77,2.41,0.0
20180306:0510,0.0,0.0,4.76,2.48,0.0
20180306:0610,0.0,0.0,4.76,2.48,0.0
20180306:0710,0.0,0.0,5.01,2.41,0.0
20180306:0810,385.67,15.85,5.55,2.9,0.0
20180306:0910,481.72,23.89,6.38,3.59,0.0
20180306:1010,270.85,30.27,7.37,3.31,0.0
20180306:1110,423.81,34.32,8.53,3.59,0.0
20180306:1210,288.41,35.45,9.2,3.72,0.0
20180306:1310,323.87,33.48,9.54,3.66,0.0
20180306:1410,662.09,28.72,9.78,3.38,0.0
20180306:1510,526.86,21.82,10.47,3.52,0.0
20180306:1610,315.35,13.44,10.16,2.83,0.0
20180306:1710,18.03,4.15,9.34,2.69,0.0
20180306:1810,0.0,0.0,7.81,2.83,0.0
20180306:1910,0.0,0.0,6.92,2.9,0.0
20180306:2010,0.0,0.0,6.7,3.03,0.0
20180306:2110,0.0,0.0,6.48,3.03,0.0
20180306:2210,0.0,0.0,6.09,3.03,0.0
20180306:2310,0.0,0.0,5.49,3.1,0.0
20180307:0010,0.0,0.0,5.5,3.03,0.0
20180307:0110,0.0,0.0,5.76,3.1,0.0
20180307:0210,0.0,0.0,5.86,3.17,0.0
20180307:0310,0.0,0.0,5.73,3.52,0.0
20180307:0410,0.0,0.0,5.46,4.0,0.0
20180307:0510,0.0,0.0,5.15,4.48,0.0
20180307:0610,0.0,0.0,4.78,4.9,0.0
20180307:0710,0.0,0.0,4.97,4.9,0.0
20180307:0810,43.11,16.2,4.95,4.9,0.0
20180307:0910,217.44,24.26,5.3,4.55,0.0
20180307:1010,79.79,30.65,6.2,5.45,0.0
20180307:1110,242.41,34.71,7.22,4.48,0.0
20180307:1210,48.61,35.84,8.62,4.62,0.0
20180307:1310,646.74,33.84,9.67,4.48,0.0
20180307:1410,803.54,29.06,10.16,4.48,0.0
20180307:1510,138.4,22.12,9.91,4.62,0.0
20180307:1610,15.59,13.72,8.78,5.03,0.0
20180307:1710,21.47,4.41,7.15,4.21,0.0
20180307:1810,0.0,0.0,6.31,3.1,0.0
20180307:1910,0.0,0.0,5.44,2.55,0.0
20180307:2010,0.0,0.0,5.08,2.41,0.0
20180307:2110,0.0,0.0,4.51,2.69,0.0
20180307:2210,0.0,0.0,4.3,2.83,0.0
20180307:2310,0.0,0.0,3.96,3.03,0.0
20180308:0010,0.0,0.0,4.05,3.52,0.0
20180308:0110,0.0,0.0,3.92,3.86,0.0
20180308:0210,0.0,0.0,3.85,4.07,0.0
20180308:0310,0.0,0.0,3.83,4.28,0.0
20180308:0410,0.0,0.0,4.19,4.55,0.0
20180308:0510,0.0,0.0,4.78,4.83,0.0
20180308:0610,0.0,0.0,5.21,5.03,0.0
20180308:0710,117.32,7.44,5.36,5.31,0.0
20180308:0810,75.21,16.56,6.12,5.52,0.0
20180308:0910,53.2,24.62,7.08,7.31,0.0
20180308:1010,127.49,31.04,8.08,7.66,0.0
20180308:1110,534.61,35.1,8.92,7.38,0.0
20180308:1210,109.14,36.22,9.95,7.1,0.0
20180308:1310,102.72,34.21,9.11,6.9,0.0
20180308:1410,62.37,29.39,8.63,6.0,0.0
20180308:1510,214.59,22.43,8.1,4.48,0.0
20180308:1610,83.36,14.0,7.95,3.66,0.0
20180308:1710,17.17,4.67,7.51,3.17,0.0
20180308:1810,0.0,0.0,6.94,2.83,0.0
20180308:1910,0.0,0.0,6.59,1.86,0.0
20180308:2010,0.0,0.0,6.01,1.52,0.0
20180308:2110,0.0,0.0,5.43,1.86,0.0
20180308:2210,0.0,0.0,4.73,1.93,0.0
20180308:2310,0.0,0.0,4.49,1.86,0.0
20180309:0010,0.0,0.0,4.24,1.79,0.0
20180309:0110,0.0,0.0,4.42,1.72,0.0
20180309:0210,0.0,0.0,4.61,1.72,0.0
20180309:0310,0.0,0.0,4.79,1.72,0.0
20180309:0410,0.0,0.0,5.0,1.79,0.0
20180309:0510,0.0,0.0,5.34,2.0,0.0
20180309:0610,0.0,0.0,5.7,2.14,0.0
20180309:0710,28.43,7.78,6.27,2.21,0.0
20180309:0810,63.29,16.91,6.8,2.34,0.0
20180309:0910,169.76,24.99,7.93,2.28,0.0
20180309:1010,358.57,31.43,8.67,2.83,0.0
20180309:1110,141.25,35.5,10.12,3.03,0.0
20180309:1210,217.56,36.61,12.26,3.79,0.0
20180309:1310,231.78,34.57,13.25,3.86,0.0
20180309:1410,375.68,29.72,13.76,3.79,0.0
20180309:1510,130.55,22.73,13.65,3.31,0.0
20180309:1610,34.85,14.27,13.57,3.17,0.0
20180309:1710,15.46,4.93,12.5,2.76,0.0
20180309:1810,0.0,0.0,11.44,2.9,0.0
20180309:1910,0.0,0.0,10.87,3.31,0.0
20180309:2010,0.0,0.0,10.32,3.31,0.0
20180309:2110,0.0,0.0,10.32,3.66,0.0
20180309:2210,0.0,0.0,10.35,4.14,0.0
20180309:2310,0.0,0.0,10.53,4.14,0.0
20180310:0010,0.0,0.0,10.43,4.07,0.0
20180310:0110,0.0,0.0,10.09,3.93,0.0
20180310:0210,0.0,0.0,9.8,3.86,0.0
20180310:0310,0.0,0.0,9.72,3.86,0.0
20180310:0410,0.0,0.0,10.07,4.07,0.0
20180310:0510,0.0,0.0,10.12,4.07,0.0
20180310:0610,0.0,0.0,9.8,4.0,0.0
20180310:0710,12.84,8.12,10.59,3.86,0.0
20180310:0810,39.44,17.26,10.86,4.0,0.0
20180310:0910,46.78,25.37,11.31,3.93,0.0
20180310:1010,69.71,31.81,11.79,4.07,0.0
20180310:1110,97.22,35.9,12.04,4.34,0.0
20180310:1210,109.14,37.0,12.43,4.14,0.0
20180310:1310,286.28,34.94,13.7,3.86,0.0
20180310:1410,417.52,30.06,16.09,5.31,0.0
20180310:1510,378.83,23.03,16.3,3.66,0.0
20180310:1610,131.82,14.55,16.3,2.9,0.0
20180310:1710,22.33,5.19,15.26,2.55,0.0
20180310:1810,0.0,0.0,13.82,2.41,0.0
20180310:1910,0.0,0.0,12.96,2.55,0.0
20180310:2010,0.0,0.0,12.37,2.69,0.0
20180310:2110,0.0,0.0,12.28,2.62,0.0
20180310:2210,0.0,0.0,11.83,2.41,0.0
20180310:2310,0.0,0.0,11.44,2.62,0.0
20180311:0010,0.0,0.0,11.44,2.69,0.0
20180311:0110,0.0,0.0,11.41,2.07,0.0
20180311:0210,0.0,0.0,11.16,2.07,0.0
20180311:0310,0.0,0.0,10.94,1.79,0.0
20180311:0410,0.0,0.0,10.48,1.31,0.0
20180311:0510,0.0,0.0,9.62,2.07,0.0
20180311:0610,0.0,0.0,9.09,2.62,0.0
20180311:0710,150.22,8.47,9.64,3.31,0.0
20180311:0810,429.55,17.62,10.73,3.1,0.0
20180311:0910,605.76,25.74,12.5,3.31,0.0
20180311:1010,773.94,32.2,14.4,3.66,0.0
20180311:1110,876.42,36.29,16.01,4.41,0.0
20180311:1210,244.22,37.39,16.38,5.17,0.0
20180311:1310,93.55,35.3,15.15,4.76,0.0
20180311:1410,669.94,30.39,16.09,4.9,0.0
20180311:1510,453.15,23.33,16.09,5.03,0.0
20180311:1610,238.59,14.82,15.75,4.28,0.0
20180311:1710,28.34,5.45,14.48,3.66,0.0
20180311:1810,0.0,0.0,12.99,3.1,0.0
20180311:1910,0.0,0.0,12.26,3.52,0.0
20180311:2010,0.0,0.0,11.73,3.24,0.0
20180311:2110,0.0,0.0,10.73,2.83,0.0
20180311:2210,0.0,0.0,9.68,3.1,0.0
20180311:2310,0.0,0.0,9.22,3.52,0.0
20180312:0010,0.0,0.0,9.04,4.07,0.0
20180312:0110,0.0,0.0,9.56,4.83,0.0
20180312:0210,0.0,0.0,9.62,5.38,0.0
20180312:0310,0.0,0.0,9.72,5.86,0.0
20180312:0410,0.0,0.0,9.84,6.14,0.0
20180312:0510,0.0,0.0,9.74,6.21,0.0
20180312:0610,0.0,0.0,10.0,6.48,0.0
20180312:0710,41.52,8.81,10.17,6.97,0.0
20180312:0810,168.33,17.98,10.31,7.1,0.0
20180312:0910,196.26,26.11,10.36,6.55,0.0
20180312:1010,69.71,32.59,11.2,6.97,0.0
20180312:1110,212.76,36.69,10.99,7.24,0.0
20180312:1210,187.07,37.78,11.49,7.1,0.0
20180312:1310,241.45,35.67,12.75,7.1,0.0
20180312:1410,132.07,30.72,12.38,7.45,0.0
20180312:1510,487.29,23.63,11.62,6.76,0.0
20180312:1610,195.35,15.1,11.32,5.86,0.0
20180312:1710,26.62,5.7,10.7,5.52,0.0
20180312:1810,0.0,0.0,9.92,5.17,0.0
20180312:1910,0.0,0.0,9.48,5.66,0.0
20180312:2010,0.0,0.0,8.92,5.59,0.0
20180312:2110,0.0,0.0,8.55,5.52,0.0
20180312:2210,0.0,0.0,8.61,5.72,0.0
20180312:2310,0.0,0.0,8.74,5.79,0.0
20180313:0010,0.0,0.0,8.68,5.59,0.0
20180313:0110,0.0,0.0,8.51,5.38,0.0
20180313:0210,0.0,0.0,8.36,5.17,0.0
20180313:0310,0.0,0.0,8.24,5.45,0.0
20180313:0410,0.0,0.0,7.9,5.24,0.0
20180313:0510,0.0,0.0,7.56,5.31,0.0
20180313:0610,0.0,0.0,7.23,5.24,0.0
20180313:0710,54.79,9.16,7.72,5.03,0.0
20180313:0810,190.85,18.34,7.97,4.62,0.0
20180313:0910,156.88,26.49,8.67,6.14,0.0
20180313:1010,225.78,32.99,9.29,5.17,0.0
20180313:1110,226.48,37.09,10.08,5.03,0.0
20180313:1210,313.6,38.18,10.84,5.17,0.0
20180313:1310,107.31,36.04,11.26,4.76,0.0
20180313:1410,300.39,31.05,11.96,4.0,0.0
20180313:1510,300.06,23.93,11.49,3.86,0.0
20180313:1610,26.6,15.37,10.69,3.45,0.0
20180313:1710,28.34,5.96,10.07,2.34,0.0
20180313:1810,0.0,0.0,9.13,2.0,0.0
20180313:1910,0.0,0.0,8.21,1.59,0.0
20180313:2010,0.0,0.0,7.08,1.72,0.0
20180313:2110,0.0,0.0,6.46,1.72,0.0
20180313:2210,0.0,0.0,5.82,1.66,0.0
20180313:2310,0.0,0.0,5.24,1.72,0.0
20180314:0010,0.0,0.0,4.41,1.72,0.0
20180314:0110,0.0,0.0,3.85,1.72,0.0
20180314:0210,0.0,0.0,3.14,2.0,0.0
20180314:0310,0.0,0.0,2.54,2.21,0.0
20180314:0410,0.0,0.0,2.26,2.34,0.0
20180314:0510,0.0,0.0,2.28,2.48,0.0
20180314:0610,0.0,0.0,2.31,2.62,0.0
20180314:0710,201.77,9.51,5.21,2.48,0.0
20180314:0810,350.71,18.7,6.86,2.48,0.0
20180314:0910,683.36,26.87,8.67,3.45,0.0
20180314:1010,847.04,33.38,10.81,4.28,0.0
20180314:1110,974.04,37.49,12.18,4.97,0.0
20180314:1210,960.55,38.57,13.23,5.79,0.0
20180314:1310,920.61,36.4,13.99,6.41,0.0
20180314:1410,774.07,31.38,14.35,6.48,0.0
20180314:1510,545.89,24.22,14.23,6.28,0.0
20180314:1610,221.01,15.64,13.58,5.59,0.0
20180314:1710,32.63,6.22,12.42,5.38,0.0
20180314:1810,0.0,0.0,11.23,5.38,0.0
20180314:1910,0.0,0.0,10.96,5.45,0.0
20180314:2010,0.0,0.0,10.63,5.52,0.0
20180314:2110,0.0,0.0,10.58,5.38,0.0
20180314:2210,0.0,0.0,10.37,5.17,0.0
20180314:2310,0.0,0.0,10.25,4.9,0.0
20180315:0010,0.0,0.0,10.15,4.55,0.0
20180315:0110,0.0,0.0,10.08,4.28,0.0
20180315:0210,0.0,0.0,9.85,3.79,0.0
20180315:0310,0.0,0.0,9.17,3.72,0.0
20180315:0410,0.0,0.0,8.66,3.79,0.0
20180315:0510,0.0,0.0,8.38,3.45,0.0
20180315:0610,0.0,0.0,8.18,2.97,0.0
20180315:0710,128.81,9.86,8.62,3.1,0.0
20180315:0810,80.71,19.06,8.83,2.83,0.0
20180315:0910,138.44,27.25,9.53,2.83,0.0
20180315:1010,126.57,33.77,10.26,3.52,0.0
20180315:1110,251.94,37.9,10.91,3.59,0.0
20180315:1210,550.67,38.96,11.66,3.59,0.0
20180315:1310,518.64,36.77,12.19,3.52,0.0
20180315:1410,343.77,31.71,13.04,3.59,0.0
20180315:1510,305.54,24.52,13.28,3.72,0.0
20180315:1610,39.44,15.91,11.39,4.07,0.0
20180315:1710,9.45,6.47,9.94,3.03,0.0
20180315:1810,0.0,0.0,8.99,3.17,0.0
20180315:1910,0.0,0.0,8.52,3.38,0.0
20180315:2010,0.0,0.0,8.01,3.72,0.0
20180315:2110,0.0,0.0,7.82,3.79,0.0
20180315:2210,0.0,0.0,7.65,3.86,0.0
20180315:2310,0.0,0.0,7.54,3.72,0.0
20180316:0010,0.0,0.0,7.75,3.72,0.0
20180316:0110,0.0,0.0,7.66,3.59,0.0
20180316:0210,0.0,0.0,7.43,3.38,0.0
20180316:0310,0.0,0.0,7.03,3.1,0.0
20180316:0410,0.0,0.0,6.77,2.83,0.0
20180316:0510,0.0,0.0,6.83,2.62,0.0
20180316:0610,0.0,0.0,6.44,2.55,0.0
20180316:0710,117.31,10.21,7.51,2.76,0.0
20180316:0810,325.78,19.42,8.01,3.03,0.0
20180316:0910,445.67,27.62,8.59,2.9,0.0
20180316:1010,751.01,34.17,9.25,3.24,0.0
20180316:1110,761.34,38.3,10.13,3.1,0.0
20180316:1210,383.59,39.35,11.42,3.1,0.0
20180316:1310,744.42,37.13,12.04,2.83,0.0
20180316:1410,622.82,32.04,12.28,2.48,0.0
20180316:1510,439.99,24.82,12.38,2.07,0.0
20180316:1610,352.06,16.18,12.25,2.0,0.0
20180316:1710,30.06,6.73,11.54,1.59,0.0
20180316:1810,0.0,0.0,10.31,1.66,0.0
20180316:1910,0.0,0.0,8.95,1.03,0.0
20180316:2010,0.0,0.0,7.77,1.17,0.0
20180316:2110,0.0,0.0,6.51,1.38,0.0
20180316:2210,0.0,0.0,6.06,1.24,0.0
20180316:2310,0.0,0.0,6.69,0.9,0.0
20180317:0010,0.0,0.0,6.49,0.55,0.0
20180317:0110,0.0,0.0,6.19,0.21,0.0
20180317:0210,0.0,0.0,5.77,0.76,0.0
20180317:0310,0.0,0.0,4.24,1.1,0.0
20180317:0410,0.0,0.0,3.47,1.17,0.0
20180317:0510,0.0,0.0,3.08,1.24,0.0
20180317:0610,0.0,0.0,2.53,1.52,0.0
20180317:0710,50.42,10.56,2.71,1.24,0.0
20180317:0810,154.83,19.79,5.57,1.52,0.0
20180317:0910,66.04,28.0,7.18,1.93,0.0
20180317:1010,65.12,34.56,8.21,2.14,0.0
20180317:1110,98.14,38.7,8.37,2.48,0.0
20180317:1210,117.4,39.74,8.49,2.97,0.0
20180317:1310,121.07,37.5,8.18,3.52,0.0
20180317:1410,100.89,32.37,7.97,3.45,0.0
20180317:1510,118.32,25.11,7.58,3.79,0.0
20180317:1610,90.71,16.45,6.63,4.07,0.0
20180317:1710,35.87,6.98,6.1,3.66,0.0
20180317:1810,0.0,0.0,5.46,3.31,0.0
20180317:1910,0.0,0.0,2.01,3.17,0.0
20180317:2010,0.0,0.0,2.01,3.79,0.0
20180317:2110,0.0,0.0,2.28,4.07,0.0
20180317:2210,0.0,0.0,2.21,3.45,0.0
20180317:2310,0.0,0.0,2.07,3.66,0.0
20180318:0010,0.0,0.0,1.69,3.31,0.0
20180318:0110,0.0,0.0,1.25,3.17,0.0
20180318:0210,0.0,0.0,0.81,3.17,0.0
20180318:0310,0.0,0.0,0.51,3.38,0.0
20180318:0410,0.0,0.0,0.21,3.45,0.0
20180318:0510,0.0,0.0,-0.07,3.52,0.0
20180318:0610,0.0,0.0,-0.33,3.52,0.0
20180318:0710,62.23,10.91,-0.64,3.31,0.0
20180318:0810,139.01,20.15,-0.28,3.66,0.0
20180318:0910,245.93,28.38,0.32,3.45,0.0
20180318:1010,224.15,34.96,0.92,3.24,0.0
20180318:1110,438.91,39.1,1.91,3.52,0.0
20180318:1210,119.23,40.14,2.76,4.0,0.0
20180318:1310,113.73,37.86,2.91,4.21,0.0
20180318:1410,82.55,32.7,2.7,4.07,0.0
20180318:1510,99.97,25.4,2.38,3.66,0.0
20180318:1610,33.02,16.72,2.3,3.31,0.0
20180318:1710,10.09,7.24,2.17,3.24,0.0
20180318:1810,0.0,0.0,1.8,2.76,0.0
20180318:1910,0.0,0.0,0.58,1.72,0.0
20180318:2010,0.0,0.0,0.27,1.52,0.0
20180318:2110,0.0,0.0,0.05,1.59,0.0
20180318:2210,0.0,0.0,-0.18,1.59,0.0
20180318:2310,0.0,0.0,-0.46,1.66,0.0
20180319:0010,0.0,0.0,-0.66,1.72,0.0
20180319:0110,0.0,0.0,-0.63,1.72,0.0
20180319:0210,0.0,0.0,-0.8,1.66,0.0
20180319:0310,0.0,0.0,-0.91,1.66,0.0
20180319:0410,0.0,0.0,-1.02,1.72,0.0
20180319:0510,0.0,0.0,-1.3,1.86,0.0
20180319:0610,0.0,0.0,-1.61,1.86,0.0
20180319:0710,122.8,11.26,-0.82,1.86,0.0
20180319:0810,158.82,20.51,-0.13,2.07,0.0
20180319:0910,78.88,28.76,0.53,2.07,0.0
20180319:1010,75.21,35.35,1.28,2.28,0.0
20180319:1110,122.9,39.51,1.87,2.97,0.0
20180319:1210,132.07,40.53,2.47,3.52,0.0
20180319:1310,110.98,38.22,2.74,3.52,0.0
20180319:1410,121.07,33.02,2.96,3.45,0.0
20180319:1510,131.95,25.7,3.09,3.59,0.0
20180319:1610,96.11,16.99,3.07,3.86,0.0
20180319:1710,25.68,7.49,3.07,3.45,0.0
20180319:1810,0.0,0.0,2.9,3.1,0.0
20180319:1910,0.0,0.0,1.83,3.45,0.0
20180319:2010,0.0,0.0,1.93,3.31,0.0
20180319:2110,0.0,0.0,1.93,3.45,0.0
20180319:2210,0.0,0.0,1.79,3.86,0.0
20180319:2310,0.0,0.0,1.75,4.34,0.0
20180320:0010,0.0,0.0,1.38,4.62,0.0
20180320:0110,0.0,0.0,0.87,4.62,0.0
20180320:0210,0.0,0.0,-0.21,4.34,0.0
20180320:0310,0.0,0.0,-1.45,4.41,0.0
20180320:0410,0.0,0.0,-2.11,4.55,0.0
20180320:0510,0.0,0.0,-2.56,4.55,0.0
20180320:0610,4.29,1.86,-2.82,4.34,0.0
20180320:0710,215.35,11.62,-2.0,3.59,0.0
20180320:0810,441.27,20.88,-0.27,4.14,0.0
20180320:0910,565.54,29.14,1.91,4.34,0.0
20180320:1010,312.69,35.75,3.72,4.76,0.0
20180320:1110,165.09,39.91,4.33,5.79,0.0
20180320:1210,275.14,40.92,5.18,5.72,0.0
20180320:1310,636.34,38.59,6.0,5.66,0.0
20180320:1410,744.8,33.35,7.29,6.9,0.0
20180320:1510,661.18,25.99,7.76,6.48,0.0
20180320:1610,388.54,17.25,7.67,6.21,0.0
20180320:1710,109.67,7.74,6.94,5.24,0.0
20180320:1810,0.0,0.0,5.62,4.9,0.0
20180320:1910,0.0,0.0,4.54,4.62,0.0
20180320:2010,0.0,0.0,3.58,4.69,0.0
20180320:2110,0.0,0.0,2.77,4.62,0.0
20180320:2210,0.0,0.0,2.13,4.48,0.0
20180320:2310,0.0,0.0,1.41,4.21,0.0
20180321:0010,0.0,0.0,0.75,3.86,0.0
20180321:0110,0.0,0.0,0.12,3.59,0.0
20180321:0210,0.0,0.0,-0.45,3.24,0.0
20180321:0310,0.0,0.0,-0.84,3.1,0.0
20180321:0410,0.0,0.0,-1.11,3.03,0.0
20180321:0510,0.0,0.0,-1.01,3.03,0.0
20180321:0610,6.87,2.21,-0.77,3.03,0.0
20180321:0710,114.12,11.97,-0.01,3.86,0.0
20180321:0810,181.53,21.24,0.98,3.72,0.0
20180321:0910,249.34,29.52,2.23,3.52,0.0
20180321:1010,674.37,36.15,3.44,3.52,0.0
20180321:1110,977.14,40.31,5.02,3.66,0.0
20180321:1210,955.1,41.31,5.86,3.66,0.0
20180321:1310,950.51,38.95,6.76,3.66,0.0
20180321:1410,809.64,33.67,6.68,3.45,0.0
20180321:1510,407.56,26.28,6.77,3.45,0.0
20180321:1610,233.35,17.52,6.52,3.38,0.0
20180321:1710,95.74,7.99,6.16,2.69,0.0
20180321:1810,0.0,0.0,5.43,1.79,0.0
20180321:1910,0.0,0.0,4.37,1.72,0.0
20180321:2010,0.0,0.0,2.47,1.72,0.0
20180321:2110,0.0,0.0,1.2,1.93,0.0
20180321:2210,0.0,0.0,0.75,2.14,0.0
20180321:2310,0.0,0.0,0.69,2.21,0.0
20180322:0010,0.0,0.0,1.1,2.14,0.0
20180322:0110,0.0,0.0,0.86,2.14,0.0
20180322:0210,0.0,0.0,0.42,2.14,0.0
20180322:0310,0.0,0.0,-0.01,2.21,0.0
20180322:0410,0.0,0.0,0.17,2.41,0.0
20180322:0510,0.0,0.0,0.78,2.55,0.0
20180322:0610,1.72,2.56,1.45,2.69,0.0
20180322:0710,102.26,12.32,2.1,2.76,0.0
20180322:0810,142.98,21.61,3.71,2.9,0.0
20180322:0910,184.43,29.9,4.74,3.31,0.0
20180322:1010,284.78,36.54,5.45,3.59,0.0
20180322:1110,321.27,40.71,6.55,4.34,0.0
20180322:1210,212.63,41.7,7.53,4.28,0.0
20180322:1310,155.0,39.31,8.38,4.41,0.0
20180322:1410,128.4,34.0,8.58,4.48,0.0
20180322:1510,93.55,26.57,8.67,4.41,0.0
20180322:1610,79.79,17.78,8.48,3.72,0.0
20180322:1710,26.6,8.24,7.94,3.03,0.0
20180322:1810,0.0,0.0,7.45,2.9,0.0
20180322:1910,0.0,0.0,6.33,3.38,0.0
20180322:2010,0.0,0.0,6.0,3.03,0.0
20180322:2110,0.0,0.0,5.6,2.55,0.0
20180322:2210,0.0,0.0,5.29,1.93,0.0
20180322:2310,0.0,0.0,4.9,1.45,0.0
20180323:0010,0.0,0.0,4.45,1.52,0.0
20180323:0110,0.0,0.0,3.9,1.72,0.0
20180323:0210,0.0,0.0,3.58,1.86,0.0
20180323:0310,0.0,0.0,3.22,2.21,0.0
20180323:0410,0.0,0.0,3.12,2.48,0.0
20180323:0510,0.0,0.0,2.9,2.62,0.0
20180323:0610,1.72,2.91,2.43,2.76,0.0
20180323:0710,29.35,12.68,3.06,2.83,0.0
20180323:0810,75.21,21.97,4.74,3.79,0.0
20180323:0910,152.98,30.28,5.82,4.41,0.0
20180323:1010,228.29,36.94,6.35,4.62,0.0
20180323:1110,176.1,41.12,6.49,4.55,0.0
20180323:1210,132.07,42.09,6.5,4.28,0.0
20180323:1310,166.01,39.67,6.26,4.0,0.0
20180323:1410,107.31,34.32,6.13,4.14,0.0
20180323:1510,151.73,26.85,6.17,3.86,0.0
20180323:1610,119.79,18.05,6.18,3.86,0.0
20180323:1710,68.69,8.49,6.2,3.59,0.0
20180323:1810,0.0,0.0,5.98,3.24,0.0
20180323:1910,0.0,0.0,5.96,3.1,0.0
20180323:2010,0.0,0.0,5.84,3.1,0.0
20180323:2110,0.0,0.0,5.81,3.24,0.0
20180323:2210,0.0,0.0,5.84,3.38,0.0
20180323:2310,0.0,0.0,5.89,3.45,0.0
20180324:0010,0.0,0.0,5.91,3.38,0.0
20180324:0110,0.0,0.0,5.9,3.17,0.0
20180324:0210,0.0,0.0,5.87,2.97,0.0
20180324:0310,0.0,0.0,5.88,2.83,0.0
20180324:0410,0.0,0.0,5.61,2.69,0.0
20180324:0510,0.0,0.0,5.51,2.62,0.0
20180324:0610,12.88,3.26,5.19,2.48,0.0
20180324:0710,45.86,13.03,5.44,2.0,0.0
20180324:0810,311.69,22.34,5.9,2.41,0.0
20180324:0910,659.4,30.66,6.17,2.34,0.0
20180324:1010,879.23,37.33,7.02,2.21,0.0
20180324:1110,930.42,41.52,8.53,2.21,0.0
20180324:1210,989.94,42.48,9.95,2.41,0.0
20180324:1310,924.8,40.03,11.76,2.62,0.0
20180324:1410,774.03,34.64,12.77,2.55,0.0
20180324:1510,459.35,27.14,13.16,2.34,0.0
20180324:1610,286.04,18.31,13.22,2.34,0.0
20180324:1710,103.06,8.74,12.35,1.72,0.0
20180324:1810,0.0,0.0,10.98,2.21,0.0
20180324:1910,0.0,0.0,9.66,2.14,0.0
20180324:2010,0.0,0.0,8.06,2.21,0.0
20180324:2110,0.0,0.0,6.9,2.28,0.0
20180324:2210,0.0,0.0,6.41,2.28,0.0
20180324:2310,0.0,0.0,6.05,2.21,0.0
20180325:0010,0.0,0.0,5.62,2.21,0.0
20180325:0110,0.0,0.0,5.01,2.14,0.0
20180325:0210,0.0,0.0,4.51,1.86,0.0
20180325:0310,0.0,0.0,4.25,1.59,0.0
20180325:0410,0.0,0.0,3.91,1.38,0.0
20180325:0510,0.0,0.0,3.38,1.31,0.0
20180325:0610,12.88,3.61,2.82,1.24,0.0
20180325:0710,95.67,13.38,5.88,0.55,0.0
20180325:0810,193.94,22.7,7.65,0.69,0.0
20180325:0910,253.92,31.04,9.67,1.1,0.0
20180325:1010,224.58,37.73,11.44,1.59,0.0
20180325:1110,480.61,41.92,13.01,2.0,0.0
20180325:1210,524.16,42.87,13.59,2.07,0.0
20180325:1310,505.07,40.39,13.89,2.07,0.0
20180325:1410,838.52,34.96,14.0,2.07,0.0
20180325:1510,387.96,27.42,13.59,2.34,0.0
20180325:1610,142.8,18.57,13.18,2.48,0.0
20180325:1710,59.26,8.99,12.39,2.48,0.0
20180325:1810,0.0,0.0,11.21,2.41,0.0
20180325:1910,0.0,0.0,10.18,2.9,0.0
20180325:2010,0.0,0.0,9.32,2.97,0.0
20180325:2110,0.0,0.0,8.32,2.83,0.0
20180325:2210,0.0,0.0,7.55,2.55,0.0
20180325:2310,0.0,0.0,6.72,2.48,0.0
20180326:0010,0.0,0.0,6.52,2.62,0.0
20180326:0110,0.0,0.0,6.6,2.76,0.0
20180326:0210,0.0,0.0,6.35,2.62,0.0
20180326:0310,0.0,0.0,5.9,2.48,0.0
20180326:0410,0.0,0.0,5.53,2.48,0.0
20180326:0510,0.0,0.0,5.25,2.48,0.0
20180326:0610,7.73,3.95,4.82,2.41,0.0
20180326:0710,182.85,13.74,5.26,2.76,0.0
20180326:0810,467.43,23.06,6.59,3.03,0.0
20180326:0910,755.68,31.42,8.34,3.03,0.0
20180326:1010,898.93,38.12,10.0,3.1,0.0
20180326:1110,1044.44,42.32,11.22,2.76,0.0
20180326:1210,1067.13,43.26,11.97,2.34,0.0
20180326:1310,270.43,40.74,12.54,2.07,0.0
20180326:1410,162.34,35.27,12.94,2.28,0.0
20180326:1510,164.22,27.71,12.7,2.76,0.0
20180326:1610,151.91,18.83,12.14,2.62,0.0
20180326:1710,66.5,9.23,11.64,2.14,0.0
20180326:1810,0.0,0.0,10.21,1.86,0.0
20180326:1910,0.0,0.0,8.4,1.38,0.0
20180326:2010,0.0,0.0,7.05,1.38,0.0
20180326:2110,0.0,0.0,6.36,1.38,0.0
20180326:2210,0.0,0.0,5.64,1.45,0.0
20180326:2310,0.0,0.0,4.82,1.59,0.0
20180327:0010,0.0,0.0,4.53,1.45,0.0
20180327:0110,0.0,0.0,4.38,1.45,0.0
20180327:0210,0.0,0.0,4.3,1.72,0.0
20180327:0310,0.0,0.0,4.4,2.14,0.0
20180327:0410,0.0,0.0,5.18,2.48,0.0
20180327:0510,0.0,0.0,5.7,2.76,0.0
20180327:0610,10.3,4.3,6.0,3.31,0.0
20180327:0710,49.53,14.09,5.87,4.0,0.0
20180327:0810,54.11,23.42,5.78,4.69,0.0
20180327:0910,75.21,31.8,6.05,5.31,0.0
20180327:1010,120.15,38.52,6.34,5.45,0.0
20180327:1110,194.44,42.72,6.74,5.31,0.0
20180327:1210,209.82,43.65,7.42,5.52,0.0
20180327:1310,197.89,41.1,8.62,5.03,0.0
20180327:1410,342.17,35.59,10.37,4.69,0.0
20180327:1510,203.44,27.99,11.65,5.03,0.0
20180327:1610,209.44,19.08,12.37,4.76,0.0
20180327:1710,69.86,9.48,11.65,4.83,0.0
20180327:1810,0.0,0.0,10.92,4.69,0.0
20180327:1910,0.0,0.0,10.77,4.48,0.0
20180327:2010,0.0,0.0,10.32,4.55,0.0
20180327:2110,0.0,0.0,9.8,4.69,0.0
20180327:2210,0.0,0.0,9.0,4.62,0.0
20180327:2310,0.0,0.0,8.52,4.34,0.0
20180328:0010,0.0,0.0,8.23,4.0,0.0
20180328:0110,0.0,0.0,7.96,3.66,0.0
20180328:0210,0.0,0.0,7.34,3.24,0.0
20180328:0310,0.0,0.0,6.87,2.97,0.0
20180328:0410,0.0,0.0,6.54,2.48,0.0
20180328:0510,0.0,0.0,6.64,2.34,0.0
20180328:0610,6.87,4.65,6.72,2.76,0.0
20180328:0710,65.63,14.44,7.27,3.45,0.0
20180328:0810,44.94,23.79,8.18,4.14,0.0
20180328:0910,121.98,32.17,9.48,5.24,0.0
20180328:1010,243.27,38.91,10.22,6.76,0.0
20180328:1110,348.54,43.12,10.6,6.55,0.0
20180328:1210,528.56,44.04,11.58,5.79,0.0
20180328:1310,267.54,41.45,12.72,6.28,0.0
20180328:1410,313.37,35.9,11.86,7.52,0.0
20180328:1510,240.82,28.27,11.01,6.83,0.0
20180328:1610,121.07,19.34,9.88,5.66,0.0
20180328:1710,64.46,9.72,8.99,4.76,0.0
20180328:1810,0.0,0.0,7.83,5.03,0.0
20180328:1910,0.0,0.0,7.21,3.66,0.0
20180328:2010,0.0,0.0,6.26,3.03,0.0
20180328:2110,0.0,0.0,5.28,2.55,0.0
20180328:2210,0.0,0.0,4.35,2.48,0.0
20180328:2310,0.0,0.0,3.53,2.62,0.0
20180329:0010,0.0,0.0,3.19,2.62,0.0
20180329:0110,0.0,0.0,3.04,2.55,0.0
20180329:0210,0.0,0.0,3.02,2.41,0.0
20180329:0310,0.0,0.0,2.93,2.28,0.0
20180329:0410,0.0,0.0,2.37,2.28,0.0
20180329:0510,0.0,0.0,1.74,2.21,0.0
20180329:0610,22.33,4.99,1.22,2.21,0.0
20180329:0710,271.8,14.79,3.26,2.0,0.0
20180329:0810,531.28,24.15,5.68,2.76,0.0
20180329:0910,626.8,32.55,7.53,4.07,0.0
20180329:1010,660.85,39.3,8.48,4.55,0.0
20180329:1110,757.88,43.52,9.43,4.83,0.0
20180329:1210,741.72,44.42,10.3,5.17,0.0
20180329:1310,675.24,41.8,10.7,5.45,0.0
20180329:1410,284.19,36.22,11.17,5.38,0.0
20180329:1510,278.48,28.55,11.14,5.59,0.0
20180329:1610,238.73,19.59,10.53,4.83,0.0
20180329:1710,57.11,9.96,9.45,5.24,0.0
20180329:1810,0.0,0.0,8.01,4.69,0.0
20180329:1910,0.0,0.0,8.16,3.66,0.0
20180329:2010,0.0,0.0,7.32,3.72,0.0
20180329:2110,0.0,0.0,6.8,3.59,0.0
20180329:2210,0.0,0.0,6.41,3.31,0.0
20180329:2310,0.0,0.0,5.8,3.17,0.0
20180330:0010,0.0,0.0,5.3,3.1,0.0
20180330:0110,0.0,0.0,4.88,2.97,0.0
20180330:0210,0.0,0.0,4.57,2.76,0.0
20180330:0310,0.0,0.0,4.42,2.55,0.0
20180330:0410,0.0,0.0,4.21,2.28,0.0
20180330:0510,0.0,0.0,4.24,2.0,0.0
20180330:0610,21.47,5.34,4.08,2.21,0.0
20180330:0710,37.6,15.14,5.36,3.24,0.0
20180330:0810,31.18,24.5,6.52,3.45,0.0
20180330:0910,91.72,32.92,8.11,4.07,0.0
20180330:1010,236.16,39.69,9.8,4.83,0.0
20180330:1110,285.51,43.92,9.74,5.31,0.0
20180330:1210,165.09,44.8,9.54,6.21,0.0
20180330:1310,138.49,42.15,9.62,6.07,0.0
20180330:1410,122.9,36.53,9.79,5.86,0.0
20180330:1510,188.64,28.82,10.01,5.45,0.0
20180330:1610,47.69,19.85,10.23,4.97,0.0
20180330:1710,149.1,10.21,9.54,5.17,0.0
20180330:1810,0.0,0.0,8.45,3.24,0.0
20180330:1910,0.0,0.0,7.35,2.76,0.0
20180330:2010,0.0,0.0,6.08,2.76,0.0
20180330:2110,0.0,0.0,5.36,2.97,0.0
20180330:2210,0.0,0.0,5.47,2.97,0.0
20180330:2310,0.0,0.0,5.27,2.69,0.0
20180331:0010,0.0,0.0,4.73,2.07,0.0
20180331:0110,0.0,0.0,4.08,2.21,0.0
20180331:0210,0.0,0.0,3.49,2.21,0.0
20180331:0310,0.0,0.0,3.15,1.93,0.0
20180331:0410,0.0,0.0,2.92,1.93,0.0
20180331:0510,0.0,0.0,2.88,2.14,0.0
20180331:0610,48.99,5.68,3.16,2.28,0.0
20180331:0710,246.11,15.48,4.18,2.0,0.0
20180331:0810,469.73,24.86,6.07,2.34,0.0
20180331:0910,152.25,33.3,7.51,2.69,0.0
20180331:1010,394.13,40.08,9.2,3.52,0.0
20180331:1110,115.56,44.31,9.65,3.86,0.0
20180331:1210,184.35,45.19,9.93,3.72,0.0
20180331:1310,297.2,42.5,10.47,3.66,0.0
20180331:1410,130.24,36.84,10.58,3.86,0.0
20180331:1510,295.37,29.1,10.85,4.14,0.0
20180331:1610,216.64,20.1,10.94,4.07,0.0
20180331:1710,29.35,10.45,10.36,3.66,0.0
20180331:1810,0.0,0.0,8.99,3.38,0.0
20180331:1910,0.0,0.0,7.69,3.52,0.0
20180331:2010,0.0,0.0,6.81,3.86,0.0
20180331:2110,0.0,0.0,6.37,4.07,0.0
20180331:2210,0.0,0.0,5.91,3.93,0.0
20180331:2310,0.0,0.0,5.64,3.86,0.0
20180401:0010,0.0,0.0,5.93,4.0,0.0
20180401:0110,0.0,0.0,6.05,4.0,0.0
20180401:0210,0.0,0.0,5.67,4.07,0.0
20180401:0310,0.0,0.0,5.45,4.14,0.0
20180401:0410,0.0,0.0,5.4,4.0,0.0
20180401:0510,0.0,0.0,5.5,3.86,0.0
20180401:0610,30.08,6.03,5.68,3.79,0.0
20180401:0710,66.95,15.83,6.05,3.52,0.0
20180401:0810,91.72,25.22,6.69,4.9,0.0
20180401:0910,86.21,33.67,7.43,4.69,0.0
20180401:1010,149.5,40.47,8.18,4.34,0.0
20180401:1110,186.19,44.71,9.28,4.07,0.0
20180401:1210,108.23,45.57,9.78,4.14,0.0
20180401:1310,188.94,42.85,10.49,4.07,0.0
20180401:1410,292.91,37.14,11.02,3.79,0.0
20180401:1510,179.17,29.37,11.29,3.86,0.0
20180401:1610,187.97,20.35,10.76,3.31,0.0
20180401:1710,110.33,10.69,10.32,2.28,0.0
20180401:1810,0.0,0.0,9.23,1.93,0.0
20180401:1910,0.0,0.0,7.68,2.21,0.0
20180401:2010,0.0,0.0,7.04,2.21,0.0
20180401:2110,0.0,0.0,6.76,2.34,0.0
20180401:2210,0.0,0.0,6.81,2.55,0.0
20180401:2310,0.0,0.0,7.0,2.69,0.0
20180402:0010,0.0,0.0,6.97,3.03,0.0
20180402:0110,0.0,0.0,6.97,3.38,0.0
20180402:0210,0.0,0.0,7.1,3.52,0.0
20180402:0310,0.0,0.0,6.74,3.66,0.0
20180402:0410,0.0,0.0,6.31,3.66,0.0
20180402:0510,0.0,0.0,5.97,3.59,0.0
20180402:0610,28.32,6.37,5.85,3.52,0.0
20180402:0710,131.04,16.17,7.39,3.93,0.0
20180402:0810,179.39,25.57,8.66,3.66,0.0
20180402:0910,418.91,34.04,10.47,4.41,0.0
20180402:1010,586.49,40.85,12.06,4.76,0.0
20180402:1110,586.4,45.1,13.46,4.69,0.0
20180402:1210,350.25,45.95,14.3,4.55,0.0
20180402:1310,480.02,43.2,14.77,4.14,0.0
20180402:1410,156.84,37.45,15.31,4.14,0.0
20180402:1510,110.06,29.64,15.1,3.45,0.0
20180402:1610,138.58,20.6,14.08,3.17,0.0
20180402:1710,13.76,10.93,13.64,3.24,0.0
20180402:1810,0.0,0.0,13.17,3.38,0.0
20180402:1910,0.0,0.0,12.43,3.45,0.0
20180402:2010,0.0,0.0,12.32,4.07,0.0
20180402:2110,0.0,0.0,12.19,4.41,0.0
20180402:2210,0.0,0.0,12.03,4.62,0.0
20180402:2310,0.0,0.0,11.86,4.55,0.0
20180403:0010,0.0,0.0,11.31,4.41,0.0
20180403:0110,0.0,0.0,10.91,4.55,0.0
20180403:0210,0.0,0.0,10.53,4.62,0.0
20180403:0310,0.0,0.0,9.88,4.34,0.0
20180403:0410,0.0,0.0,9.28,4.34,0.0
20180403:0510,0.0,0.0,8.87,4.41,0.0
20180403:0610,14.67,6.71,8.65,4.34,0.0
20180403:0710,97.95,16.52,10.25,4.41,0.0
20180403:0810,306.54,25.93,11.54,4.0,0.0
20180403:0910,238.07,34.41,12.54,4.83,0.0
20180403:1010,299.22,41.24,13.7,5.52,0.0
20180403:1110,91.72,45.49,14.84,6.21,0.0
20180403:1210,116.48,46.32,15.51,6.62,0.0
20180403:1310,192.61,43.54,16.31,5.59,0.0
20180403:1410,100.89,37.75,16.88,5.31,0.0
20180403:1510,339.72,29.91,14.62,4.83,0.0
20180403:1610,115.17,20.85,14.52,5.52,0.0
20180403:1710,151.8,11.16,12.76,5.93,0.0
20180403:1810,0.0,0.0,11.17,3.59,0.0
20180403:1910,0.0,0.0,10.24,3.79,0.0
20180403:2010,0.0,0.0,9.77,3.31,0.0
20180403:2110,0.0,0.0,8.85,3.1,0.0
20180403:2210,0.0,0.0,8.36,3.24,0.0
20180403:2310,0.0,0.0,8.22,3.1,0.0
20180404:0010,0.0,0.0,8.4,3.38,0.0
20180404:0110,0.0,0.0,8.88,3.86,0.0
20180404:0210,0.0,0.0,9.43,4.21,0.0
20180404:0310,0.0,0.0,9.84,4.41,0.0
20180404:0410,0.0,0.0,9.88,4.34,0.0
20180404:0510,0.0,0.0,9.71,4.28,0.0
20180404:0610,48.0,7.04,9.68,4.21,0.0
20180404:0710,186.24,16.86,10.12,4.34,0.0
20180404:0810,191.75,26.28,10.54,5.03,0.0
20180404:0910,550.64,34.77,10.93,4.97,0.0
20180404:1010,475.73,41.62,11.42,5.59,0.0
20180404:1110,544.28,45.88,12.63,6.69,0.0
20180404:1210,644.02,46.7,13.63,7.24,0.0
20180404:1310,310.4,43.88,14.04,7.17,0.0
20180404:1410,114.65,38.06,14.35,6.55,0.0
20180404:1510,132.07,30.18,14.18,7.59,0.0
20180404:1610,81.63,21.1,12.23,5.52,0.0
20180404:1710,110.75,11.4,11.32,5.79,0.0
20180404:1810,0.0,0.0,10.76,5.31,0.0
20180404:1910,0.0,0.0,10.6,4.76,0.0
20180404:2010,0.0,0.0,10.13,4.9,0.0
20180404:2110,0.0,0.0,9.91,5.03,0.0
20180404:2210,0.0,0.0,9.86,5.03,0.0
20180404:2310,0.0,0.0,9.57,5.17,0.0
20180405:0010,0.0,0.0,9.48,5.17,0.0
20180405:0110,0.0,0.0,9.35,5.17,0.0
20180405:0210,0.0,0.0,8.95,5.17,0.0
20180405:0310,0.0,0.0,8.41,4.9,0.0
20180405:0410,0.0,0.0,7.83,4.76,0.0
20180405:0510,0.0,0.0,7.49,4.62,0.0
20180405:0610,48.92,7.38,7.26,4.28,0.0
20180405:0710,268.17,17.2,7.55,4.21,0.0
20180405:0810,174.85,26.62,8.04,5.45,0.0
20180405:0910,440.53,35.14,8.68,5.72,0.0
20180405:1010,486.05,42.0,9.01,5.1,0.0
20180405:1110,162.34,46.27,9.58,4.62,0.0
20180405:1210,432.34,47.08,9.77,4.0,0.0
20180405:1310,131.16,44.22,10.15,3.31,0.0
20180405:1410,156.84,38.35,10.41,2.62,0.0
20180405:1510,446.63,30.45,10.48,2.14,0.0
20180405:1610,279.08,21.34,10.23,1.24,0.0
20180405:1710,139.12,11.64,10.16,0.21,0.0
20180405:1810,2.58,1.79,9.84,0.9,0.0
20180405:1910,0.0,0.0,8.24,2.34,0.0
20180405:2010,0.0,0.0,7.36,2.55,0.0
20180405:2110,0.0,0.0,6.51,2.76,0.0
20180405:2210,0.0,0.0,5.91,2.83,0.0
20180405:2310,0.0,0.0,5.46,2.97,0.0
20180406:0010,0.0,0.0,5.11,3.17,0.0
20180406:0110,0.0,0.0,4.67,3.31,0.0
20180406:0210,0.0,0.0,4.52,3.31,0.0
20180406:0310,0.0,0.0,4.3,3.38,0.0
20180406:0410,0.0,0.0,4.09,3.52,0.0
20180406:0510,0.0,0.0,3.96,3.79,0.0
20180406:0610,70.13,7.71,4.17,4.07,0.0
20180406:0710,295.73,17.53,6.28,3.59,0.0
20180406:0810,536.45,26.97,8.66,4.41,0.0
20180406:0910,762.49,35.5,11.04,4.76,0.0
20180406:1010,923.29,42.38,13.35,4.9,0.0
20180406:1110,1004.58,46.66,15.32,4.9,0.0
20180406:1210,990.68,47.45,16.93,5.03,0.0
20180406:1310,930.06,44.56,18.08,5.17,0.0
20180406:1410,803.64,38.65,18.76,5.24,0.0
20180406:1510,585.23,30.71,18.95,5.17,0.0
20180406:1610,334.24,21.59,18.63,4.62,0.0
20180406:1710,144.92,11.87,17.66,4.41,0.0
20180406:1810,5.15,2.02,16.05,4.28,0.0
20180406:1910,0.0,0.0,14.26,3.52,0.0
20180406:2010,0.0,0.0,13.16,3.52,0.0
20180406:2110,0.0,0.0,12.29,3.45,0.0
20180406:2210,0.0,0.0,11.56,3.38,0.0
20180406:2310,0.0,0.0,10.96,3.38,0.0
20180407:0010,0.0,0.0,10.52,3.38,0.0
20180407:0110,0.0,0.0,10.38,3.24,0.0
20180407:0210,0.0,0.0,10.12,3.03,0.0
20180407:0310,0.0,0.0,9.79,3.1,0.0
20180407:0410,0.0,0.0,9.65,3.1,0.0
20180407:0510,0.0,0.0,9.42,3.1,0.0
20180407:0610,11.01,8.05,9.46,3.03,0.0
20180407:0710,241.95,17.87,11.5,3.24,0.0
20180407:0810,486.48,27.32,13.27,3.38,0.0
20180407:0910,509.1,35.86,13.78,4.28,0.0
20180407:1010,332.31,42.76,13.6,4.0,0.0
20180407:1110,725.95,47.04,13.47,2.76,0.0
20180407:1210,890.07,47.82,15.62,2.97,0.0
20180407:1310,901.8,44.9,17.32,3.1,0.0
20180407:1410,630.12,38.95,18.31,3.1,0.0
20180407:1510,263.4,30.98,18.08,2.41,0.0
20180407:1610,205.52,21.83,18.2,1.86,0.0
20180407:1710,134.41,12.11,18.05,1.38,0.0
20180407:1810,0.86,2.26,17.02,0.69,0.0
20180407:1910,0.0,0.0,14.82,2.34,0.0
20180407:2010,0.0,0.0,13.46,2.28,0.0
20180407:2110,0.0,0.0,12.75,2.41,0.0
20180407:2210,0.0,0.0,12.14,2.48,0.0
20180407:2310,0.0,0.0,11.81,2.41,0.0
20180408:0010,0.0,0.0,11.42,2.34,0.0
20180408:0110,0.0,0.0,10.97,2.28,0.0
20180408:0210,0.0,0.0,10.47,1.86,0.0
20180408:0310,0.0,0.0,9.74,1.24,0.0
20180408:0410,0.0,0.0,9.26,1.31,0.0
20180408:0510,0.0,0.0,8.94,1.31,0.0
20180408:0610,77.55,8.38,9.41,1.31,0.0
20180408:0710,270.93,18.2,11.74,0.9,0.0
20180408:0810,507.56,27.66,14.1,1.31,0.0
20180408:0910,726.66,36.22,16.32,2.07,0.0
20180408:1010,878.18,43.13,18.33,2.97,0.0
20180408:1110,698.6,47.42,19.54,3.93,0.0
20180408:1210,882.48,48.19,20.03,4.21,0.0
20180408:1310,533.85,45.23,20.38,4.55,0.0
20180408:1410,772.82,39.24,19.74,3.86,0.0
20180408:1510,150.91,31.24,18.62,2.97,0.0
20180408:1610,137.28,22.07,17.9,2.62,0.0
20180408:1710,65.32,12.34,17.24,2.0,0.0
20180408:1810,1.72,2.49,15.9,2.14,0.0
20180408:1910,0.0,0.0,15.37,2.41,0.0
20180408:2010,0.0,0.0,14.11,2.14,0.0
20180408:2110,0.0,0.0,13.17,2.0,0.0
20180408:2210,0.0,0.0,12.19,2.07,0.0
20180408:2310,0.0,0.0,11.43,2.0,0.0
20180409:0010,0.0,0.0,10.66,1.72,0.0
20180409:0110,0.0,0.0,10.78,1.72,0.0
20180409:0210,0.0,0.0,10.41,2.07,0.0
20180409:0310,0.0,0.0,10.41,1.93,0.0
20180409:0410,0.0,0.0,10.41,1.86,0.0
20180409:0510,0.0,0.0,10.1,1.93,0.0
20180409:0610,16.51,8.7,10.01,1.72,0.0
20180409:0710,66.95,18.53,12.36,0.28,0.0
20180409:0810,78.88,28.0,13.57,0.28,0.0
20180409:0910,160.51,36.57,14.33,1.03,0.0
20180409:1010,125.65,43.5,14.68,1.52,0.0
20180409:1110,135.74,47.8,14.7,1.86,0.0
20180409:1210,128.4,48.55,14.14,1.86,0.0
20180409:1310,108.23,45.56,13.93,1.86,0.0
20180409:1410,84.38,39.53,14.21,1.86,0.0
20180409:1510,63.29,31.5,13.95,2.14,0.0
20180409:1610,33.94,22.31,13.87,2.34,0.0
20180409:1710,24.76,12.57,13.51,2.07,0.0
20180409:1810,1.72,2.73,12.9,1.72,0.0
20180409:1910,0.0,0.0,12.19,1.17,0.0
20180409:2010,0.0,0.0,11.76,1.45,0.0
20180409:2110,0.0,0.0,10.9,1.38,0.0
20180409:2210,0.0,0.0,10.04,2.0,0.0
20180409:2310,0.0,0.0,10.1,2.21,0.0
20180410:0010,0.0,0.0,9.78,2.34,0.0
20180410:0110,0.0,0.0,9.82,2.48,0.0
20180410:0210,0.0,0.0,9.77,2.69,0.0
20180410:0310,0.0,0.0,9.82,2.76,0.0
20180410:0410,0.0,0.0,9.57,2.62,0.0
20180410:0510,0.0,0.0,9.09,2.83,0.0
20180410:0610,11.92,9.03,9.11,3.1,0.0
20180410:0710,0.0,0.0,9.99,2.62,0.0
20180410:0810,170.59,28.33,11.61,3.59,0.0
20180410:0910,740.77,36.92,13.24,4.83,0.0
20180410:1010,605.74,43.87,14.34,5.79,0.0
20180410:1110,352.97,48.18,15.17,5.86,0.0
20180410:1210,329.88,48.92,15.54,5.59,0.0
20180410:1310,269.14,45.89,15.25,5.24,0.0
20180410:1410,277.5,39.82,15.04,5.03,0.0
20180410:1510,210.06,31.76,14.6,4.55,0.0
20180410:1610,226.81,22.55,14.6,4.34,0.0
20180410:1710,110.13,12.8,14.32,3.31,0.0
20180410:1810,9.45,2.96,13.53,2.41,0.0
20180410:1910,0.0,0.0,12.12,2.76,0.0
20180410:2010,0.0,0.0,10.7,2.9,0.0
20180410:2110,0.0,0.0,9.85,2.83,0.0
20180410:2210,0.0,0.0,9.19,2.62,0.0
20180410:2310,0.0,0.0,8.43,2.55,0.0
20180411:0010,0.0,0.0,7.79,2.48,0.0
20180411:0110,0.0,0.0,7.33,2.41,0.0
20180411:0210,0.0,0.0,7.02,2.41,0.0
20180411:0310,0.0,0.0,6.62,2.41,0.0
20180411:0410,0.0,0.0,6.12,2.28,0.0
20180411:0510,0.0,0.0,5.57,2.28,0.0
20180411:0610,90.26,9.35,5.65,2.07,0.0
20180411:0710,317.68,19.18,8.64,2.0,0.0
20180411:0810,551.89,28.67,11.19,2.07,0.0
20180411:0910,625.38,37.27,13.13,1.72,0.0
20180411:1010,0.0,0.0,14.7,1.52,0.0
20180411:1110,883.7,48.56,15.94,1.59,0.0
20180411:1210,597.61,49.28,16.84,1.79,0.0
20180411:1310,957.65,46.22,17.49,2.07,0.0
20180411:1410,847.05,40.11,17.88,2.48,0.0
20180411:1510,617.6,32.01,18.03,3.1,0.0
20180411:1610,392.87,22.78,17.77,3.38,0.0
20180411:1710,116.24,13.03,16.96,2.83,0.0
20180411:1810,6.01,3.19,15.37,2.62,0.0
20180411:1910,0.0,0.0,13.84,2.55,0.0
20180411:2010,0.0,0.0,12.64,2.62,0.0
20180411:2110,0.0,0.0,11.57,2.76,0.0
20180411:2210,0.0,0.0,10.76,2.83,0.0
20180411:2310,0.0,0.0,10.2,2.83,0.0
20180412:0010,0.0,0.0,9.43,2.76,0.0
20180412:0110,0.0,0.0,8.68,2.76,0.0
20180412:0210,0.0,0.0,8.09,2.69,0.0
20180412:0310,0.0,0.0,7.68,2.69,0.0
20180412:0410,0.0,0.0,7.48,2.48,0.0
20180412:0510,0.0,0.0,7.25,2.34,0.0
20180412:0610,57.16,9.67,7.56,2.34,0.0
20180412:0710,153.28,19.5,9.18,2.28,0.0
20180412:0810,255.65,29.0,10.64,2.14,0.0
20180412:0910,330.09,37.62,12.03,1.72,0.0
20180412:1010,251.31,44.6,13.0,1.1,0.0
20180412:1110,229.84,48.93,13.69,1.03,0.0
20180412:1210,220.12,49.64,14.04,1.24,0.0
20180412:1310,126.57,46.54,13.43,0.55,0.0
20180412:1410,70.62,40.4,13.3,0.34,0.0
20180412:1510,48.61,32.27,13.41,0.83,0.0
20180412:1610,47.69,23.02,13.65,0.55,0.0
20180412:1710,40.36,13.26,13.78,0.83,0.0
20180412:1810,4.29,3.42,13.33,0.76,0.0
20180412:1910,0.0,0.0,11.67,1.03,0.0
20180412:2010,0.0,0.0,11.01,0.62,0.0
20180412:2110,0.0,0.0,9.88,1.24,0.0
20180412:2210,0.0,0.0,9.18,1.45,0.0
20180412:2310,0.0,0.0,8.91,1.31,0.0
20180413:0010,0.0,0.0,8.48,1.38,0.0
20180413:0110,0.0,0.0,7.75,1.79,0.0
20180413:0210,0.0,0.0,7.32,1.79,0.0
20180413:0310,0.0,0.0,7.0,1.93,0.0
20180413:0410,0.0,0.0,6.7,2.0,0.0
20180413:0510,0.0,0.0,6.19,2.14,0.0
20180413:0610,52.41,9.99,6.38,1.93,0.0
20180413:0710,193.2,19.82,8.64,1.79,0.0
20180413:0810,491.62,29.33,10.9,2.14,0.0
20180413:0910,729.39,37.96,12.87,2.28,0.0
20180413:1010,377.08,44.96,14.61,2.55,0.0
20180413:1110,661.22,49.3,15.74,2.62,0.0
20180413:1210,558.64,49.99,16.53,2.62,0.0
20180413:1310,525.31,46.86,16.94,2.69,0.0
20180413:1410,855.38,40.68,17.13,2.62,0.0
20180413:1510,465.68,32.52,16.79,2.28,0.0
20180413:1610,195.11,23.25,16.89,2.21,0.0
20180413:1710,106.61,13.48,16.22,1.52,0.0
20180413:1810,13.74,3.65,15.43,1.45,0.0
20180413:1910,0.0,0.0,13.68,1.66,0.0
20180413:2010,0.0,0.0,11.97,1.59,0.0
20180413:2110,0.0,0.0,11.24,1.31,0.0
20180413:2210,0.0,0.0,10.83,1.24,0.0
20180413:2310,0.0,0.0,11.08,0.9,0.0
20180414:0010,0.0,0.0,9.6,1.17,0.0
20180414:0110,0.0,0.0,7.94,1.66,0.0
20180414:0210,0.0,0.0,7.41,1.66,0.0
20180414:0310,0.0,0.0,7.68,1.24,0.0
20180414:0410,0.0,0.0,7.47,1.17,0.0
20180414:0510,0.0,0.0,6.54,1.66,0.0
20180414:0610,46.51,10.3,6.99,1.52,0.0
20180414:0710,46.78,20.14,10.49,2.14,0.0
20180414:0810,98.14,29.65,12.79,2.69,0.0
20180414:0910,168.76,38.3,14.5,2.9,0.0
20180414:1010,339.18,45.32,15.77,2.9,0.0
20180414:1110,373.93,49.67,16.65,3.03,0.0
20180414:1210,576.55,50.35,16.86,2.83,0.0
20180414:1310,307.39,47.18,16.61,2.83,0.0
20180414:1410,247.17,40.96,16.26,3.17,0.0
20180414:1510,193.0,32.77,16.72,3.24,0.0
20180414:1610,132.4,23.49,16.67,3.38,0.0
20180414:1710,87.96,13.71,16.27,3.1,0.0
20180414:1810,15.46,3.88,15.18,3.03,0.0
20180414:1910,0.0,0.0,13.6,2.21,0.0
20180414:2010,0.0,0.0,12.02,2.14,0.0
20180414:2110,0.0,0.0,11.08,2.07,0.0
20180414:2210,0.0,0.0,10.32,2.21,0.0
20180414:2310,0.0,0.0,10.25,2.28,0.0
20180415:0010,0.0,0.0,9.92,2.34,0.0
20180415:0110,0.0,0.0,9.52,2.41,0.0
20180415:0210,0.0,0.0,9.05,2.28,0.0
20180415:0310,0.0,0.0,8.49,2.21,0.0
20180415:0410,0.0,0.0,7.82,2.14,0.0
20180415:0510,0.0,0.0,7.3,2.07,0.0
20180415:0610,68.07,10.61,7.64,1.72,0.0
20180415:0710,305.15,20.45,10.58,2.07,0.0
20180415:0810,494.1,29.97,12.09,2.41,0.0
20180415:0910,489.51,38.64,13.6,2.76,0.0
20180415:1010,483.78,45.68,14.98,3.1,0.0
20180415:1110,566.49,50.03,16.01,3.24,0.0
20180415:1210,153.17,50.7,16.76,3.24,0.0
20180415:1310,293.07,47.5,16.65,3.24,0.0
20180415:1410,165.09,41.24,16.67,3.38,0.0
20180415:1510,226.41,33.02,16.05,3.1,0.0
20180415:1610,269.3,23.72,16.21,3.59,0.0
20180415:1710,43.11,13.93,15.42,3.45,0.0
20180415:1810,17.17,4.11,14.69,3.17,0.0
20180415:1910,0.0,0.0,14.33,2.97,0.0
20180415:2010,0.0,0.0,13.07,2.9,0.0
20180415:2110,0.0,0.0,11.88,2.83,0.0
20180415:2210,0.0,0.0,10.98,2.69,0.0
20180415:2310,0.0,0.0,10.06,2.62,0.0
20180416:0010,0.0,0.0,9.25,2.55,0.0
20180416:0110,0.0,0.0,8.67,2.55,0.0
20180416:0210,0.0,0.0,8.27,2.41,0.0
20180416:0310,0.0,0.0,7.91,2.41,0.0
20180416:0410,0.0,0.0,7.28,2.28,0.0
20180416:0510,0.0,0.0,6.69,2.07,0.0
20180416:0610,102.7,10.92,6.79,1.59,0.0
20180416:0710,154.05,20.76,9.16,1.86,0.0
20180416:0810,435.35,30.29,10.86,2.62,0.0
20180416:0910,690.8,38.97,11.94,1.93,0.0
20180416:1010,558.89,46.03,12.52,1.66,0.0
20180416:1110,409.54,50.39,13.18,1.72,0.0
20180416:1210,487.05,51.05,13.88,2.0,0.0
20180416:1310,469.87,47.82,14.23,2.28,0.0
20180416:1410,131.16,41.52,14.45,2.48,0.0
20180416:1510,298.47,33.26,14.65,2.14,0.0
20180416:1610,189.3,23.94,14.48,1.86,0.0
20180416:1710,129.46,14.16,14.38,1.66,0.0
20180416:1810,20.61,4.34,13.74,1.45,0.0
20180416:1910,0.0,0.0,13.02,1.45,0.0
20180416:2010,0.0,0.0,11.51,1.66,0.0
20180416:2110,0.0,0.0,10.08,1.66,0.0
20180416:2210,0.0,0.0,9.19,1.79,0.0
20180416:2310,0.0,0.0,8.18,1.93,0.0
20180417:0010,0.0,0.0,7.27,1.86,0.0
20180417:0110,0.0,0.0,6.64,2.07,0.0
20180417:0210,0.0,0.0,6.22,2.34,0.0
20180417:0310,0.0,0.0,5.96,2.34,0.0
20180417:0410,0.0,0.0,5.73,2.34,0.0
20180417:0510,0.0,0.0,5.48,2.34,0.0
20180417:0610,105.93,11.22,6.35,2.07,0.0
20180417:0710,335.23,21.06,10.29,1.86,0.0
20180417:0810,567.88,30.6,13.27,2.28,0.0
20180417:0910,745.87,39.3,15.51,2.76,0.0
20180417:1010,910.69,46.38,17.09,3.52,0.0
20180417:1110,1005.06,50.75,18.09,3.79,0.0
20180417:1210,1044.15,51.4,18.88,3.72,0.0
20180417:1310,983.75,48.13,19.52,3.45,0.0
20180417:1410,838.68,41.79,19.96,3.1,0.0
20180417:1510,649.36,33.51,20.15,2.76,0.0
20180417:1610,408.29,24.17,20.1,2.41,0.0
20180417:1710,156.88,14.38,19.71,1.72,0.0
20180417:1810,21.47,4.56,18.72,1.52,0.0
20180417:1910,0.0,0.0,16.39,1.66,0.0
20180417:2010,0.0,0.0,13.78,2.0,0.0
20180417:2110,0.0,0.0,12.02,2.14,0.0
20180417:2210,0.0,0.0,10.75,2.14,0.0
20180417:2310,0.0,0.0,9.87,2.14,0.0
20180418:0010,0.0,0.0,9.18,2.14,0.0
20180418:0110,0.0,0.0,8.55,2.14,0.0
20180418:0210,0.0,0.0,8.03,2.07,0.0
20180418:0310,0.0,0.0,7.63,2.0,0.0
20180418:0410,0.0,0.0,7.23,1.93,0.0
20180418:0510,1.72,1.79,6.69,2.0,0.0
20180418:0610,111.97,11.52,7.7,1.66,0.0
20180418:0710,343.42,21.37,12.48,1.31,0.0
20180418:0810,575.61,30.91,16.0,1.72,0.0
20180418:0910,792.01,39.63,18.51,2.48,0.0
20180418:1010,945.87,46.72,20.32,3.31,0.0
20180418:1110,1029.72,51.11,21.7,3.72,0.0
20180418:1210,1035.66,51.74,22.76,3.93,0.0
20180418:1310,955.95,48.44,23.5,4.07,0.0
20180418:1410,798.23,42.06,23.79,4.0,0.0
20180418:1510,606.23,33.75,23.77,3.86,0.0
20180418:1610,402.05,24.4,23.36,3.38,0.0
20180418:1710,175.83,14.6,22.44,3.03,0.0
20180418:1810,22.33,4.79,20.65,2.97,0.0
20180418:1910,0.0,0.0,18.96,3.31,0.0
20180418:2010,0.0,0.0,17.7,3.45,0.0
20180418:2110,0.0,0.0,16.76,3.45,0.0
20180418:2210,0.0,0.0,15.96,3.38,0.0
20180418:2310,0.0,0.0,15.19,3.24,0.0
20180419:0010,0.0,0.0,14.38,3.03,0.0
20180419:0110,0.0,0.0,13.57,2.83,0.0
20180419:0210,0.0,0.0,12.71,2.69,0.0
20180419:0310,0.0,0.0,11.88,2.55,0.0
20180419:0410,0.0,0.0,11.15,2.48,0.0
20180419:0510,4.29,2.09,10.47,2.34,0.0
20180419:0610,115.96,11.82,10.89,2.0,0.0
20180419:0710,341.84,21.66,13.98,1.38,0.0
20180419:0810,578.29,31.22,16.79,1.52,0.0
20180419:0910,789.13,39.95,19.3,1.79,0.0
20180419:1010,942.6,47.06,21.43,1.93,0.0
20180419:1110,1024.99,51.46,23.01,2.14,0.0
20180419:1210,1049.75,52.08,24.08,2.21,0.0
20180419:1310,988.06,48.74,24.77,2.21,0.0
20180419:1410,848.63,42.33,25.1,2.28,0.0
20180419:1510,645.79,33.99,25.15,2.41,0.0
20180419:1610,416.54,24.62,24.83,2.34,0.0
20180419:1710,175.62,14.82,24.08,1.86,0.0
20180419:1810,24.04,5.01,22.62,2.07,0.0
20180419:1910,0.0,0.0,20.77,2.62,0.0
20180419:2010,0.0,0.0,18.8,2.41,0.0
20180419:2110,0.0,0.0,17.02,2.21,0.0
20180419:2210,0.0,0.0,15.4,2.0,0.0
20180419:2310,0.0,0.0,15.11,1.59,0.0
20180420:0010,0.0,0.0,15.92,1.17,0.0
20180420:0110,0.0,0.0,16.13,0.76,0.0
20180420:0210,0.0,0.0,15.52,0.69,0.0
20180420:0310,0.0,0.0,14.96,0.55,0.0
20180420:0410,0.0,0.0,14.53,0.14,0.0
20180420:0510,5.15,2.39,14.17,0.41,0.0
20180420:0610,113.52,12.11,14.09,0.62,0.0
20180420:0710,337.2,21.96,16.3,0.34,0.0
20180420:0810,568.2,31.52,19.55,0.34,0.0
20180420:0910,783.59,40.27,22.02,0.28,0.0
20180420:1010,939.95,47.4,23.99,0.41,0.0
20180420:1110,1016.4,51.81,25.36,0.83,0.0
20180420:1210,1046.84,52.42,26.1,1.1,0.0
20180420:1310,973.6,49.05,26.46,0.9,0.0
20180420:1410,691.61,42.6,26.62,0.69,0.0
20180420:1510,454.12,34.23,26.48,0.69,0.0
20180420:1610,299.07,24.84,26.23,0.83,0.0
20180420:1710,161.96,15.04,25.58,1.03,0.0
20180420:1810,25.76,5.24,23.84,1.38,0.0
20180420:1910,0.0,0.0,21.19,2.62,0.0
20180420:2010,0.0,0.0,19.53,2.69,0.0
20180420:2110,0.0,0.0,18.32,2.69,0.0
20180420:2210,0.0,0.0,17.2,2.62,0.0
20180420:2310,0.0,0.0,16.5,2.55,0.0
20180421:0010,0.0,0.0,15.79,2.48,0.0
20180421:0110,0.0,0.0,15.09,2.34,0.0
20180421:0210,0.0,0.0,14.25,2.21,0.0
20180421:0310,0.0,0.0,13.53,2.07,0.0
20180421:0410,0.0,0.0,12.99,2.0,0.0
20180421:0510,6.01,2.68,12.31,1.93,0.0
20180421:0610,114.54,12.4,12.75,1.45,0.0
20180421:0710,330.39,22.25,16.69,1.24,0.0
20180421:0810,566.72,31.82,18.95,1.45,0.0
20180421:0910,784.36,40.58,20.46,1.66,0.0
20180421:1010,916.92,47.73,22.53,2.07,0.0
20180421:1110,1009.37,52.15,24.1,2.34,0.0
20180421:1210,1032.92,52.75,24.92,2.34,0.0
20180421:1310,989.68,49.35,25.39,2.21,0.0
20180421:1410,844.92,42.86,25.48,2.14,0.0
20180421:1510,642.87,34.47,25.37,1.86,0.0
20180421:1610,418.86,25.07,25.11,2.14,0.0
20180421:1710,177.92,15.25,24.33,1.79,0.0
20180421:1810,27.48,5.46,23.04,1.79,0.0
20180421:1910,0.0,0.0,20.6,2.55,0.0
20180421:2010,0.0,0.0,19.06,2.69,0.0
20180421:2110,0.0,0.0,18.03,2.69,0.0
20180421:2210,0.0,0.0,17.02,2.62,0.0
20180421:2310,0.0,0.0,16.2,2.48,0.0
20180422:0010,0.0,0.0,15.42,2.48,0.0
20180422:0110,0.0,0.0,14.88,2.41,0.0
20180422:0210,0.0,0.0,14.27,2.48,0.0
20180422:0310,0.0,0.0,13.85,2.48,0.0
20180422:0410,0.0,0.0,13.55,2.48,0.0
20180422:0510,9.45,2.97,13.29,2.48,0.0
20180422:0610,96.18,12.68,14.18,2.21,0.0
20180422:0710,321.7,22.53,17.62,2.69,0.0
20180422:0810,554.31,32.11,19.77,3.1,0.0
20180422:0910,501.72,40.89,21.74,3.31,0.0
20180422:1010,889.11,48.06,23.26,3.79,0.0
20180422:1110,1005.78,52.49,24.07,4.62,0.0
20180422:1210,996.14,53.08,24.46,5.45,0.0
20180422:1310,944.36,49.65,24.41,5.52,0.0
20180422:1410,816.26,43.12,24.1,5.24,0.0
20180422:1510,534.52,34.7,24.27,5.17,0.0
20180422:1610,310.29,25.29,23.53,4.69,0.0
20180422:1710,167.05,15.47,22.41,4.34,0.0
20180422:1810,26.62,5.68,21.08,3.66,0.0
20180422:1910,0.0,0.0,20.2,2.97,0.0
20180422:2010,0.0,0.0,19.0,3.24,0.0
20180422:2110,0.0,0.0,18.15,2.97,0.0
20180422:2210,0.0,0.0,17.15,2.41,0.0
20180422:2310,0.0,0.0,16.37,2.07,0.0
20180423:0010,0.0,0.0,15.49,2.21,0.0
20180423:0110,0.0,0.0,14.63,2.28,0.0
20180423:0210,0.0,0.0,13.77,2.21,0.0
20180423:0310,0.0,0.0,12.96,2.07,0.0
20180423:0410,0.0,0.0,12.14,1.93,0.0
20180423:0510,8.59,3.26,11.57,1.79,0.0
20180423:0610,98.2,12.97,11.83,2.0,0.0
20180423:0710,264.25,22.82,12.49,2.83,0.0
20180423:0810,217.14,32.4,13.39,2.83,0.0
20180423:0910,298.05,41.2,14.64,2.83,0.0
20180423:1010,495.21,48.39,15.63,2.83,0.0
20180423:1110,850.11,52.83,16.87,3.31,0.0
20180423:1210,799.32,53.41,17.52,3.59,0.0
20180423:1310,817.67,49.94,17.95,3.79,0.0
20180423:1410,726.32,43.38,18.03,3.86,0.0
20180423:1510,533.0,34.93,17.78,4.0,0.0
20180423:1610,404.65,25.5,17.36,3.86,0.0
20180423:1710,173.65,15.68,16.76,3.31,0.0
20180423:1810,27.48,5.9,15.89,2.34,0.0
20180423:1910,0.0,0.0,15.01,2.0,0.0
20180423:2010,0.0,0.0,14.06,1.66,0.0
20180423:2110,0.0,0.0,13.32,1.31,0.0
20180423:2210,0.0,0.0,12.52,1.31,0.0
20180423:2310,0.0,0.0,11.42,1.59,0.0
20180424:0010,0.0,0.0,10.85,1.66,0.0
20180424:0110,0.0,0.0,10.25,1.45,0.0
20180424:0210,0.0,0.0,10.59,0.9,0.0
20180424:0310,0.0,0.0,10.75,0.69,0.0
20180424:0410,0.0,0.0,9.83,0.97,0.0
20180424:0510,13.74,3.54,9.32,1.1,0.0
20180424:0610,119.94,13.24,10.0,0.9,0.0
20180424:0710,348.46,23.09,11.55,1.93,0.0
20180424:0810,579.9,32.69,12.94,2.48,0.0
20180424:0910,784.87,41.5,14.33,2.69,0.0
20180424:1010,932.05,48.71,15.7,3.38,0.0
20180424:1110,1018.16,53.17,16.68,3.03,0.0
20180424:1210,1021.21,53.73,17.44,3.1,0.0
20180424:1310,961.38,50.23,18.11,3.52,0.0
20180424:1410,804.37,43.64,18.5,3.93,0.0
20180424:1510,576.83,35.16,18.62,4.14,0.0
20180424:1610,388.1,25.72,18.39,4.14,0.0
20180424:1710,170.43,15.89,18.01,3.52,0.0
20180424:1810,30.06,6.11,17.07,2.62,0.0
20180424:1910,0.0,0.0,16.17,2.69,0.0
20180424:2010,0.0,0.0,14.85,2.76,0.0
20180424:2110,0.0,0.0,13.98,2.97,0.0
20180424:2210,0.0,0.0,13.49,3.38,0.0
20180424:2310,0.0,0.0,13.16,3.66,0.0
20180425:0010,0.0,0.0,12.68,3.52,0.0
20180425:0110,0.0,0.0,12.08,3.38,0.0
20180425:0210,0.0,0.0,11.46,3.45,0.0
20180425:0310,0.0,0.0,11.25,3.31,0.0
20180425:0410,0.0,0.0,11.42,3.17,0.0
20180425:0510,4.29,3.82,11.82,3.24,0.0
20180425:0610,107.01,13.52,12.08,2.97,0.0
20180425:0710,136.35,23.37,12.71,3.52,0.0
20180425:0810,131.16,32.97,13.21,4.41,0.0
20180425:0910,314.05,41.79,13.63,4.14,0.0
20180425:1010,76.13,49.03,14.47,3.79,0.0
20180425:1110,224.71,53.5,15.43,3.86,0.0
20180425:1210,486.19,54.05,14.78,4.07,0.0
20180425:1310,108.23,50.52,13.69,3.45,0.0
20180425:1410,672.67,43.89,13.72,3.86,0.0
20180425:1510,579.87,35.39,13.96,3.72,0.0
20180425:1610,301.92,25.93,14.34,4.21,0.0
20180425:1710,161.26,16.1,14.05,4.14,0.0
20180425:1810,32.63,6.33,13.2,3.72,0.0
20180425:1910,0.0,0.0,12.51,2.76,0.0
20180425:2010,0.0,0.0,11.14,2.62,0.0
20180425:2110,0.0,0.0,10.22,2.9,0.0
20180425:2210,0.0,0.0,9.74,3.24,0.0
20180425:2310,0.0,0.0,9.13,3.45,0.0
20180426:0010,0.0,0.0,8.67,3.72,0.0
20180426:0110,0.0,0.0,8.27,3.79,0.0
20180426:0210,0.0,0.0,7.73,3.72,0.0
20180426:0310,0.0,0.0,7.4,3.52,0.0
20180426:0410,0.0,0.0,6.99,3.24,0.0
20180426:0510,17.17,4.09,6.68,3.1,0.0
20180426:0610,134.96,13.78,7.37,2.83,0.0
20180426:0710,358.06,23.64,9.13,3.59,0.0
20180426:0810,546.63,33.25,10.66,4.48,0.0
20180426:0910,732.65,42.09,11.47,4.28,0.0
20180426:1010,533.95,49.34,12.64,4.41,0.0
20180426:1110,681.14,53.82,13.42,4.28,0.0
20180426:1210,443.81,54.37,13.76,3.72,0.0
20180426:1310,739.76,50.81,14.17,4.07,0.0
20180426:1410,344.59,44.14,14.53,4.07,0.0
20180426:1510,365.36,35.62,14.6,3.86,0.0
20180426:1610,279.35,26.15,14.48,3.45,0.0
20180426:1710,154.29,16.31,14.21,2.62,0.0
20180426:1810,34.35,6.55,13.57,1.59,0.0
20180426:1910,0.0,0.0,12.53,1.45,0.0
20180426:2010,0.0,0.0,11.28,1.66,0.0
20180426:2110,0.0,0.0,10.34,1.79,0.0
20180426:2210,0.0,0.0,9.67,1.86,0.0
20180426:2310,0.0,0.0,8.99,1.93,0.0
20180427:0010,0.0,0.0,8.44,1.86,0.0
20180427:0110,0.0,0.0,8.3,1.86,0.0
20180427:0210,0.0,0.0,7.89,2.07,0.0
20180427:0310,0.0,0.0,7.46,2.28,0.0
20180427:0410,0.0,0.0,7.16,2.41,0.0
20180427:0510,18.89,4.36,7.13,2.55,0.0
20180427:0610,118.95,14.05,8.19,2.55,0.0
20180427:0710,273.72,23.9,10.4,2.41,0.0
20180427:0810,512.16,33.52,12.32,3.1,0.0
20180427:0910,803.62,42.37,14.37,4.28,0.0
20180427:1010,963.06,49.65,15.99,5.38,0.0
20180427:1110,1037.14,54.14,17.21,5.79,0.0
20180427:1210,1040.42,54.68,17.97,6.21,0.0
20180427:1310,545.53,51.09,18.14,7.03,0.0
20180427:1410,387.12,44.39,17.61,6.14,0.0
20180427:1510,519.1,35.84,17.5,6.62,0.0
20180427:1610,278.3,26.36,17.43,7.31,0.0
20180427:1710,168.35,16.52,16.45,6.55,0.0
20180427:1810,30.06,6.76,15.08,6.21,0.0
20180427:1910,0.0,0.0,13.98,6.21,0.0
20180427:2010,0.0,0.0,12.88,5.86,0.0
20180427:2110,0.0,0.0,12.43,5.66,0.0
20180427:2210,0.0,0.0,12.21,5.72,0.0
20180427:2310,0.0,0.0,12.12,5.79,0.0
20180428:0010,0.0,0.0,11.95,5.66,0.0
20180428:0110,0.0,0.0,11.72,5.45,0.0
20180428:0210,0.0,0.0,11.43,5.1,0.0
20180428:0310,0.0,0.0,11.22,4.76,0.0
20180428:0410,0.0,0.0,10.93,4.34,0.0
20180428:0510,8.59,4.63,10.81,4.14,0.0
20180428:0610,89.72,14.31,10.9,3.66,0.0
20180428:0710,295.6,24.16,11.18,5.24,0.0
20180428:0810,482.5,33.79,12.24,5.03,0.0
20180428:0910,467.79,42.66,13.29,4.69,0.0
20180428:1010,597.54,49.95,14.07,4.41,0.0
20180428:1110,466.37,54.46,14.39,4.07,0.0
20180428:1210,335.82,54.99,14.76,3.59,0.0
20180428:1310,372.54,51.37,15.1,3.38,0.0
20180428:1410,188.94,44.64,15.2,3.17,0.0
20180428:1510,382.69,36.06,14.97,2.83,0.0
20180428:1610,288.45,26.56,14.85,2.55,0.0
20180428:1710,151.5,16.73,14.34,1.59,0.0
20180428:1810,36.07,6.97,14.02,1.31,0.0
20180428:1910,0.0,0.0,13.17,1.17,0.0
20180428:2010,0.0,0.0,11.34,1.72,0.0
20180428:2110,0.0,0.0,10.02,1.93,0.0
20180428:2210,0.0,0.0,9.65,1.86,0.0
20180428:2310,0.0,0.0,9.45,1.17,0.0
20180429:0010,0.0,0.0,9.4,0.97,0.0
20180429:0110,0.0,0.0,8.77,1.72,0.0
20180429:0210,0.0,0.0,8.68,2.14,0.0
20180429:0310,0.0,0.0,8.84,2.48,0.0
20180429:0410,0.0,0.0,8.85,2.83,0.0
20180429:0510,3.43,4.89,8.89,3.1,0.0
20180429:0610,16.51,14.56,9.06,4.21,0.0
20180429:0710,70.62,24.42,9.61,2.41,0.0
20180429:0810,158.01,34.05,10.06,3.31,0.0
20180429:0910,139.41,42.94,10.53,4.48,0.0
20180429:1010,96.3,50.25,11.22,4.69,0.0
20180429:1110,160.51,54.78,11.56,4.34,0.0
20180429:1210,236.63,55.3,11.87,5.45,0.0
20180429:1310,144.91,51.64,11.8,5.03,0.0
20180429:1410,142.16,44.88,11.96,5.17,0.0
20180429:1510,82.55,36.28,12.06,4.48,0.0
20180429:1610,44.02,26.77,11.78,4.41,0.0
20180429:1710,50.44,16.93,11.42,4.14,0.0
20180429:1810,30.91,7.18,10.59,4.41,0.0
20180429:1910,0.0,0.0,10.93,3.1,0.0
20180429:2010,0.0,0.0,10.68,3.1,0.0
20180429:2110,0.0,0.0,10.39,3.03,0.0
20180429:2210,0.0,0.0,10.16,3.1,0.0
20180429:2310,0.0,0.0,9.88,3.03,0.0
20180430:0010,0.0,0.0,9.75,2.28,0.0
20180430:0110,0.0,0.0,9.58,1.86,0.0
20180430:0210,0.0,0.0,9.34,2.14,0.0
20180430:0310,0.0,0.0,9.12,2.62,0.0
20180430:0410,0.0,0.0,8.77,2.76,0.0
20180430:0510,3.43,5.14,8.45,3.03,0.0
20180430:0610,20.18,14.81,8.09,4.0,0.0
20180430:0710,42.19,24.67,5.85,6.62,0.0
20180430:0810,89.88,34.31,5.41,6.83,0.0
20180430:0910,128.4,43.21,5.24,7.31,0.0
20180430:1010,111.9,50.54,5.08,7.45,0.0
20180430:1110,131.16,55.09,5.08,7.86,0.0
20180430:1210,159.59,55.6,5.02,8.41,0.0
20180430:1310,151.33,51.92,5.0,8.76,0.0
20180430:1410,92.63,45.12,4.73,9.03,0.0
20180430:1510,68.79,36.5,4.53,8.62,0.0
20180430:1610,53.2,26.98,4.34,7.66,0.0
20180430:1710,61.45,17.14,4.71,7.31,0.0
20180430:1810,27.48,7.39,4.95,5.66,0.0
20180430:1910,0.0,0.0,4.87,4.41,0.0
20180430:2010,0.0,0.0,5.02,4.14,0.0
20180430:2110,0.0,0.0,5.21,3.72,0.0
20180430:2210,0.0,0.0,5.27,3.24,0.0
20180430:2310,0.0,0.0,4.94,2.9,0.0
20180501:0010,0.0,0.0,4.57,3.03,0.0
20180501:0110,0.0,0.0,4.5,3.1,0.0
20180501:0210,0.0,0.0,4.52,3.1,0.0
20180501:0310,0.0,0.0,4.53,3.03,0.0
20180501:0410,0.0,0.0,4.27,2.9,0.0
20180501:0510,19.75,5.4,4.0,2.83,0.0
20180501:0610,110.65,15.06,4.82,2.62,0.0
20180501:0710,190.78,24.91,6.4,2.97,0.0
20180501:0810,476.49,34.56,7.9,3.1,0.0
20180501:0910,585.11,43.48,9.6,3.59,0.0
20180501:1010,802.95,50.83,10.58,3.45,0.0
20180501:1110,843.18,55.39,11.42,3.52,0.0
20180501:1210,768.9,55.9,11.68,3.66,0.0
20180501:1310,843.94,52.19,12.04,3.86,0.0
20180501:1410,273.08,45.36,12.37,3.52,0.0
20180501:1510,542.75,36.71,12.55,3.38,0.0
20180501:1610,119.23,27.18,12.39,3.03,0.0
20180501:1710,77.96,17.34,11.93,2.9,0.0
20180501:1810,41.22,7.6,11.07,2.21,0.0
20180501:1910,0.0,0.0,10.51,1.93,0.0
20180501:2010,0.0,0.0,9.05,2.21,0.0
20180501:2110,0.0,0.0,7.66,2.48,0.0
20180501:2210,0.0,0.0,6.73,2.62,0.0
20180501:2310,0.0,0.0,6.2,2.55,0.0
20180502:0010,0.0,0.0,5.77,2.48,0.0
20180502:0110,0.0,0.0,5.36,2.48,0.0
20180502:0210,0.0,0.0,4.89,2.48,0.0
20180502:0310,0.0,0.0,4.68,2.41,0.0
20180502:0410,0.0,0.0,4.15,2.41,0.0
20180502:0510,28.34,5.64,4.01,2.28,0.0
20180502:0610,146.81,15.3,5.4,2.07,0.0
20180502:0710,374.41,25.15,8.03,2.62,0.0
20180502:0810,605.65,34.81,10.32,3.24,0.0
20180502:0910,730.27,43.74,12.21,4.34,0.0
20180502:1010,926.42,51.11,13.42,5.52,0.0
20180502:1110,1001.54,55.69,14.19,5.66,0.0
20180502:1210,1023.24,56.19,14.79,5.72,0.0
20180502:1310,956.75,52.45,15.07,6.0,0.0
20180502:1410,550.4,45.59,15.22,5.93,0.0
20180502:1510,478.79,36.93,15.14,5.59,0.0
20180502:1610,274.24,27.38,14.11,4.34,0.0
20180502:1710,127.81,17.54,12.99,3.31,0.0
20180502:1810,15.46,7.8,12.05,3.31,0.0
20180502:1910,0.0,0.0,12.77,2.97,0.0
20180502:2010,0.0,0.0,11.92,2.69,0.0
20180502:2110,0.0,0.0,11.54,2.55,0.0
20180502:2210,0.0,0.0,11.27,2.34,0.0
20180502:2310,0.0,0.0,10.98,2.34,0.0
20180503:0010,0.0,0.0,10.51,2.41,0.0
20180503:0110,0.0,0.0,9.79,2.41,0.0
20180503:0210,0.0,0.0,8.96,2.62,0.0
20180503:0310,0.0,0.0,7.74,2.69,0.0
20180503:0410,0.0,0.0,6.72,2.62,0.0
20180503:0510,29.2,5.89,5.9,2.55,0.0
20180503:0610,148.62,15.54,6.86,2.34,0.0
20180503:0710,375.42,25.39,8.68,2.76,0.0
20180503:0810,590.79,35.05,10.73,3.38,0.0
20180503:0910,650.21,44.0,12.43,3.79,0.0
20180503:1010,904.42,51.39,13.62,4.21,0.0
20180503:1110,962.48,55.99,14.31,3.93,0.0
20180503:1210,975.87,56.49,14.95,3.72,0.0
20180503:1310,820.72,52.72,15.49,3.66,0.0
20180503:1410,786.71,45.82,15.38,3.79,0.0
20180503:1510,546.35,37.14,15.37,3.86,0.0
20180503:1610,311.48,27.58,15.18,3.86,0.0
20180503:1710,191.19,17.73,14.74,3.38,0.0
20180503:1810,36.93,8.01,13.93,2.83,0.0
20180503:1910,0.0,0.0,12.68,3.1,0.0
20180503:2010,0.0,0.0,11.75,3.17,0.0
20180503:2110,0.0,0.0,10.67,3.1,0.0
20180503:2210,0.0,0.0,9.74,3.03,0.0
20180503:2310,0.0,0.0,8.92,3.03,0.0
20180504:0010,0.0,0.0,8.28,2.97,0.0
20180504:0110,0.0,0.0,7.66,2.83,0.0
20180504:0210,0.0,0.0,7.08,2.76,0.0
20180504:0310,0.0,0.0,6.56,2.76,0.0
20180504:0410,0.0,0.0,6.1,2.76,0.0
20180504:0510,31.77,6.12,5.9,2.83,0.0
20180504:0610,149.62,15.77,7.19,2.76,0.0
20180504:0710,376.42,25.62,9.01,3.31,0.0
20180504:0810,609.87,35.29,11.21,3.72,0.0
20180504:0910,803.71,44.25,13.23,4.07,0.0
20180504:1010,953.6,51.67,14.82,4.55,0.0
20180504:1110,1043.13,56.28,15.99,4.55,0.0
20180504:1210,1045.03,56.77,16.85,4.41,0.0
20180504:1310,976.99,52.97,17.49,4.55,0.0
20180504:1410,846.28,46.05,17.86,4.76,0.0
20180504:1510,645.15,37.35,17.91,4.97,0.0
20180504:1610,421.43,27.78,17.66,5.03,0.0
20180504:1710,195.88,17.93,17.11,4.69,0.0
20180504:1810,43.8,8.21,16.09,4.14,0.0
20180504:1910,0.0,0.0,14.69,3.86,0.0
20180504:2010,0.0,0.0,13.55,3.86,0.0
20180504:2110,0.0,0.0,12.76,3.93,0.0
20180504:2210,0.0,0.0,12.05,3.86,0.0
20180504:2310,0.0,0.0,11.37,3.66,0.0
20180505:0010,0.0,0.0,10.73,3.52,0.0
20180505:0110,0.0,0.0,10.11,3.38,0.0
20180505:0210,0.0,0.0,9.6,3.38,0.0
20180505:0310,0.0,0.0,9.14,3.31,0.0
20180505:0410,0.0,0.0,8.72,3.24,0.0
20180505:0510,32.63,6.35,8.52,3.24,0.0
20180505:0610,150.07,15.99,9.62,3.03,0.0
20180505:0710,375.34,25.84,12.02,3.31,0.0
20180505:0810,601.65,35.52,14.03,3.59,0.0
20180505:0910,797.3,44.5,15.81,3.66,0.0
20180505:1010,945.68,51.94,17.41,3.72,0.0
20180505:1110,1028.28,56.56,18.76,3.93,0.0
20180505:1210,1028.98,57.05,19.85,4.28,0.0
20180505:1310,968.97,53.23,20.65,4.48,0.0
20180505:1410,833.35,46.28,21.21,4.69,0.0
20180505:1510,639.08,37.55,21.44,4.83,0.0
20180505:1610,408.67,27.97,21.35,4.76,0.0
20180505:1710,192.28,18.12,20.93,4.14,0.0
20180505:1810,45.51,8.41,19.96,3.38,0.0
20180505:1910,0.0,0.0,18.62,3.24,0.0
20180505:2010,0.0,0.0,17.13,3.17,0.0
20180505:2110,0.0,0.0,16.11,3.17,0.0
20180505:2210,0.0,0.0,15.26,3.1,0.0
20180505:2310,0.0,0.0,14.52,2.97,0.0
20180506:0010,0.0,0.0,13.87,2.9,0.0
20180506:0110,0.0,0.0,13.35,2.83,0.0
20180506:0210,0.0,0.0,12.84,2.76,0.0
20180506:0310,0.0,0.0,12.4,2.62,0.0
20180506:0410,0.0,0.0,11.97,2.55,0.0
20180506:0510,35.21,6.58,11.73,2.48,0.0
20180506:0610,149.13,16.21,13.07,2.14,0.0
20180506:0710,366.52,26.06,15.54,2.21,0.0
20180506:0810,589.03,35.75,17.56,2.34,0.0
20180506:0910,784.46,44.74,19.38,2.41,0.0
20180506:1010,929.72,52.2,21.12,2.41,0.0
20180506:1110,1017.36,56.85,22.68,2.48,0.0
20180506:1210,1024.76,57.33,23.94,2.69,0.0
20180506:1310,952.78,53.48,24.72,2.97,0.0
20180506:1410,819.12,46.5,25.12,3.1,0.0
20180506:1510,628.24,37.75,25.15,3.24,0.0
20180506:1610,404.68,28.17,24.92,3.31,0.0
20180506:1710,191.99,18.32,24.28,2.97,0.0
20180506:1810,46.37,8.61,22.97,2.62,0.0
20180506:1910,0.0,0.0,21.46,2.55,0.0
20180506:2010,0.0,0.0,19.47,2.62,0.0
20180506:2110,0.0,0.0,18.11,2.69,0.0
20180506:2210,0.0,0.0,17.05,2.76,0.0
20180506:2310,0.0,0.0,16.11,2.69,0.0
20180507:0010,0.0,0.0,15.18,2.69,0.0
20180507:0110,0.0,0.0,14.24,2.62,0.0
20180507:0210,0.0,0.0,13.33,2.55,0.0
20180507:0310,0.0,0.0,12.39,2.48,0.0
20180507:0410,0.0,0.0,11.44,2.34,0.0
20180507:0510,31.77,6.8,10.71,2.21,0.0
20180507:0610,155.26,16.43,12.45,1.66,0.0
20180507:0710,382.62,26.28,16.04,1.72,0.0
20180507:0810,607.22,35.97,17.9,1.93,0.0
20180507:0910,797.56,44.97,19.72,1.93,0.0
20180507:1010,944.15,52.46,21.47,2.07,0.0
20180507:1110,1038.65,57.12,22.96,2.28,0.0
20180507:1210,1046.07,57.61,24.04,2.62,0.0
20180507:1310,989.54,53.73,24.5,2.9,0.0
20180507:1410,857.06,46.72,24.63,3.03,0.0
20180507:1510,669.32,37.95,24.54,3.17,0.0
20180507:1610,435.53,28.36,24.17,3.24,0.0
20180507:1710,204.02,18.51,23.46,2.69,0.0
20180507:1810,39.5,8.8,22.07,2.34,0.0
20180507:1910,0.0,0.0,20.29,2.69,0.0
20180507:2010,0.0,0.0,18.46,2.76,0.0
20180507:2110,0.0,0.0,17.11,2.69,0.0
20180507:2210,0.0,0.0,15.96,2.62,0.0
20180507:2310,0.0,0.0,14.88,2.41,0.0
20180508:0010,0.0,0.0,13.77,2.28,0.0
20180508:0110,0.0,0.0,12.69,2.14,0.0
20180508:0210,0.0,0.0,11.74,2.0,0.0
20180508:0310,0.0,0.0,11.01,1.86,0.0
20180508:0410,0.0,0.0,10.77,1.66,0.0
20180508:0510,35.21,7.02,10.66,1.52,0.0
20180508:0610,155.24,16.64,12.73,0.83,0.0
20180508:0710,375.69,26.49,16.26,0.69,0.0
20180508:0810,600.38,36.18,18.51,0.76,0.0
20180508:0910,798.67,45.2,20.59,0.83,0.0
20180508:1010,945.48,52.71,22.48,1.17,0.0
20180508:1110,1031.96,57.39,23.92,1.72,0.0
20180508:1210,1027.43,57.87,24.79,1.93,0.0
20180508:1310,967.37,53.97,25.15,1.66,0.0
20180508:1410,832.17,46.94,25.28,1.52,0.0
20180508:1510,639.68,38.15,25.31,1.66,0.0
20180508:1610,407.63,28.55,25.08,2.14,0.0
20180508:1710,198.1,18.69,24.38,2.21,0.0
20180508:1810,43.8,9.0,23.0,2.34,0.0
20180508:1910,0.0,0.0,20.94,3.66,0.0
20180508:2010,0.0,0.0,18.65,4.76,0.0
20180508:2110,0.0,0.0,16.6,4.21,0.0
20180508:2210,0.0,0.0,15.21,3.79,0.0
20180508:2310,0.0,0.0,14.08,3.66,0.0
20180509:0010,0.0,0.0,13.2,3.72,0.0
20180509:0110,0.0,0.0,12.43,3.72,0.0
20180509:0210,0.0,0.0,12.01,3.66,0.0
20180509:0310,0.0,0.0,11.77,3.38,0.0
20180509:0410,0.0,0.0,11.7,2.97,0.0
20180509:0510,38.64,7.23,11.61,2.62,0.0
20180509:0610,149.6,16.84,12.52,2.76,0.0
20180509:0710,363.06,26.69,13.4,3.86,0.0
20180509:0810,585.91,36.4,15.12,3.38,0.0
20180509:0910,627.25,45.43,17.02,3.03,0.0
20180509:1010,926.31,52.96,18.02,3.1,0.0
20180509:1110,1017.61,57.66,19.21,2.9,0.0
20180509:1210,1019.67,58.14,19.86,2.83,0.0
20180509:1310,953.28,54.22,20.72,3.03,0.0
20180509:1410,799.43,47.15,21.09,3.1,0.0
20180509:1510,592.78,38.35,21.13,3.03,0.0
20180509:1610,374.63,28.73,20.91,3.1,0.0
20180509:1710,160.8,18.88,20.3,3.31,0.0
20180509:1810,37.78,9.19,19.28,3.17,0.0
20180509:1910,0.0,0.0,18.38,2.55,0.0
20180509:2010,0.0,0.0,17.23,2.97,0.0
20180509:2110,0.0,0.0,16.01,3.38,0.0
20180509:2210,0.0,0.0,14.67,3.66,0.0
20180509:2310,0.0,0.0,13.48,3.72,0.0
20180510:0010,0.0,0.0,12.61,3.31,0.0
20180510:0110,0.0,0.0,12.05,2.62,0.0
20180510:0210,0.0,0.0,11.83,2.34,0.0
20180510:0310,0.0,0.0,11.79,2.28,0.0
20180510:0410,0.0,0.0,11.53,2.55,0.0
20180510:0510,34.35,7.44,11.5,2.34,0.0
20180510:0610,124.62,17.04,11.59,2.55,0.0
20180510:0710,358.13,26.89,12.43,4.97,0.0
20180510:0810,154.09,36.6,12.93,4.9,0.0
20180510:0910,256.82,45.65,13.72,5.03,0.0
20180510:1010,336.56,53.2,14.31,5.38,0.0
20180510:1110,435.85,57.92,14.83,5.52,0.0
20180510:1210,788.3,58.4,15.59,5.59,0.0
20180510:1310,551.23,54.45,15.84,5.24,0.0
20180510:1410,544.11,47.36,16.13,5.03,0.0
20180510:1510,440.11,38.54,15.96,4.62,0.0
20180510:1610,354.68,28.92,15.74,4.34,0.0
20180510:1710,184.68,19.06,15.21,4.0,0.0
20180510:1810,52.38,9.38,14.34,3.38,0.0
20180510:1910,0.0,0.0,13.15,2.48,0.0
20180510:2010,0.0,0.0,11.77,2.21,0.0
20180510:2110,0.0,0.0,10.64,2.07,0.0
20180510:2210,0.0,0.0,9.46,2.0,0.0
20180510:2310,0.0,0.0,8.36,1.93,0.0
20180511:0010,0.0,0.0,7.51,2.0,0.0
20180511:0110,0.0,0.0,6.89,2.0,0.0
20180511:0210,0.0,0.0,6.38,1.93,0.0
20180511:0310,0.0,0.0,6.0,2.0,0.0
20180511:0410,0.0,0.0,5.81,2.21,0.0
20180511:0510,36.07,7.64,6.07,2.14,0.0
20180511:0610,162.43,17.24,8.83,1.86,0.0
20180511:0710,391.53,27.09,11.87,2.55,0.0
20180511:0810,620.76,36.8,14.1,2.76,0.0
20180511:0910,813.15,45.86,15.77,3.24,0.0
20180511:1010,955.02,53.43,16.8,2.97,0.0
20180511:1110,1042.54,58.18,17.72,2.69,0.0
20180511:1210,1049.89,58.65,18.55,2.55,0.0
20180511:1310,981.99,54.69,19.24,2.55,0.0
20180511:1410,851.34,47.57,19.65,2.34,0.0
20180511:1510,648.21,38.73,20.01,2.28,0.0
20180511:1610,407.52,29.1,20.09,2.14,0.0
20180511:1710,192.12,19.25,19.86,1.93,0.0
20180511:1810,51.52,9.57,19.0,1.86,0.0
20180511:1910,0.0,0.0,17.84,1.72,0.0
20180511:2010,0.0,0.0,15.81,2.48,0.0
20180511:2110,0.0,0.0,14.95,2.62,0.0
20180511:2210,0.0,0.0,14.45,2.62,0.0
20180511:2310,0.0,0.0,14.07,2.69,0.0
20180512:0010,0.0,0.0,13.78,2.62,0.0
20180512:0110,0.0,0.0,13.14,2.28,0.0
20180512:0210,0.0,0.0,12.86,1.79,0.0
20180512:0310,0.0,0.0,12.5,1.38,0.0
20180512:0410,0.0,0.0,11.93,1.31,0.0
20180512:0510,33.49,7.84,11.52,1.45,0.0
20180512:0610,91.39,17.43,12.71,1.38,0.0
20180512:0710,238.99,27.27,14.66,0.0,0.0
20180512:0810,442.11,36.99,16.52,0.14,0.0
20180512:0910,694.2,46.07,18.21,0.34,0.0
20180512:1010,843.18,53.66,19.6,0.48,0.0
20180512:1110,352.39,58.43,20.17,0.76,0.0
20180512:1210,198.11,58.91,19.45,0.9,0.0
20180512:1310,339.24,54.91,18.9,1.17,0.0
20180512:1410,515.55,47.77,18.1,1.93,0.0
20180512:1510,95.39,38.92,17.31,1.79,0.0
20180512:1610,83.46,29.28,16.87,2.0,0.0
20180512:1710,153.19,19.43,16.43,2.55,0.0
20180512:1810,55.82,9.75,15.64,2.76,0.0
20180512:1910,0.0,0.0,11.46,4.34,0.0
20180512:2010,0.0,0.0,10.71,3.52,0.0
20180512:2110,0.0,0.0,10.22,3.24,0.0
20180512:2210,0.0,0.0,9.88,3.1,0.0
20180512:2310,0.0,0.0,9.69,2.76,0.0
20180513:0010,0.0,0.0,9.54,2.83,0.0
20180513:0110,0.0,0.0,9.36,2.76,0.0
20180513:0210,0.0,0.0,9.13,2.55,0.0
20180513:0310,0.0,0.0,9.0,2.55,0.0
20180513:0410,0.0,0.0,8.91,2.55,0.0
20180513:0510,36.93,8.03,8.82,2.48,0.0
20180513:0610,110.8,17.61,9.0,2.34,0.0
20180513:0710,113.73,27.46,9.37,3.17,0.0
20180513:0810,215.76,37.18,9.96,2.55,0.0
20180513:0910,199.03,46.27,10.49,2.41,0.0
20180513:1010,214.62,53.88,11.18,2.34,0.0
20180513:1110,313.54,58.67,11.72,2.28,0.0
20180513:1210,342.51,59.15,12.52,2.21,0.0
20180513:1310,251.65,55.14,13.17,2.48,0.0
20180513:1410,143.08,47.97,13.34,2.76,0.0
20180513:1510,184.55,39.1,13.57,2.55,0.0
20180513:1610,144.95,29.46,13.69,3.03,0.0
20180513:1710,22.93,19.6,13.53,3.38,0.0
20180513:1810,12.02,9.94,13.16,3.24,0.0
20180513:1910,0.0,0.0,12.58,3.1,0.0
20180513:2010,0.0,0.0,12.25,3.03,0.0
20180513:2110,0.0,0.0,11.92,3.17,0.0
20180513:2210,0.0,0.0,11.51,4.0,0.0
20180513:2310,0.0,0.0,11.05,4.48,0.0
20180514:0010,0.0,0.0,10.61,4.48,0.0
20180514:0110,0.0,0.0,10.31,4.55,0.0
20180514:0210,0.0,0.0,10.25,4.41,0.0
20180514:0310,0.0,0.0,10.41,4.41,0.0
20180514:0410,0.0,0.0,10.66,4.62,0.0
20180514:0510,21.47,8.21,11.05,4.9,0.0
20180514:0610,71.54,17.79,11.48,4.9,0.0
20180514:0710,52.28,27.63,11.79,4.97,0.0
20180514:0810,64.2,37.36,11.84,4.76,0.0
20180514:0910,84.38,46.47,11.77,4.62,0.0
20180514:1010,77.96,54.1,12.1,4.83,0.0
20180514:1110,142.16,58.91,12.66,4.83,0.0
20180514:1210,126.57,59.39,13.25,4.62,0.0
20180514:1310,147.67,55.36,14.02,4.9,0.0
20180514:1410,118.32,48.17,14.4,5.03,0.0
20180514:1510,143.08,39.28,14.71,5.17,0.0
20180514:1610,81.63,29.63,14.87,4.97,0.0
20180514:1710,30.27,19.78,14.95,4.69,0.0
20180514:1810,16.32,10.12,14.58,4.28,0.0
20180514:1910,0.0,0.0,13.57,3.59,0.0
20180514:2010,0.0,0.0,13.17,3.66,0.0
20180514:2110,0.0,0.0,12.81,3.52,0.0
20180514:2210,0.0,0.0,12.58,3.52,0.0
20180514:2310,0.0,0.0,12.15,3.66,0.0
20180515:0010,0.0,0.0,11.72,3.72,0.0
20180515:0110,0.0,0.0,11.27,3.79,0.0
20180515:0210,0.0,0.0,10.75,3.86,0.0
20180515:0310,0.0,0.0,10.39,3.86,0.0
20180515:0410,0.0,0.0,10.12,3.86,0.0
20180515:0510,24.9,8.39,10.24,3.66,0.0
20180515:0610,67.87,17.96,10.97,4.83,0.0
20180515:0710,133.89,27.8,11.46,4.28,0.0
20180515:0810,149.5,37.54,12.32,4.0,0.0
20180515:0910,228.0,46.66,13.52,3.79,0.0
20180515:1010,202.7,54.31,14.81,3.86,0.0
20180515:1110,268.51,59.14,15.81,3.72,0.0
20180515:1210,415.06,59.63,16.96,4.0,0.0
20180515:1310,716.06,55.58,18.22,3.93,0.0
20180515:1410,792.72,48.37,19.38,3.86,0.0
20180515:1510,627.18,39.46,20.0,3.86,0.0
20180515:1610,410.53,29.8,19.75,3.79,0.0
20180515:1710,198.88,19.95,19.33,3.72,0.0
20180515:1810,54.1,10.3,18.31,3.86,0.0
20180515:1910,0.0,0.0,17.38,3.24,0.0
20180515:2010,0.0,0.0,16.17,3.52,0.0
20180515:2110,0.0,0.0,15.35,3.59,0.0
20180515:2210,0.0,0.0,14.39,3.45,0.0
20180515:2310,0.0,0.0,13.7,3.24,0.0
20180516:0010,0.0,0.0,12.98,3.17,0.0
20180516:0110,0.0,0.0,12.56,3.1,0.0
20180516:0210,0.0,0.0,11.87,2.97,0.0
20180516:0310,0.0,0.0,11.44,2.76,0.0
20180516:0410,0.0,0.0,10.93,2.76,0.0
20180516:0510,48.09,8.56,10.77,2.76,0.0
20180516:0610,162.27,18.13,11.62,2.9,0.0
20180516:0710,374.39,27.97,12.95,3.72,0.0
20180516:0810,331.82,37.71,14.4,3.86,0.0
20180516:0910,326.79,46.84,16.0,3.79,0.0
20180516:1010,907.66,54.52,17.7,3.93,0.0
20180516:1110,1027.22,59.37,19.3,4.14,0.0
20180516:1210,1004.16,59.86,20.56,4.48,0.0
20180516:1310,737.88,55.79,21.26,4.97,0.0
20180516:1410,635.13,48.56,20.49,5.31,0.0
20180516:1510,435.41,39.64,20.03,5.59,0.0
20180516:1610,77.04,29.97,18.5,6.21,0.0
20180516:1710,191.52,20.12,17.63,4.76,0.0
20180516:1810,60.11,10.47,17.36,4.62,0.0
20180516:1910,0.0,0.0,15.51,5.17,0.0
20180516:2010,0.0,0.0,13.89,4.97,0.0
20180516:2110,0.0,0.0,12.58,4.83,0.0
20180516:2210,0.0,0.0,11.71,4.76,0.0
20180516:2310,0.0,0.0,11.04,4.34,0.0
20180517:0010,0.0,0.0,10.63,4.07,0.0
20180517:0110,0.0,0.0,10.27,4.07,0.0
20180517:0210,0.0,0.0,9.81,4.0,0.0
20180517:0310,0.0,0.0,9.67,4.14,0.0
20180517:0410,0.0,0.0,9.27,4.14,0.0
20180517:0510,8.59,8.73,9.13,3.86,0.0
20180517:0610,66.95,18.29,9.41,4.76,0.0
20180517:0710,189.56,28.13,10.03,4.41,0.0
20180517:0810,383.48,37.87,10.76,4.34,0.0
20180517:0910,780.02,47.02,11.8,4.62,0.0
20180517:1010,942.24,54.72,13.11,4.55,0.0
20180517:1110,1033.92,59.59,14.64,4.21,0.0
20180517:1210,1035.1,60.09,15.51,3.93,0.0
20180517:1310,968.78,56.0,16.32,4.0,0.0
20180517:1410,821.34,48.74,16.75,4.07,0.0
20180517:1510,642.18,39.81,16.93,4.21,0.0
20180517:1610,423.31,30.14,16.79,4.28,0.0
20180517:1710,201.03,20.29,16.29,4.21,0.0
20180517:1810,60.97,10.65,15.44,3.72,0.0
20180517:1910,0.0,0.0,14.49,3.59,0.0
20180517:2010,0.0,0.0,12.96,3.66,0.0
20180517:2110,0.0,0.0,11.69,3.79,0.0
20180517:2210,0.0,0.0,10.49,3.79,0.0
20180517:2310,0.0,0.0,9.44,3.52,0.0
20180518:0010,0.0,0.0,8.55,3.31,0.0
20180518:0110,0.0,0.0,7.82,3.17,0.0
20180518:0210,0.0,0.0,7.18,3.03,0.0
20180518:0310,0.0,0.0,6.61,2.83,0.0
20180518:0410,0.0,0.0,6.1,2.76,0.0
20180518:0510,48.95,8.9,6.1,2.76,0.0
20180518:0610,161.36,18.45,7.19,3.52,0.0
20180518:0710,350.56,28.28,8.52,3.52,0.0
20180518:0810,592.94,38.03,9.97,3.52,0.0
20180518:0910,814.17,47.19,11.42,3.66,0.0
20180518:1010,965.22,54.91,12.84,3.66,0.0
20180518:1110,1052.3,59.81,14.18,3.52,0.0
20180518:1210,1053.52,60.31,15.36,3.31,0.0
20180518:1310,987.0,56.2,16.31,3.31,0.0
20180518:1410,832.05,48.93,16.93,3.38,0.0
20180518:1510,663.19,39.98,17.22,3.59,0.0
20180518:1610,444.36,30.31,17.07,3.79,0.0
20180518:1710,210.87,20.46,16.59,3.79,0.0
20180518:1810,45.51,10.82,15.8,3.24,0.0
20180518:1910,1.72,1.73,14.56,3.03,0.0
20180518:2010,0.0,0.0,13.09,3.1,0.0
20180518:2110,0.0,0.0,12.02,3.24,0.0
20180518:2210,0.0,0.0,11.06,3.24,0.0
20180518:2310,0.0,0.0,10.28,3.1,0.0
20180519:0010,0.0,0.0,9.39,3.03,0.0
20180519:0110,0.0,0.0,8.83,2.97,0.0
20180519:0210,0.0,0.0,8.07,2.97,0.0
20180519:0310,0.0,0.0,7.36,2.9,0.0
20180519:0410,0.0,0.0,6.74,2.9,0.0
20180519:0510,45.51,9.05,6.68,2.69,0.0
20180519:0610,170.13,18.6,7.82,3.1,0.0
20180519:0710,394.04,28.43,9.7,3.1,0.0
20180519:0810,619.61,38.19,11.66,3.17,0.0
20180519:0910,811.8,47.35,13.56,3.24,0.0
20180519:1010,957.83,55.1,15.21,3.31,0.0
20180519:1110,1049.6,60.02,16.48,3.31,0.0
20180519:1210,1056.95,60.52,17.41,3.31,0.0
20180519:1310,989.26,56.4,17.98,3.45,0.0
20180519:1410,859.91,49.11,18.27,3.52,0.0
20180519:1510,665.29,40.15,18.32,3.66,0.0
20180519:1610,446.24,30.47,18.06,3.72,0.0
20180519:1710,212.09,20.62,17.52,3.66,0.0
20180519:1810,56.68,10.99,16.74,3.03,0.0
20180519:1910,1.72,1.91,15.23,3.03,0.0
20180519:2010,0.0,0.0,13.63,3.17,0.0
20180519:2110,0.0,0.0,12.43,3.24,0.0
20180519:2210,0.0,0.0,11.42,3.17,0.0
20180519:2310,0.0,0.0,10.56,3.1,0.0
20180520:0010,0.0,0.0,9.86,2.97,0.0
20180520:0110,0.0,0.0,9.26,2.76,0.0
20180520:0210,0.0,0.0,8.68,2.55,0.0
20180520:0310,0.0,0.0,8.18,2.55,0.0
20180520:0410,0.0,0.0,7.76,2.55,0.0
20180520:0510,53.24,9.2,7.9,2.34,0.0
20180520:0610,166.68,18.74,9.57,2.41,0.0
20180520:0710,381.91,28.57,11.5,2.34,0.0
20180520:0810,613.62,38.33,13.69,2.41,0.0
20180520:0910,807.31,47.51,15.76,2.48,0.0
20180520:1010,957.85,55.28,17.66,2.69,0.0
20180520:1110,1049.53,60.22,19.26,2.69,0.0
20180520:1210,969.58,60.73,20.58,2.83,0.0
20180520:1310,961.4,56.6,21.37,3.1,0.0
20180520:1410,850.79,49.29,21.57,3.1,0.0
20180520:1510,662.28,40.32,21.49,3.1,0.0
20180520:1610,435.73,30.63,21.52,2.97,0.0
20180520:1710,213.29,20.78,21.35,2.55,0.0
20180520:1810,61.83,11.15,20.4,2.34,0.0
20180520:1910,1.72,2.09,18.65,2.69,0.0
20180520:2010,0.0,0.0,17.16,2.97,0.0
20180520:2110,0.0,0.0,16.07,2.83,0.0
20180520:2210,0.0,0.0,15.19,2.69,0.0
20180520:2310,0.0,0.0,14.35,2.55,0.0
20180521:0010,0.0,0.0,13.56,2.34,0.0
20180521:0110,0.0,0.0,12.79,2.21,0.0
20180521:0210,0.0,0.0,12.16,2.07,0.0
20180521:0310,0.0,0.0,11.8,2.07,0.0
20180521:0410,0.0,0.0,11.62,1.86,0.0
20180521:0510,52.38,9.35,11.77,1.45,0.0
20180521:0610,167.51,18.88,13.52,1.38,0.0
20180521:0710,381.51,28.71,14.72,1.52,0.0
20180521:0810,602.6,38.47,16.22,1.24,0.0
20180521:0910,794.15,47.67,17.72,1.03,0.0
20180521:1010,774.22,55.45,19.13,0.62,0.0
20180521:1110,539.37,60.42,20.03,0.07,0.0
20180521:1210,701.01,60.94,20.83,0.41,0.0
20180521:1310,464.86,56.79,21.3,0.62,0.0
20180521:1410,397.1,49.46,21.67,0.97,0.0
20180521:1510,590.23,40.48,21.67,1.31,0.0
20180521:1610,369.96,30.78,21.63,1.59,0.0
20180521:1710,204.64,20.93,21.19,1.45,0.0
20180521:1810,65.26,11.31,20.64,1.17,0.0
20180521:1910,0.86,2.26,19.7,1.45,0.0
20180521:2010,0.0,0.0,17.77,2.21,0.0
20180521:2110,0.0,0.0,16.23,2.34,0.0
20180521:2210,0.0,0.0,15.21,2.14,0.0
20180521:2310,0.0,0.0,14.49,1.86,0.0
20180522:0010,0.0,0.0,13.59,1.79,0.0
20180522:0110,0.0,0.0,12.97,1.93,0.0
20180522:0210,0.0,0.0,12.51,1.86,0.0
20180522:0310,0.0,0.0,12.09,1.79,0.0
20180522:0410,0.0,0.0,11.42,1.86,0.0
20180522:0510,45.51,9.49,11.66,1.59,0.0
20180522:0610,167.58,19.01,13.89,1.59,0.0
20180522:0710,378.94,28.84,15.9,2.0,0.0
20180522:0810,600.8,38.61,17.59,1.72,0.0
20180522:0910,786.44,47.82,19.28,1.52,0.0
20180522:1010,585.63,55.62,20.7,1.59,0.0
20180522:1110,880.23,60.61,21.68,1.59,0.0
20180522:1210,163.26,61.14,22.3,1.72,0.0
20180522:1310,110.98,56.98,22.64,1.79,0.0
20180522:1410,270.33,49.63,22.69,1.79,0.0
20180522:1510,90.8,40.64,22.57,1.17,0.0
20180522:1610,58.7,30.94,21.65,2.9,0.0
20180522:1710,76.13,21.09,18.21,3.79,0.0
20180522:1810,11.16,11.47,17.76,2.55,0.0
20180522:1910,6.01,2.42,18.22,2.07,0.0
20180522:2010,0.0,0.0,17.15,2.07,0.0
20180522:2110,0.0,0.0,16.29,2.14,0.0
20180522:2210,0.0,0.0,15.45,2.28,0.0
20180522:2310,0.0,0.0,14.68,2.28,0.0
20180523:0010,0.0,0.0,14.22,2.34,0.0
20180523:0110,0.0,0.0,13.69,2.55,0.0
20180523:0210,0.0,0.0,13.24,2.55,0.0
20180523:0310,0.0,0.0,12.89,2.41,0.0
20180523:0410,0.0,0.0,12.48,2.28,0.0
20180523:0510,52.38,9.62,12.36,2.28,0.0
20180523:0610,129.19,19.14,13.25,2.48,0.0
20180523:0710,153.92,28.97,14.58,3.72,0.0
20180523:0810,245.89,38.74,15.93,3.24,0.0
20180523:0910,617.04,47.96,17.58,2.9,0.0
20180523:1010,868.13,55.78,19.36,2.62,0.0
20180523:1110,983.15,60.8,20.33,2.07,0.0
20180523:1210,830.47,61.33,21.13,1.93,0.0
20180523:1310,693.13,57.16,21.85,1.86,0.0
20180523:1410,405.46,49.8,21.85,1.93,0.0
20180523:1510,458.16,40.79,21.64,2.07,0.0
20180523:1610,295.15,31.09,21.65,2.0,0.0
20180523:1710,195.29,21.24,20.46,2.14,0.0
20180523:1810,67.84,11.63,19.73,1.66,0.0
20180523:1910,0.86,2.59,18.89,1.93,0.0
20180523:2010,0.0,0.0,17.8,2.07,0.0
20180523:2110,0.0,0.0,16.61,2.28,0.0
20180523:2210,0.0,0.0,15.82,2.21,0.0
20180523:2310,0.0,0.0,15.11,1.86,0.0
20180524:0010,0.0,0.0,14.23,1.72,0.0
20180524:0110,0.0,0.0,13.66,1.79,0.0
20180524:0210,0.0,0.0,13.36,1.79,0.0
20180524:0310,0.0,0.0,13.11,1.72,0.0
20180524:0410,0.0,0.0,12.81,1.52,0.0
20180524:0510,48.09,9.75,13.04,1.17,0.0
20180524:0610,154.98,19.26,14.85,1.38,0.0
20180524:0710,262.54,29.09,16.13,0.97,0.0
20180524:0810,544.67,38.86,17.51,1.03,0.0
20180524:0910,663.26,48.09,19.29,1.1,0.0
20180524:1010,554.84,55.94,20.29,1.17,0.0
20180524:1110,633.22,60.98,20.91,1.52,0.0
20180524:1210,669.64,61.52,21.26,1.66,0.0
20180524:1310,393.1,57.34,21.94,1.66,0.0
20180524:1410,634.32,49.96,22.46,1.52,0.0
20180524:1510,592.6,40.94,22.54,1.24,0.0
20180524:1610,404.45,31.24,22.53,1.17,0.0
20180524:1710,209.91,21.39,22.24,1.31,0.0
20180524:1810,59.25,11.78,21.75,1.17,0.0
20180524:1910,7.73,2.75,19.36,2.41,0.0
20180524:2010,0.0,0.0,17.88,1.93,0.0
20180524:2110,0.0,0.0,16.91,1.52,0.0
20180524:2210,0.0,0.0,15.89,1.45,0.0
20180524:2310,0.0,0.0,14.75,1.31,0.0
20180525:0010,0.0,0.0,14.29,1.17,0.0
20180525:0110,0.0,0.0,14.47,0.97,0.0
20180525:0210,0.0,0.0,14.61,0.62,0.0
20180525:0310,0.0,0.0,12.91,1.1,0.0
20180525:0410,0.0,0.0,11.99,1.24,0.0
20180525:0510,49.81,9.87,12.89,1.17,0.0
20180525:0610,164.94,19.38,14.36,1.17,0.0
20180525:0710,357.75,29.2,16.93,1.93,0.0
20180525:0810,584.91,38.98,18.65,2.07,0.0
20180525:0910,782.84,48.22,20.71,2.21,0.0
20180525:1010,934.3,56.09,22.45,2.34,0.0
20180525:1110,971.55,61.15,23.97,2.21,0.0
20180525:1210,539.8,61.71,24.92,2.07,0.0
20180525:1310,319.85,57.51,25.5,2.07,0.0
20180525:1410,598.15,50.12,25.73,2.48,0.0
20180525:1510,518.53,41.09,24.86,2.55,0.0
20180525:1610,182.48,31.38,24.34,2.07,0.0
20180525:1710,187.47,21.53,23.86,1.79,0.0
20180525:1810,14.6,11.93,22.54,2.14,0.0
20180525:1910,5.15,2.9,21.55,2.76,0.0
20180525:2010,0.0,0.0,20.5,3.24,0.0
20180525:2110,0.0,0.0,19.63,3.31,0.0
20180525:2210,0.0,0.0,18.94,3.45,0.0
20180525:2310,0.0,0.0,18.47,3.24,0.0
20180526:0010,0.0,0.0,18.29,3.1,0.0
20180526:0110,0.0,0.0,18.12,3.03,0.0
20180526:0210,0.0,0.0,17.77,2.9,0.0
20180526:0310,0.0,0.0,17.46,2.83,0.0
20180526:0410,0.0,0.0,17.04,2.76,0.0
20180526:0510,53.24,9.99,17.0,2.9,0.0
20180526:0610,159.4,19.49,17.99,2.76,0.0
20180526:0710,373.84,29.31,19.22,2.83,0.0
20180526:0810,596.03,39.09,21.15,2.97,0.0
20180526:0910,772.09,48.34,23.31,3.52,0.0
20180526:1010,914.86,56.23,25.14,4.41,0.0
20180526:1110,992.24,61.32,26.26,4.83,0.0
20180526:1210,264.46,61.88,26.59,4.14,0.0
20180526:1310,676.76,57.68,27.08,4.28,0.0
20180526:1410,137.58,50.27,27.31,4.83,0.0
20180526:1510,227.49,41.24,27.22,4.9,0.0
20180526:1610,422.26,31.52,27.19,4.97,0.0
20180526:1710,200.34,21.68,26.7,4.48,0.0
20180526:1810,67.84,12.08,25.59,4.14,0.0
20180526:1910,12.88,3.06,24.89,3.52,0.0
20180526:2010,0.0,0.0,23.81,3.31,0.0
20180526:2110,0.0,0.0,23.05,2.9,0.0
20180526:2210,0.0,0.0,21.64,2.9,0.0
20180526:2310,0.0,0.0,20.36,2.34,0.0
20180527:0010,0.0,0.0,19.4,2.14,0.0
20180527:0110,0.0,0.0,19.04,2.41,0.0
20180527:0210,0.0,0.0,18.94,2.34,0.0
20180527:0310,0.0,0.0,18.72,2.55,0.0
20180527:0410,0.0,0.0,18.27,2.55,0.0
20180527:0510,57.54,10.1,18.4,2.34,0.0
20180527:0610,148.08,19.59,19.67,2.28,0.0
20180527:0710,289.59,29.41,20.21,0.97,0.0
20180527:0810,308.58,39.2,21.88,0.97,0.0
20180527:0910,786.83,48.46,23.35,1.31,0.0
20180527:1010,938.37,56.37,24.75,1.79,0.0
20180527:1110,957.42,61.48,25.22,1.38,0.0
20180527:1210,806.55,62.05,25.65,0.69,0.0
20180527:1310,928.46,57.84,26.07,1.31,0.0
20180527:1410,680.94,50.42,26.49,2.28,0.0
20180527:1510,485.82,41.38,23.97,2.28,0.0
20180527:1610,318.47,31.66,23.83,0.97,0.0
20180527:1710,213.43,21.82,23.9,0.48,0.0
20180527:1810,57.54,12.22,23.84,0.69,0.0
20180527:1910,12.88,3.21,22.8,1.38,0.0
20180527:2010,0.0,0.0,21.16,1.86,0.0
20180527:2110,0.0,0.0,19.89,1.72,0.0
20180527:2210,0.0,0.0,19.09,1.17,0.0
20180527:2310,0.0,0.0,19.86,0.41,0.0
20180528:0010,0.0,0.0,19.12,0.34,0.0
20180528:0110,0.0,0.0,18.32,0.69,0.0
20180528:0210,0.0,0.0,16.81,1.24,0.0
20180528:0310,0.0,0.0,16.46,1.31,0.0
20180528:0410,0.0,0.0,16.45,1.03,0.0
20180528:0510,49.81,10.21,16.61,0.83,0.0
20180528:0610,153.54,19.69,18.61,0.76,0.0
20180528:0710,249.47,29.51,19.9,0.28,0.0
20180528:0810,517.84,39.3,21.44,0.9,0.0
20180528:0910,564.71,48.57,22.84,1.45,0.0
20180528:1010,813.62,56.5,24.07,1.66,0.0
20180528:1110,759.41,61.63,25.08,1.79,0.0
20180528:1210,649.77,62.22,25.52,2.07,0.0
20180528:1310,459.59,58.0,25.94,2.14,0.0
20180528:1410,265.37,50.57,26.19,2.21,0.0
20180528:1510,177.02,41.52,25.06,2.28,0.0
20180528:1610,94.47,31.8,23.07,1.38,0.0
20180528:1710,30.27,21.95,23.02,1.03,0.0
20180528:1810,14.6,12.36,22.79,0.48,0.0
20180528:1910,1.72,3.35,20.4,0.55,0.0
20180528:2010,0.0,0.0,18.98,1.72,0.0
20180528:2110,0.0,0.0,18.39,1.79,0.0
20180528:2210,0.0,0.0,17.85,2.0,0.0
20180528:2310,0.0,0.0,17.46,1.86,0.0
20180529:0010,0.0,0.0,16.98,1.79,0.0
20180529:0110,0.0,0.0,16.55,1.66,0.0
20180529:0210,0.0,0.0,16.14,1.31,0.0
20180529:0310,0.0,0.0,16.02,1.24,0.0
20180529:0410,0.86,1.49,15.71,1.17,0.0
20180529:0510,59.25,10.31,16.55,0.83,0.0
20180529:0610,107.25,19.79,17.71,1.59,0.0
20180529:0710,292.07,29.6,18.97,2.28,0.0
20180529:0810,163.26,39.39,19.95,2.34,0.0
20180529:0910,120.15,48.67,20.44,2.28,0.0
20180529:1010,152.25,56.62,20.56,2.28,0.0
20180529:1110,143.08,61.78,20.56,2.34,0.0
20180529:1210,237.55,62.38,20.65,2.0,0.0
20180529:1310,306.87,58.16,21.53,1.45,0.0
20180529:1410,820.64,50.71,22.88,1.52,0.0
20180529:1510,352.68,41.65,23.42,1.38,0.0
20180529:1610,441.66,31.93,23.56,1.52,0.0
20180529:1710,217.39,22.08,23.38,1.66,0.0
20180529:1810,44.65,12.5,22.98,1.79,0.0
20180529:1910,14.6,3.49,21.47,0.28,0.0
20180529:2010,0.0,0.0,19.87,1.1,0.0
20180529:2110,0.0,0.0,18.63,0.97,0.0
20180529:2210,0.0,0.0,19.1,0.14,0.0
20180529:2310,0.0,0.0,17.23,1.17,0.0
20180530:0010,0.0,0.0,16.62,1.86,0.0
20180530:0110,0.0,0.0,16.35,2.21,0.0
20180530:0210,0.0,0.0,15.98,2.34,0.0
20180530:0310,0.0,0.0,15.59,2.41,0.0
20180530:0410,0.86,1.59,15.26,2.28,0.0
20180530:0510,45.51,10.4,15.4,1.79,0.0
20180530:0610,159.65,19.87,16.78,2.55,0.0
20180530:0710,362.6,29.69,17.28,2.69,0.0
20180530:0810,511.43,39.48,18.61,2.62,0.0
20180530:0910,425.63,48.77,20.51,2.62,0.0
20180530:1010,154.09,56.74,21.52,2.9,0.0
20180530:1110,397.24,61.92,22.05,2.76,0.0
20180530:1210,685.37,62.53,22.81,2.69,0.0
20180530:1310,499.79,58.31,23.38,2.48,0.0
20180530:1410,653.42,50.85,23.45,2.28,0.0
20180530:1510,508.44,41.78,23.73,1.79,0.0
20180530:1610,322.03,32.06,23.57,1.17,0.0
20180530:1710,113.95,22.21,23.65,1.1,0.0
20180530:1810,72.99,12.63,23.18,0.55,0.0
20180530:1910,16.32,3.63,22.01,1.1,0.0
20180530:2010,0.0,0.0,20.09,1.24,0.0
20180530:2110,0.0,0.0,18.42,1.79,0.0
20180530:2210,0.0,0.0,17.98,0.83,0.0
20180530:2310,0.0,0.0,17.37,1.79,0.0
20180531:0010,0.0,0.0,16.84,2.0,0.0
20180531:0110,0.0,0.0,16.5,1.93,0.0
20180531:0210,0.0,0.0,16.06,1.86,0.0
20180531:0310,0.0,0.0,15.59,1.93,0.0
20180531:0410,2.58,1.69,15.16,2.0,0.0
20180531:0510,48.09,10.49,15.4,1.86,0.0
20180531:0610,169.43,19.96,16.84,1.93,0.0
20180531:0710,362.06,29.77,18.02,2.41,0.0
20180531:0810,302.99,39.56,19.3,2.69,0.0
20180531:0910,683.7,48.87,20.07,2.76,0.0
20180531:1010,587.55,56.85,20.88,2.97,0.0
20180531:1110,823.97,62.05,21.76,2.97,0.0
20180531:1210,765.3,62.68,22.62,2.83,0.0
20180531:1310,690.51,58.45,23.29,2.62,0.0
20180531:1410,538.88,50.99,23.42,2.62,0.0
20180531:1510,424.1,41.91,23.24,2.76,0.0
20180531:1610,301.29,32.18,22.97,2.34,0.0
20180531:1710,215.67,22.34,22.62,1.86,0.0
20180531:1810,61.83,12.76,21.39,2.0,0.0
20180531:1910,5.15,3.77,20.19,0.41,0.0
20180531:2010,0.0,0.0,19.36,1.03,0.0
20180531:2110,0.0,0.0,18.29,1.24,0.0
20180531:2210,0.0,0.0,17.36,1.59,0.0
20180531:2310,0.0,0.0,16.53,2.07,0.0
20180601:0010,0.0,0.0,16.03,2.34,0.0
20180601:0110,0.0,0.0,15.69,2.48,0.0
20180601:0210,0.0,0.0,15.35,2.34,0.0
20180601:0310,0.0,0.0,14.98,2.07,0.0
20180601:0410,2.58,1.78,14.6,2.14,0.0
20180601:0510,21.47,10.57,14.98,2.07,0.0
20180601:0610,38.52,20.03,16.12,3.59,0.0
20180601:0710,78.88,29.84,16.95,3.66,0.0
20180601:0810,120.15,39.64,17.62,3.1,0.0
20180601:0910,139.41,48.95,18.39,2.83,0.0
20180601:1010,146.75,56.95,19.0,2.41,0.0
20180601:1110,355.41,62.18,19.75,2.28,0.0
20180601:1210,400.85,62.82,20.41,2.55,0.0
20180601:1310,236.63,58.59,20.43,2.97,0.0
20180601:1410,280.72,51.12,19.3,3.24,0.0
20180601:1510,183.44,42.04,19.33,2.83,0.0
20180601:1610,76.13,32.3,19.3,2.48,0.0
20180601:1710,54.11,22.46,19.31,2.41,0.0
20180601:1810,15.46,12.88,18.84,2.07,0.0
20180601:1910,5.15,3.89,17.74,1.52,0.0
20180601:2010,0.0,0.0,17.05,1.59,0.0
20180601:2110,0.0,0.0,16.33,1.59,0.0
20180601:2210,0.0,0.0,15.73,1.31,0.0
20180601:2310,0.0,0.0,15.36,0.83,0.0
20180602:0010,0.0,0.0,15.69,0.28,0.0
20180602:0110,0.0,0.0,15.43,0.41,0.0
20180602:0210,0.0,0.0,14.58,0.97,0.0
20180602:0310,0.0,0.0,13.94,1.24,0.0
20180602:0410,0.86,1.87,13.51,1.59,0.0
20180602:0510,52.38,10.65,13.91,1.1,0.0
20180602:0610,163.01,20.1,15.83,0.83,0.0
20180602:0710,367.36,29.91,16.85,1.24,0.0
20180602:0810,524.95,39.71,18.05,0.97,0.0
20180602:0910,522.83,49.03,19.44,1.24,0.0
20180602:1010,368.01,57.05,20.6,1.45,0.0
20180602:1110,485.94,62.3,21.41,1.38,0.0
20180602:1210,618.6,62.96,21.85,1.31,0.0
20180602:1310,710.06,58.72,22.12,1.38,0.0
20180602:1410,535.61,51.24,22.32,1.24,0.0
20180602:1510,535.69,42.16,22.54,1.03,0.0
20180602:1610,371.49,32.42,22.63,1.45,0.0
20180602:1710,220.38,22.58,22.2,1.93,0.0
20180602:1810,66.98,13.0,21.64,1.93,0.0
20180602:1910,18.03,4.02,20.91,1.79,0.0
20180602:2010,0.0,0.0,19.54,2.0,0.0
20180602:2110,0.0,0.0,18.52,2.14,0.0
20180602:2210,0.0,0.0,17.98,2.21,0.0
20180602:2310,0.0,0.0,17.33,2.41,0.0
20180603:0010,0.0,0.0,16.77,2.48,0.0
20180603:0110,0.0,0.0,16.69,2.34,0.0
20180603:0210,0.0,0.0,16.25,2.14,0.0
20180603:0310,0.0,0.0,15.95,2.0,0.0
20180603:0410,4.29,1.95,15.64,1.93,0.0
20180603:0510,54.96,10.72,15.56,1.79,0.0
20180603:0610,170.31,20.17,17.08,1.79,0.0
20180603:0710,374.48,29.97,19.08,2.55,0.0
20180603:0810,591.06,39.78,20.76,2.76,0.0
20180603:0910,768.37,49.1,22.23,2.97,0.0
20180603:1010,868.43,57.14,23.16,3.03,0.0
20180603:1110,822.22,62.41,23.72,2.97,0.0
20180603:1210,848.19,63.09,24.4,2.83,0.0
20180603:1310,875.03,58.85,24.48,2.76,0.0
20180603:1410,730.96,51.36,24.84,2.9,0.0
20180603:1510,578.4,42.27,24.81,2.97,0.0
20180603:1610,312.4,32.54,24.65,3.24,0.0
20180603:1710,202.96,22.7,24.43,3.17,0.0
20180603:1810,73.85,13.12,23.67,2.55,0.0
20180603:1910,2.58,4.14,22.34,2.55,0.0
20180603:2010,0.0,0.0,20.93,2.62,0.0
20180603:2110,0.0,0.0,19.93,2.83,0.0
20180603:2210,0.0,0.0,19.13,3.1,0.0
20180603:2310,0.0,0.0,18.55,3.24,0.0
20180604:0010,0.0,0.0,18.08,3.1,0.0
20180604:0110,0.0,0.0,17.53,2.9,0.0
20180604:0210,0.0,0.0,17.15,2.83,0.0
20180604:0310,0.0,0.0,16.63,2.9,0.0
20180604:0410,0.86,2.02,16.29,2.9,0.0
20180604:0510,32.63,10.78,16.55,2.83,0.0
20180604:0610,32.1,20.23,17.64,2.83,0.0
20180604:0710,95.39,30.03,18.01,1.66,0.0
20180604:0810,195.55,39.84,19.19,2.21,0.0
20180604:0910,226.74,49.17,20.91,2.34,0.0
20180604:1010,745.39,57.22,22.37,2.34,0.0
20180604:1110,868.87,62.52,23.69,2.34,0.0
20180604:1210,781.36,63.21,24.77,2.28,0.0
20180604:1310,718.24,58.98,25.24,2.55,0.0
20180604:1410,742.73,51.48,25.22,2.69,0.0
20180604:1510,266.29,42.38,25.5,2.62,0.0
20180604:1610,206.92,32.65,24.95,2.41,0.0
20180604:1710,223.51,22.81,24.38,3.1,0.0
20180604:1810,65.26,13.24,23.22,3.03,0.0
20180604:1910,19.75,4.26,22.33,2.69,0.0
20180604:2010,0.0,0.0,21.16,2.55,0.0
20180604:2110,0.0,0.0,20.08,2.62,0.0
20180604:2210,0.0,0.0,19.42,2.62,0.0
20180604:2310,0.0,0.0,19.03,2.55,0.0
20180605:0010,0.0,0.0,18.36,2.69,0.0
20180605:0110,0.0,0.0,17.86,2.9,0.0
20180605:0210,0.0,0.0,17.39,2.97,0.0
20180605:0310,0.0,0.0,17.06,3.03,0.0
20180605:0410,0.86,2.09,16.72,2.9,0.0
20180605:0510,10.3,10.84,16.95,2.69,0.0
20180605:0610,40.36,20.28,17.66,2.69,0.0
20180605:0710,82.55,30.08,17.08,2.48,0.0
20180605:0810,85.3,39.89,17.71,2.48,0.0
20180605:0910,96.3,49.23,18.63,2.48,0.0
20180605:1010,123.82,57.3,19.4,2.9,0.0
20180605:1110,132.07,62.62,19.62,3.31,0.0
20180605:1210,164.17,63.33,20.4,3.86,0.0
20180605:1310,343.05,59.1,21.64,4.07,0.0
20180605:1410,402.42,51.59,22.57,3.86,0.0
20180605:1510,460.64,42.49,23.56,4.07,0.0
20180605:1610,154.97,32.75,23.54,3.93,0.0
20180605:1710,124.24,22.91,23.16,4.07,0.0
20180605:1810,78.15,13.35,22.18,3.72,0.0
20180605:1910,20.61,4.37,20.27,3.86,0.0
20180605:2010,0.0,0.0,19.34,3.93,0.0
20180605:2110,0.0,0.0,18.59,4.0,0.0
20180605:2210,0.0,0.0,18.14,3.79,0.0
20180605:2310,0.0,0.0,17.78,3.66,0.0
20180606:0010,0.0,0.0,17.3,3.31,0.0
20180606:0110,0.0,0.0,16.76,3.03,0.0
20180606:0210,0.0,0.0,16.26,3.24,0.0
20180606:0310,0.0,0.0,15.84,3.03,0.0
20180606:0410,0.86,2.15,15.62,2.97,0.0
20180606:0510,12.88,10.89,15.74,2.62,0.0
20180606:0610,41.27,20.33,16.78,2.34,0.0
20180606:0710,59.62,30.13,16.95,1.93,0.0
20180606:0810,137.58,39.94,17.15,1.72,0.0
20180606:0910,218.48,49.29,17.67,2.0,0.0
20180606:1010,264.66,57.37,18.57,2.0,0.0
20180606:1110,161.42,62.72,20.05,1.72,0.0
20180606:1210,520.03,63.44,21.85,1.66,0.0
20180606:1310,689.75,59.21,22.98,1.66,0.0
20180606:1410,585.69,51.7,24.02,1.93,0.0
20180606:1510,53.2,42.6,24.38,2.48,0.0
20180606:1610,257.51,32.86,24.63,2.76,0.0
20180606:1710,35.77,23.02,23.66,2.83,0.0
20180606:1810,16.32,13.45,21.03,2.76,0.0
20180606:1910,5.15,4.48,20.28,0.76,0.0
20180606:2010,0.0,0.0,19.52,0.83,0.0
20180606:2110,0.0,0.0,18.53,1.93,0.0
20180606:2210,0.0,0.0,17.85,2.14,0.0
20180606:2310,0.0,0.0,17.53,2.28,0.0
20180607:0010,0.0,0.0,17.08,2.21,0.0
20180607:0110,0.0,0.0,16.64,2.21,0.0
20180607:0210,0.0,0.0,16.07,2.34,0.0
20180607:0310,0.0,0.0,15.58,2.34,0.0
20180607:0410,1.72,2.2,15.16,2.28,0.0
20180607:0510,48.95,10.94,15.3,1.86,0.0
20180607:0610,141.31,20.37,16.51,2.41,0.0
20180607:0710,340.53,30.17,16.74,2.97,0.0
20180607:0810,581.21,39.98,18.04,3.31,0.0
20180607:0910,675.48,49.34,19.3,3.31,0.0
20180607:1010,815.91,57.44,20.58,2.97,0.0
20180607:1110,931.53,62.8,21.78,2.76,0.0
20180607:1210,969.93,63.55,22.1,2.76,0.0
20180607:1310,900.91,59.32,22.59,2.9,0.0
20180607:1410,657.61,51.81,22.75,2.69,0.0
20180607:1510,450.77,42.7,23.23,2.55,0.0
20180607:1610,320.66,32.96,23.46,2.55,0.0
20180607:1710,144.63,23.12,23.24,2.34,0.0
20180607:1810,77.29,13.55,22.83,1.72,0.0
20180607:1910,17.17,4.58,21.89,1.45,0.0
20180607:2010,0.0,0.0,20.04,1.52,0.0
20180607:2110,0.0,0.0,18.5,1.52,0.0
20180607:2210,0.0,0.0,17.34,1.93,0.0
20180607:2310,0.0,0.0,16.4,1.93,0.0
20180608:0010,0.0,0.0,15.87,1.93,0.0
20180608:0110,0.0,0.0,15.35,1.93,0.0
20180608:0210,0.0,0.0,15.15,1.86,0.0
20180608:0310,0.0,0.0,14.61,1.72,0.0
20180608:0410,8.59,2.25,14.23,1.52,0.0
20180608:0510,53.24,10.98,14.85,1.17,0.0
20180608:0610,170.15,20.41,17.21,1.17,0.0
20180608:0710,262.9,30.2,19.27,1.79,0.0
20180608:0810,461.16,40.02,20.85,1.72,0.0
20180608:0910,591.69,49.38,22.19,2.0,0.0
20180608:1010,741.55,57.5,22.96,2.14,0.0
20180608:1110,675.44,62.88,23.85,2.0,0.0
20180608:1210,816.07,63.65,24.0,2.07,0.0
20180608:1310,923.88,59.42,24.68,2.34,0.0
20180608:1410,778.76,51.91,24.83,2.69,0.0
20180608:1510,577.41,42.8,24.93,2.83,0.0
20180608:1610,374.98,33.05,23.98,2.62,0.0
20180608:1710,185.31,23.21,23.26,2.76,0.0
20180608:1810,81.58,13.65,22.81,2.62,0.0
20180608:1910,11.16,4.68,21.88,2.83,0.0
20180608:2010,0.0,0.0,20.75,2.69,0.0
20180608:2110,0.0,0.0,19.97,2.55,0.0
20180608:2210,0.0,0.0,19.13,2.48,0.0
20180608:2310,0.0,0.0,18.44,2.34,0.0
20180609:0010,0.0,0.0,17.67,2.28,0.0
20180609:0110,0.0,0.0,17.03,2.34,0.0
20180609:0210,0.0,0.0,16.55,2.34,0.0
20180609:0310,0.0,0.0,16.1,2.34,0.0
20180609:0410,0.86,2.3,15.71,2.28,0.0
20180609:0510,36.93,11.02,15.91,2.21,0.0
20180609:0610,139.49,20.44,17.08,2.83,0.0
20180609:0710,107.31,30.23,17.95,3.59,0.0
20180609:0810,165.09,40.05,19.16,3.24,0.0
20180609:0910,200.86,49.42,20.87,2.97,0.0
20180609:1010,333.31,57.55,22.27,2.76,0.0
20180609:1110,678.2,62.96,23.6,2.62,0.0
20180609:1210,709.91,63.74,24.66,2.28,0.0
20180609:1310,670.17,59.51,25.45,1.93,0.0
20180609:1410,584.89,52.0,25.82,1.79,0.0
20180609:1510,435.09,42.89,26.14,1.79,0.0
20180609:1610,293.14,33.14,26.06,1.93,0.0
20180609:1710,99.06,23.31,26.05,2.14,0.0
20180609:1810,80.72,13.74,25.32,1.66,0.0
20180609:1910,10.3,4.78,22.49,1.38,0.0
20180609:2010,0.0,0.0,21.37,0.9,0.0
20180609:2110,0.0,0.0,20.62,2.0,0.0
20180609:2210,0.0,0.0,19.8,1.72,0.0
20180609:2310,0.0,0.0,18.75,1.38,0.0
20180610:0010,0.0,0.0,17.62,1.66,0.0
20180610:0110,0.0,0.0,17.03,2.0,0.0
20180610:0210,0.0,0.0,16.85,2.07,0.0
20180610:0310,0.0,0.0,16.65,2.21,0.0
20180610:0410,3.43,2.33,16.43,2.21,0.0
20180610:0510,45.51,11.05,16.77,2.07,0.0
20180610:0610,122.45,20.47,17.92,2.62,0.0
20180610:0710,209.57,30.26,18.43,2.07,0.0
20180610:0810,296.96,40.07,19.97,1.86,0.0
20180610:0910,412.22,49.46,21.43,2.07,0.0
20180610:1010,307.52,57.6,22.44,2.14,0.0
20180610:1110,364.31,63.02,23.68,1.66,0.0
20180610:1210,467.94,63.82,24.46,1.38,0.0
20180610:1310,444.21,59.61,23.48,1.1,0.0
20180610:1410,574.71,52.09,23.5,0.48,0.0
20180610:1510,509.03,42.98,23.11,1.17,0.0
20180610:1610,432.85,33.23,23.12,2.34,0.0
20180610:1710,220.86,23.39,22.06,2.76,0.0
20180610:1810,13.74,13.83,20.99,1.93,0.0
20180610:1910,18.03,4.87,20.63,0.97,0.0
20180610:2010,0.0,0.0,19.98,1.66,0.0
20180610:2110,0.0,0.0,19.16,1.86,0.0
20180610:2210,0.0,0.0,18.9,1.93,0.0
20180610:2310,0.0,0.0,18.49,1.93,0.0
20180611:0010,0.0,0.0,18.13,1.72,0.0
20180611:0110,0.0,0.0,17.63,1.52,0.0
20180611:0210,0.0,0.0,17.24,1.72,0.0
20180611:0310,0.0,0.0,16.95,1.93,0.0
20180611:0410,6.87,2.37,16.7,2.0,0.0
20180611:0510,26.62,11.08,17.25,2.28,0.0
20180611:0610,141.97,20.49,18.23,2.97,0.0
20180611:0710,173.47,30.28,18.96,2.97,0.0
20180611:0810,289.14,40.1,20.01,3.31,0.0
20180611:0910,233.34,49.48,20.71,3.17,0.0
20180611:1010,87.13,57.63,20.57,3.24,0.0
20180611:1110,122.9,63.08,21.21,3.03,0.0
20180611:1210,126.57,63.9,21.07,2.41,0.0
20180611:1310,161.42,59.69,20.64,2.41,0.0
20180611:1410,471.98,52.18,21.01,2.07,0.0
20180611:1510,315.02,43.06,21.47,1.72,0.0
20180611:1610,55.03,33.31,21.09,1.52,0.0
20180611:1710,220.89,23.48,20.88,1.45,0.0
20180611:1810,79.86,13.92,20.52,1.17,0.0
20180611:1910,3.43,4.95,19.09,1.59,0.0
20180611:2010,0.0,0.0,18.42,1.45,0.0
20180611:2110,0.0,0.0,18.04,1.45,0.0
20180611:2210,0.0,0.0,17.89,1.45,0.0
20180611:2310,0.0,0.0,17.68,1.38,0.0
20180612:0010,0.0,0.0,17.47,1.03,0.0
20180612:0110,0.0,0.0,17.28,0.76,0.0
20180612:0210,0.0,0.0,17.05,0.97,0.0
20180612:0310,0.0,0.0,16.67,1.45,0.0
20180612:0410,10.3,2.39,16.35,1.66,0.0
20180612:0510,18.89,11.1,16.15,1.72,0.0
20180612:0610,70.62,20.5,16.15,1.59,0.0
20180612:0710,48.61,30.29,16.51,1.59,0.0
20180612:0810,121.07,40.11,16.71,2.48,0.0
20180612:0910,144.0,49.5,16.38,3.52,0.0
20180612:1010,120.15,57.67,16.23,4.07,0.0
20180612:1110,125.65,63.14,16.64,4.48,0.0
20180612:1210,145.83,63.97,16.9,4.21,0.0
20180612:1310,199.94,59.77,17.59,5.52,0.0
20180612:1410,276.46,52.26,18.31,5.79,0.0
20180612:1510,248.79,43.14,18.69,5.17,0.0
20180612:1610,249.32,33.39,18.69,4.62,0.0
20180612:1710,196.59,23.56,18.7,4.34,0.0
20180612:1810,82.44,14.0,18.36,3.66,0.0
20180612:1910,12.88,5.03,17.79,3.86,0.0
20180612:2010,0.0,0.0,16.86,3.45,0.0
20180612:2110,0.0,0.0,16.04,3.59,0.0
20180612:2210,0.0,0.0,15.32,3.93,0.0
20180612:2310,0.0,0.0,14.35,3.86,0.0
20180613:0010,0.0,0.0,13.61,3.79,0.0
20180613:0110,0.0,0.0,12.99,3.72,0.0
20180613:0210,0.0,0.0,12.43,3.59,0.0
20180613:0310,0.0,0.0,11.8,3.38,0.0
20180613:0410,10.3,2.41,11.3,3.31,0.0
20180613:0510,55.82,11.11,11.23,3.72,0.0
20180613:0610,173.13,20.51,11.79,3.79,0.0
20180613:0710,0.0,0.0,12.69,3.72,0.0
20180613:0810,346.56,40.12,13.64,3.72,0.0
20180613:0910,358.69,49.52,14.59,3.38,0.0
20180613:1010,145.83,57.7,15.61,3.52,0.0
20180613:1110,161.42,63.18,16.22,3.45,0.0
20180613:1210,582.15,64.04,16.74,3.1,0.0
20180613:1310,137.58,59.85,17.25,2.9,0.0
20180613:1410,228.38,52.33,17.43,2.76,0.0
20180613:1510,265.72,43.21,17.5,2.48,0.0
20180613:1610,311.93,33.47,17.44,2.21,0.0
20180613:1710,138.2,23.63,17.64,1.93,0.0
20180613:1810,66.12,14.07,17.43,1.1,0.0
20180613:1910,12.88,5.11,16.55,1.03,0.0
20180613:2010,0.0,0.0,15.77,0.62,0.0
20180613:2110,0.0,0.0,15.18,0.62,0.0
20180613:2210,0.0,0.0,13.36,1.1,0.0
20180613:2310,0.0,0.0,11.94,1.38,0.0
20180614:0010,0.0,0.0,10.97,1.52,0.0
20180614:0110,0.0,0.0,10.27,1.66,0.0
20180614:0210,0.0,0.0,9.67,1.86,0.0
20180614:0310,0.0,0.0,9.63,1.93,0.0
20180614:0410,10.3,2.43,9.85,1.93,0.0
20180614:0510,54.96,11.12,10.66,1.86,0.0
20180614:0610,168.89,20.52,13.2,1.86,0.0
20180614:0710,300.41,30.3,15.18,2.41,0.0
20180614:0810,261.05,40.12,16.66,3.03,0.0
20180614:0910,339.85,49.53,17.59,3.52,0.0
20180614:1010,414.71,57.72,18.17,3.93,0.0
20180614:1110,403.78,63.22,18.12,3.72,0.0
20180614:1210,185.27,64.1,18.34,3.66,0.0
20180614:1310,422.38,59.91,18.47,3.52,0.0
20180614:1410,549.37,52.4,19.41,4.55,0.0
20180614:1510,314.55,43.28,18.88,3.45,0.0
20180614:1610,235.83,33.54,18.3,2.9,0.0
20180614:1710,63.29,23.7,18.29,2.55,0.0
20180614:1810,13.74,14.14,18.13,2.28,0.0
20180614:1910,3.43,5.18,17.36,2.21,0.0
20180614:2010,0.0,0.0,16.88,1.79,0.0
20180614:2110,0.0,0.0,16.51,1.52,0.0
20180614:2210,0.0,0.0,16.18,1.52,0.0
20180614:2310,0.0,0.0,15.93,1.52,0.0
20180615:0010,0.0,0.0,15.6,1.31,0.0
20180615:0110,0.0,0.0,15.07,1.38,0.0
20180615:0210,0.0,0.0,14.74,1.31,0.0
20180615:0310,0.0,0.0,14.07,1.52,0.0
20180615:0410,7.73,2.44,14.01,1.52,0.0
20180615:0510,61.83,11.12,13.88,1.38,0.0
20180615:0610,83.46,20.52,14.79,1.38,0.0
20180615:0710,326.52,30.3,15.66,1.52,0.0
20180615:0810,581.71,40.12,16.29,1.17,0.0
20180615:0910,777.3,49.53,17.28,0.83,0.0
20180615:1010,525.4,57.73,18.59,0.48,0.0
20180615:1110,617.78,63.25,19.25,1.24,0.0
20180615:1210,445.76,64.15,19.88,2.0,0.0
20180615:1310,604.05,59.98,20.6,2.48,0.0
20180615:1410,644.02,52.47,21.06,2.55,0.0
20180615:1510,573.4,43.35,20.8,2.62,0.0
20180615:1610,396.87,33.6,20.92,2.69,0.0
20180615:1710,215.53,23.77,20.47,2.21,0.0
20180615:1810,79.92,14.21,20.01,2.07,0.0
20180615:1910,24.9,5.25,20.04,1.24,0.0
20180615:2010,0.0,0.0,18.41,1.59,0.0
20180615:2110,0.0,0.0,17.59,2.28,0.0
20180615:2210,0.0,0.0,16.58,2.76,0.0
20180615:2310,0.0,0.0,15.69,2.69,0.0
20180616:0010,0.0,0.0,15.13,2.48,0.0
20180616:0110,0.0,0.0,14.7,2.41,0.0
20180616:0210,0.0,0.0,14.45,2.41,0.0
20180616:0310,0.0,0.0,14.24,2.14,0.0
20180616:0410,4.29,2.44,14.06,2.28,0.0
20180616:0510,24.04,11.12,14.06,2.07,0.0
20180616:0610,81.63,20.51,14.15,2.0,0.0
20180616:0710,278.04,30.29,14.98,2.07,0.0
20180616:0810,376.64,40.12,16.21,1.79,0.0
20180616:0910,762.1,49.53,17.66,1.52,0.0
20180616:1010,768.06,57.74,18.78,1.72,0.0
20180616:1110,813.61,63.28,19.97,2.48,0.0
20180616:1210,738.02,64.19,20.7,3.17,0.0
20180616:1310,943.85,60.03,21.02,3.38,0.0
20180616:1410,672.02,52.53,21.19,3.59,0.0
20180616:1510,490.51,43.41,20.96,3.45,0.0
20180616:1610,296.75,33.67,20.48,3.03,0.0
20180616:1710,153.48,23.83,19.99,2.55,0.0
20180616:1810,62.81,14.27,19.58,1.93,0.0
20180616:1910,8.59,5.31,19.06,1.17,0.0
20180616:2010,0.0,0.0,18.34,0.62,0.0
20180616:2110,0.0,0.0,16.73,1.1,0.0
20180616:2210,0.0,0.0,15.66,1.59,0.0
20180616:2310,0.0,0.0,15.27,1.86,0.0
20180617:0010,0.0,0.0,14.71,2.21,0.0
20180617:0110,0.0,0.0,14.63,2.34,0.0
20180617:0210,0.0,0.0,14.26,2.41,0.0
20180617:0310,0.0,0.0,14.04,2.41,0.0
20180617:0410,5.15,2.44,13.99,2.14,0.0
20180617:0510,58.39,11.11,14.3,1.72,0.0
20180617:0610,163.56,20.5,14.58,2.34,0.0
20180617:0710,201.77,30.28,14.99,2.41,0.0
20180617:0810,357.38,40.11,15.56,2.62,0.0
20180617:0910,345.71,49.52,15.79,2.55,0.0
20180617:1010,257.97,57.74,15.82,2.34,0.0
20180617:1110,288.54,63.3,16.91,3.45,0.0
20180617:1210,446.3,64.23,17.77,3.79,0.0
20180617:1310,627.43,60.08,18.17,3.79,0.0
20180617:1410,520.66,52.58,18.75,3.86,0.0
20180617:1510,521.97,43.47,19.17,3.79,0.0
20180617:1610,381.95,33.72,19.12,3.45,0.0
20180617:1710,224.07,23.89,18.95,3.03,0.0
20180617:1810,75.15,14.32,18.68,2.07,0.0
20180617:1910,22.33,5.36,18.13,1.79,0.0
20180617:2010,0.0,0.0,17.36,2.0,0.0
20180617:2110,0.0,0.0,16.92,2.28,0.0
20180617:2210,0.0,0.0,16.8,2.48,0.0
20180617:2310,0.0,0.0,16.74,2.62,0.0
20180618:0010,0.0,0.0,16.43,2.62,0.0
20180618:0110,0.0,0.0,16.23,2.62,0.0
20180618:0210,0.0,0.0,15.7,2.41,0.0
20180618:0310,0.0,0.0,15.17,2.34,0.0
20180618:0410,0.86,2.43,14.7,2.28,0.0
20180618:0510,18.03,11.1,14.98,2.21,0.0
20180618:0610,131.84,20.49,15.49,2.34,0.0
20180618:0710,219.64,30.26,16.58,2.62,0.0
20180618:0810,178.85,40.09,17.2,3.17,0.0
20180618:0910,382.27,49.51,17.38,3.03,0.0
20180618:1010,555.01,57.74,18.73,3.24,0.0
20180618:1110,609.97,63.31,19.43,3.24,0.0
20180618:1210,786.69,64.26,20.39,3.45,0.0
20180618:1310,608.33,60.13,20.89,3.52,0.0
20180618:1410,588.97,52.63,21.24,3.66,0.0
20180618:1510,549.27,43.52,21.51,3.86,0.0
20180618:1610,413.96,33.77,21.19,3.59,0.0
20180618:1710,231.95,23.94,20.72,3.1,0.0
20180618:1810,53.38,14.38,20.43,2.83,0.0
20180618:1910,26.62,5.41,19.74,2.0,0.0
20180618:2010,0.0,0.0,18.35,2.0,0.0
20180618:2110,0.0,0.0,16.97,2.0,0.0
20180618:2210,0.0,0.0,15.87,2.21,0.0
20180618:2310,0.0,0.0,15.04,2.21,0.0
20180619:0010,0.0,0.0,14.34,2.07,0.0
20180619:0110,0.0,0.0,13.66,1.93,0.0
20180619:0210,0.0,0.0,13.29,1.59,0.0
20180619:0310,0.0,0.0,13.19,1.38,0.0
20180619:0410,1.72,2.41,13.81,1.31,0.0
20180619:0510,23.19,11.08,14.85,1.17,0.0
20180619:0610,66.04,20.47,15.99,1.38,0.0
20180619:0710,107.31,30.24,17.27,1.66,0.0
20180619:0810,134.83,40.07,18.05,1.66,0.0
20180619:0910,138.49,49.49,18.69,1.17,0.0
20180619:1010,207.28,57.73,19.32,0.97,0.0
20180619:1110,496.88,63.32,19.84,0.97,0.0
20180619:1210,512.67,64.29,20.43,0.9,0.0
20180619:1310,762.45,60.17,21.28,0.97,0.0
20180619:1410,732.08,52.68,21.99,0.9,0.0
20180619:1510,649.01,43.57,22.38,1.03,0.0
20180619:1610,457.16,33.82,22.69,1.24,0.0
20180619:1710,239.65,23.99,22.51,1.52,0.0
20180619:1810,57.33,14.42,22.02,1.66,0.0
20180619:1910,27.48,5.46,21.59,1.59,0.0
20180619:2010,0.0,0.0,20.21,2.07,0.0
20180619:2110,0.0,0.0,18.94,2.21,0.0
20180619:2210,0.0,0.0,18.29,2.14,0.0
20180619:2310,0.0,0.0,17.51,2.14,0.0
20180620:0010,0.0,0.0,16.57,2.14,0.0
20180620:0110,0.0,0.0,16.1,2.0,0.0
20180620:0210,0.0,0.0,15.5,2.0,0.0
20180620:0310,0.0,0.0,14.97,1.93,0.0
20180620:0410,9.45,2.39,14.32,1.86,0.0
20180620:0510,53.24,11.06,14.59,1.31,0.0
20180620:0610,166.75,20.44,17.15,1.03,0.0
20180620:0710,376.88,30.22,19.11,1.24,0.0
20180620:0810,581.13,40.04,20.75,1.1,0.0
20180620:0910,774.25,49.47,22.2,0.76,0.0
20180620:1010,910.29,57.71,23.45,0.62,0.0
20180620:1110,990.35,63.32,24.46,0.76,0.0
20180620:1210,996.18,64.31,25.32,0.83,0.0
20180620:1310,902.47,60.2,25.9,0.97,0.0
20180620:1410,740.12,52.72,26.36,1.03,0.0
20180620:1510,602.48,43.61,26.54,1.24,0.0
20180620:1610,437.72,33.87,26.48,1.38,0.0
20180620:1710,238.86,24.03,26.22,1.31,0.0
20180620:1810,52.88,14.46,25.72,1.1,0.0
20180620:1910,27.48,5.5,24.23,1.66,0.0
20180620:2010,0.0,0.0,22.38,1.79,0.0
20180620:2110,0.0,0.0,20.34,2.0,0.0
20180620:2210,0.0,0.0,18.93,2.34,0.0
20180620:2310,0.0,0.0,17.98,2.48,0.0
20180621:0010,0.0,0.0,17.27,2.55,0.0
20180621:0110,0.0,0.0,16.65,2.69,0.0
20180621:0210,0.0,0.0,16.15,2.55,0.0
20180621:0310,0.0,0.0,15.64,2.34,0.0
20180621:0410,4.29,2.37,15.07,2.9,0.0
20180621:0510,61.83,11.03,15.33,3.66,0.0
20180621:0610,80.71,20.41,16.02,4.76,0.0
20180621:0710,87.13,30.18,16.68,4.0,0.0
20180621:0810,342.2,40.01,16.94,4.41,0.0
20180621:0910,619.71,49.44,17.01,4.83,0.0
20180621:1010,783.13,57.69,17.34,4.69,0.0
20180621:1110,862.66,63.31,17.91,4.34,0.0
20180621:1210,1009.07,64.32,18.75,4.28,0.0
20180621:1310,952.06,60.22,19.36,4.55,0.0
20180621:1410,740.25,52.75,19.61,4.76,0.0
20180621:1510,562.62,43.65,19.55,4.9,0.0
20180621:1610,447.97,33.9,19.19,5.17,0.0
20180621:1710,239.49,24.07,18.53,5.38,0.0
20180621:1810,54.2,14.5,17.54,4.97,0.0
20180621:1910,28.34,5.53,15.73,5.38,0.0
20180621:2010,0.0,0.0,14.24,5.03,0.0
20180621:2110,0.0,0.0,13.18,4.62,0.0
20180621:2210,0.0,0.0,12.39,4.0,0.0
20180621:2310,0.0,0.0,11.69,3.52,0.0
20180622:0010,0.0,0.0,11.0,3.1,0.0
20180622:0110,0.0,0.0,10.32,2.62,0.0
20180622:0210,0.0,0.0,9.58,2.21,0.0
20180622:0310,0.0,0.0,8.91,2.14,0.0
20180622:0410,9.45,2.34,8.31,2.07,0.0
20180622:0510,49.81,11.0,8.69,1.72,0.0
20180622:0610,167.64,20.38,11.13,1.86,0.0
20180622:0710,383.23,30.15,12.79,2.28,0.0
20180622:0810,601.33,39.98,14.3,2.55,0.0
20180622:0910,794.62,49.41,15.68,3.03,0.0
20180622:1010,913.02,57.66,16.93,3.38,0.0
20180622:1110,804.68,63.29,18.26,4.41,0.0
20180622:1210,828.55,64.32,18.86,4.28,0.0
20180622:1310,753.29,60.24,18.96,4.14,0.0
20180622:1410,711.36,52.78,19.14,3.86,0.0
20180622:1510,576.21,43.68,19.25,3.79,0.0
20180622:1610,403.01,33.94,19.39,4.0,0.0
20180622:1710,241.34,24.1,19.19,3.86,0.0
20180622:1810,50.55,14.53,18.63,3.66,0.0
20180622:1910,26.62,5.56,17.31,3.59,0.0
20180622:2010,0.0,0.0,15.7,3.79,0.0
20180622:2110,0.0,0.0,14.41,3.86,0.0
20180622:2210,0.0,0.0,13.29,3.59,0.0
20180622:2310,0.0,0.0,12.28,3.24,0.0
20180623:0010,0.0,0.0,11.36,2.9,0.0
20180623:0110,0.0,0.0,10.48,2.69,0.0
20180623:0210,0.0,0.0,9.74,2.48,0.0
20180623:0310,0.0,0.0,9.09,2.34,0.0
20180623:0410,9.45,2.3,8.55,2.28,0.0
20180623:0510,50.67,10.96,8.92,2.07,0.0
20180623:0610,165.34,20.33,10.57,2.41,0.0
20180623:0710,377.79,30.11,12.5,2.55,0.0
20180623:0810,596.31,39.94,14.09,2.9,0.0
20180623:0910,784.18,49.37,15.63,3.17,0.0
20180623:1010,929.0,57.63,17.01,3.31,0.0
20180623:1110,1005.31,63.27,18.21,3.38,0.0
20180623:1210,935.43,64.32,19.24,3.52,0.0
20180623:1310,946.35,60.26,19.95,3.52,0.0
20180623:1410,846.67,52.8,20.42,3.52,0.0
20180623:1510,430.5,43.71,20.47,3.66,0.0
20180623:1610,451.96,33.97,20.41,3.79,0.0
20180623:1710,249.34,24.13,20.12,3.66,0.0
20180623:1810,90.46,14.56,19.6,2.83,0.0
20180623:1910,26.62,5.58,18.65,2.21,0.0
20180623:2010,0.0,0.0,17.24,2.28,0.0
20180623:2110,0.0,0.0,15.96,2.34,0.0
20180623:2210,0.0,0.0,14.9,2.21,0.0
20180623:2310,0.0,0.0,13.89,2.07,0.0
20180624:0010,0.0,0.0,13.01,2.21,0.0
20180624:0110,0.0,0.0,12.35,2.21,0.0
20180624:0210,0.0,0.0,11.69,2.14,0.0
20180624:0310,0.0,0.0,11.16,2.07,0.0
20180624:0410,1.72,2.26,10.72,2.0,0.0
20180624:0510,52.38,10.92,11.32,1.79,0.0
20180624:0610,161.78,20.29,13.27,1.72,0.0
20180624:0710,306.9,30.06,15.41,1.86,0.0
20180624:0810,458.06,39.89,17.15,1.86,0.0
20180624:0910,713.68,49.33,18.52,2.28,0.0
20180624:1010,802.55,57.59,19.46,2.83,0.0
20180624:1110,802.05,63.24,20.14,3.38,0.0
20180624:1210,915.92,64.31,20.67,3.59,0.0
20180624:1310,854.59,60.27,21.04,3.86,0.0
20180624:1410,784.16,52.82,21.29,4.07,0.0
20180624:1510,603.23,43.73,21.33,4.07,0.0
20180624:1610,387.37,33.99,21.2,4.21,0.0
20180624:1710,229.85,24.15,20.79,4.21,0.0
20180624:1810,69.01,14.58,20.07,3.45,0.0
20180624:1910,29.2,5.6,19.04,2.9,0.0
20180624:2010,0.0,0.0,17.54,2.48,0.0
20180624:2110,0.0,0.0,16.41,2.48,0.0
20180624:2210,0.0,0.0,15.64,2.83,0.0
20180624:2310,0.0,0.0,15.19,3.38,0.0
20180625:0010,0.0,0.0,14.79,3.52,0.0
20180625:0110,0.0,0.0,14.17,3.03,0.0
20180625:0210,0.0,0.0,13.59,2.76,0.0
20180625:0310,0.0,0.0,13.03,2.76,0.0
20180625:0410,8.59,2.22,12.59,2.69,0.0
20180625:0510,50.67,10.87,12.8,2.48,0.0
20180625:0610,161.48,20.24,13.91,3.03,0.0
20180625:0710,368.41,30.01,15.47,3.17,0.0
20180625:0810,583.14,39.84,16.84,3.17,0.0
20180625:0910,767.62,49.28,18.44,3.72,0.0
20180625:1010,909.55,57.55,20.42,4.48,0.0
20180625:1110,991.21,63.21,21.8,4.76,0.0
20180625:1210,1011.25,64.29,22.3,4.76,0.0
20180625:1310,945.24,60.27,22.65,4.9,0.0
20180625:1410,816.25,52.83,22.79,4.97,0.0
20180625:1510,645.46,43.75,23.03,4.9,0.0
20180625:1610,454.36,34.01,22.98,4.69,0.0
20180625:1710,239.38,24.17,22.67,4.41,0.0
20180625:1810,57.13,14.6,22.05,3.66,0.0
20180625:1910,28.34,5.61,21.11,3.24,0.0
20180625:2010,0.0,0.0,19.59,2.97,0.0
20180625:2110,0.0,0.0,18.4,2.83,0.0
20180625:2210,0.0,0.0,17.49,2.76,0.0
20180625:2310,0.0,0.0,16.71,2.69,0.0
20180626:0010,0.0,0.0,16.0,2.62,0.0
20180626:0110,0.0,0.0,15.32,2.62,0.0
20180626:0210,0.0,0.0,14.71,2.55,0.0
20180626:0310,0.0,0.0,14.1,2.41,0.0
20180626:0410,8.59,2.16,13.49,2.34,0.0
20180626:0510,49.81,10.81,13.72,2.14,0.0
20180626:0610,162.61,20.19,15.35,2.21,0.0
20180626:0710,374.03,29.96,17.41,2.62,0.0
20180626:0810,593.41,39.79,19.23,2.55,0.0
20180626:0910,781.26,49.23,21.0,2.62,0.0
20180626:1010,925.1,57.5,22.4,3.03,0.0
20180626:1110,1015.09,63.17,23.41,3.38,0.0
20180626:1210,1029.56,64.27,24.22,3.66,0.0
20180626:1310,983.56,60.26,24.78,3.93,0.0
20180626:1410,859.44,52.84,25.15,4.07,0.0
20180626:1510,675.97,43.76,25.22,4.07,0.0
20180626:1610,474.54,34.02,25.03,4.07,0.0
20180626:1710,248.6,24.18,24.52,4.0,0.0
20180626:1810,53.39,14.61,23.59,3.38,0.0
20180626:1910,27.48,5.62,22.09,3.31,0.0
20180626:2010,0.0,0.0,20.33,3.38,0.0
20180626:2110,0.0,0.0,19.05,3.38,0.0
20180626:2210,0.0,0.0,18.01,3.31,0.0
20180626:2310,0.0,0.0,17.09,3.17,0.0
20180627:0010,0.0,0.0,16.34,3.17,0.0
20180627:0110,0.0,0.0,15.71,2.97,0.0
20180627:0210,0.0,0.0,15.11,2.76,0.0
20180627:0310,0.0,0.0,14.6,2.69,0.0
20180627:0410,8.59,2.11,14.18,2.62,0.0
20180627:0510,52.38,10.76,14.58,2.48,0.0
20180627:0610,161.15,20.13,16.3,2.55,0.0
20180627:0710,371.34,29.9,18.69,2.76,0.0
20180627:0810,590.61,39.73,20.71,2.76,0.0
20180627:0910,778.35,49.17,22.54,2.9,0.0
20180627:1010,923.2,57.44,24.1,3.17,0.0
20180627:1110,1006.44,63.12,25.3,3.66,0.0
20180627:1210,1020.92,64.24,26.12,3.93,0.0
20180627:1310,976.26,60.25,26.67,4.07,0.0
20180627:1410,849.34,52.84,27.05,4.14,0.0
20180627:1510,670.64,43.76,27.15,4.21,0.0
20180627:1610,467.48,34.03,26.97,4.34,0.0
20180627:1710,244.23,24.19,26.54,4.41,0.0
20180627:1810,62.23,14.61,25.7,3.72,0.0
20180627:1910,29.2,5.62,24.44,3.72,0.0
20180627:2010,0.0,0.0,22.87,3.72,0.0
20180627:2110,0.0,0.0,21.76,3.79,0.0
20180627:2210,0.0,0.0,20.9,3.79,0.0
20180627:2310,0.0,0.0,20.2,3.59,0.0
20180628:0010,0.0,0.0,19.47,3.38,0.0
20180628:0110,0.0,0.0,18.7,3.31,0.0
20180628:0210,0.0,0.0,18.03,3.17,0.0
20180628:0310,0.0,0.0,17.34,3.1,0.0
20180628:0410,6.01,2.04,16.68,3.03,0.0
20180628:0510,56.68,10.69,16.63,2.97,0.0
20180628:0610,160.29,20.06,17.84,2.9,0.0
20180628:0710,369.0,29.84,20.33,3.38,0.0
20180628:0810,585.35,39.67,22.1,3.59,0.0
20180628:0910,770.32,49.11,23.66,4.14,0.0
20180628:1010,913.66,57.38,24.72,5.17,0.0
20180628:1110,996.7,63.07,25.39,5.52,0.0
20180628:1210,1016.93,64.2,25.96,5.45,0.0
20180628:1310,972.4,60.23,26.43,5.38,0.0
20180628:1410,846.72,52.83,26.72,5.45,0.0
20180628:1510,669.3,43.77,26.9,5.59,0.0
20180628:1610,467.76,34.03,26.86,5.59,0.0
20180628:1710,242.66,24.19,26.19,4.69,0.0
20180628:1810,58.84,14.61,25.34,4.69,0.0
20180628:1910,28.34,5.62,24.35,4.34,0.0
20180628:2010,0.0,0.0,23.05,4.14,0.0
20180628:2110,0.0,0.0,21.93,3.59,0.0
20180628:2210,0.0,0.0,20.82,3.24,0.0
20180628:2310,0.0,0.0,20.0,3.1,0.0
20180629:0010,0.0,0.0,19.32,3.03,0.0
20180629:0110,0.0,0.0,18.74,3.1,0.0
20180629:0210,0.0,0.0,18.24,3.38,0.0
20180629:0310,0.0,0.0,17.84,3.45,0.0
20180629:0410,5.15,1.98,17.51,3.38,0.0
20180629:0510,50.67,10.63,17.62,3.24,0.0
20180629:0610,159.81,20.0,18.83,2.97,0.0
20180629:0710,314.8,29.77,20.62,3.1,0.0
20180629:0810,569.74,39.6,22.61,3.72,0.0
20180629:0910,755.02,49.04,24.24,4.21,0.0
20180629:1010,896.53,57.32,25.76,4.69,0.0
20180629:1110,966.34,63.01,26.74,5.1,0.0
20180629:1210,861.08,64.16,27.38,5.24,0.0
20180629:1310,601.91,60.21,27.55,4.76,0.0
20180629:1410,377.37,52.82,27.49,4.97,0.0
20180629:1510,457.26,43.76,27.28,5.1,0.0
20180629:1610,397.43,34.03,27.34,5.45,0.0
20180629:1710,237.33,24.19,27.0,4.97,0.0
20180629:1810,78.86,14.61,26.42,4.69,0.0
20180629:1910,29.2,5.61,25.7,4.07,0.0
20180629:2010,0.0,0.0,24.64,4.07,0.0
20180629:2110,0.0,0.0,23.81,4.07,0.0
20180629:2210,0.0,0.0,22.74,4.0,0.0
20180629:2310,0.0,0.0,22.01,4.0,0.0
20180630:0010,0.0,0.0,21.3,3.86,0.0
20180630:0110,0.0,0.0,20.82,3.66,0.0
20180630:0210,0.0,0.0,20.1,3.52,0.0
20180630:0310,0.0,0.0,19.47,3.45,0.0
20180630:0410,5.15,1.91,18.83,3.24,0.0
20180630:0510,58.39,10.55,18.83,2.9,0.0
20180630:0610,157.24,19.93,20.02,2.62,0.0
20180630:0710,353.04,29.7,21.83,3.38,0.0
20180630:0810,563.55,39.53,23.49,3.38,0.0
20180630:0910,751.24,48.97,25.52,3.17,0.0
20180630:1010,897.13,57.24,27.31,3.17,0.0
20180630:1110,969.44,62.94,28.46,3.79,0.0
20180630:1210,588.11,64.11,29.03,3.72,0.0
20180630:1310,735.61,60.18,29.72,3.59,0.0
20180630:1410,639.25,52.81,30.5,3.31,0.0
20180630:1510,448.78,43.75,30.98,3.03,0.0
20180630:1610,435.03,34.03,31.01,2.62,0.0
20180630:1710,204.78,24.18,30.79,2.14,0.0
20180630:1810,68.53,14.6,29.74,1.79,0.0
20180630:1910,29.2,5.59,27.64,2.83,0.0
20180630:2010,0.0,0.0,26.41,3.03,0.0
20180630:2110,0.0,0.0,25.4,3.1,0.0
20180630:2210,0.0,0.0,24.6,2.97,0.0
20180630:2310,0.0,0.0,23.94,2.83,0.0
20180701:0010,0.0,0.0,23.13,2.83,0.0
20180701:0110,0.0,0.0,22.47,2.83,0.0
20180701:0210,0.0,0.0,21.86,2.83,0.0
20180701:0310,0.0,0.0,21.34,2.83,0.0
20180701:0410,0.86,1.83,20.9,2.9,0.0
20180701:0510,51.52,10.48,20.95,2.83,0.0
20180701:0610,153.71,19.85,22.09,2.55,0.0
20180701:0710,359.66,29.62,24.83,2.83,0.0
20180701:0810,568.86,39.45,26.59,3.03,0.0
20180701:0910,755.86,48.89,28.26,3.24,0.0
20180701:1010,897.85,57.17,29.88,3.24,0.0
20180701:1110,1003.61,62.87,31.04,3.17,0.0
20180701:1210,1002.29,64.05,31.59,3.17,0.0
20180701:1310,953.56,60.14,31.86,3.24,0.0
20180701:1410,128.4,52.78,32.19,3.17,0.0
20180701:1510,244.0,43.74,32.38,2.97,0.0
20180701:1610,432.25,34.01,31.95,2.76,0.0
20180701:1710,173.88,24.17,30.63,1.79,0.0
20180701:1810,89.64,14.58,29.59,1.86,0.0
20180701:1910,4.29,5.57,27.98,2.76,0.0
20180701:2010,0.0,0.0,26.71,3.38,0.0
20180701:2110,0.0,0.0,26.03,3.72,0.0
20180701:2210,0.0,0.0,25.11,3.79,0.0
20180701:2310,0.0,0.0,24.19,3.59,0.0
20180702:0010,0.0,0.0,23.3,3.31,0.0
20180702:0110,0.0,0.0,22.41,3.17,0.0
20180702:0210,0.0,0.0,21.82,3.17,0.0
20180702:0310,0.0,0.0,21.04,3.17,0.0
20180702:0410,0.86,1.75,20.39,3.1,0.0
20180702:0510,51.52,10.4,20.08,3.1,0.0
20180702:0610,153.64,19.77,20.68,2.9,0.0
20180702:0710,340.82,29.54,21.72,2.76,0.0
20180702:0810,533.43,39.37,23.28,2.76,0.0
20180702:0910,124.74,48.81,24.77,2.28,0.0
20180702:1010,884.8,57.09,25.88,2.41,0.0
20180702:1110,159.59,62.79,27.38,2.83,0.0
20180702:1210,904.32,63.98,28.61,2.34,0.0
20180702:1310,982.29,60.1,29.43,1.59,0.0
20180702:1410,672.49,52.75,29.45,1.59,0.0
20180702:1510,671.71,43.72,29.08,2.34,0.0
20180702:1610,400.16,34.0,28.5,2.55,0.0
20180702:1710,203.37,24.15,28.23,2.48,0.0
20180702:1810,90.19,14.56,27.52,2.0,0.0
20180702:1910,26.62,5.54,26.43,2.76,0.0
20180702:2010,0.0,0.0,24.89,2.48,0.0
20180702:2110,0.0,0.0,23.73,2.14,0.0
20180702:2210,0.0,0.0,22.63,2.07,0.0
20180702:2310,0.0,0.0,21.68,2.0,0.0
20180703:0010,0.0,0.0,20.86,1.79,0.0
20180703:0110,0.0,0.0,20.02,1.59,0.0
20180703:0210,0.0,0.0,19.3,1.38,0.0
20180703:0310,0.0,0.0,18.92,1.38,0.0
20180703:0410,1.72,1.66,18.36,1.45,0.0
20180703:0510,48.09,10.31,18.76,1.17,0.0
20180703:0610,153.8,19.68,20.92,1.17,0.0
20180703:0710,367.54,29.46,22.34,2.14,0.0
20180703:0810,578.75,39.29,23.67,2.14,0.0
20180703:0910,758.06,48.72,25.01,2.28,0.0
20180703:1010,844.24,57.0,26.06,2.14,0.0
20180703:1110,932.84,62.7,26.6,2.0,0.0
20180703:1210,740.39,63.91,27.35,2.14,0.0
20180703:1310,811.24,60.04,27.59,2.28,0.0
20180703:1410,344.45,52.72,28.04,2.48,0.0
20180703:1510,443.98,43.69,27.89,2.69,0.0
20180703:1610,392.42,33.97,27.73,2.76,0.0
20180703:1710,226.92,24.13,26.2,2.41,0.0
20180703:1810,89.67,14.53,25.68,2.14,0.0
20180703:1910,25.76,5.51,25.12,1.72,0.0
20180703:2010,0.0,0.0,24.01,1.79,0.0
20180703:2110,0.0,0.0,22.81,2.0,0.0
20180703:2210,0.0,0.0,21.74,2.07,0.0
20180703:2310,0.0,0.0,20.92,1.93,0.0
20180704:0010,0.0,0.0,20.15,1.86,0.0
20180704:0110,0.0,0.0,19.47,1.93,0.0
20180704:0210,0.0,0.0,18.88,1.86,0.0
20180704:0310,0.0,0.0,18.28,1.72,0.0
20180704:0410,1.72,1.57,17.67,1.59,0.0
20180704:0510,59.25,10.22,17.85,1.17,0.0
20180704:0610,147.96,19.6,19.96,1.24,0.0
20180704:0710,204.55,29.37,21.77,1.31,0.0
20180704:0810,493.85,39.2,23.39,1.45,0.0
20180704:0910,628.15,48.63,24.82,1.31,0.0
20180704:1010,491.42,56.91,25.99,1.45,0.0
20180704:1110,606.46,62.61,26.85,1.86,0.0
20180704:1210,408.74,63.83,27.2,2.21,0.0
20180704:1310,440.57,59.99,27.27,2.21,0.0
20180704:1410,417.55,52.68,27.42,2.07,0.0
20180704:1510,614.92,43.66,27.34,2.14,0.0
20180704:1610,438.56,33.94,27.26,2.48,0.0
20180704:1710,241.42,24.1,26.41,2.76,0.0
20180704:1810,60.28,14.5,26.07,2.34,0.0
20180704:1910,27.48,5.47,25.89,1.72,0.0
20180704:2010,0.0,0.0,24.38,2.14,0.0
20180704:2110,0.0,0.0,22.94,2.28,0.0
20180704:2210,0.0,0.0,22.07,2.07,0.0
20180704:2310,0.0,0.0,21.05,2.07,0.0
20180705:0010,0.0,0.0,20.12,2.14,0.0
20180705:0110,0.0,0.0,19.36,2.07,0.0
20180705:0210,0.0,0.0,18.86,1.86,0.0
20180705:0310,0.0,0.0,18.66,2.07,0.0
20180705:0410,0.86,1.47,18.5,2.34,0.0
20180705:0510,56.68,10.13,18.89,2.21,0.0
20180705:0610,88.42,19.5,19.64,2.28,0.0
20180705:0710,177.68,29.28,20.3,2.28,0.0
20180705:0810,300.82,39.11,21.22,2.21,0.0
20180705:0910,387.63,48.54,22.25,2.41,0.0
20180705:1010,586.89,56.81,23.08,2.55,0.0
20180705:1110,593.17,62.52,24.1,2.76,0.0
20180705:1210,359.86,63.75,25.23,3.03,0.0
20180705:1310,513.4,59.92,25.82,3.45,0.0
20180705:1410,291.01,52.63,25.68,3.72,0.0
20180705:1510,82.55,43.62,26.04,3.93,0.0
20180705:1610,154.98,33.91,24.99,3.93,0.0
20180705:1710,47.69,24.06,23.84,3.03,0.0
20180705:1810,83.39,14.46,23.79,3.24,0.0
20180705:1910,8.59,5.42,23.77,2.9,0.0
20180705:2010,0.0,0.0,22.65,2.69,0.0
20180705:2110,0.0,0.0,21.56,2.69,0.0
20180705:2210,0.0,0.0,20.72,2.69,0.0
20180705:2310,0.0,0.0,19.85,2.55,0.0
20180706:0010,0.0,0.0,18.83,2.41,0.0
20180706:0110,0.0,0.0,18.2,2.28,0.0
20180706:0210,0.0,0.0,17.43,2.21,0.0
20180706:0310,0.0,0.0,16.95,2.07,0.0
20180706:0410,0.86,1.37,16.38,1.93,0.0
20180706:0510,49.81,10.03,16.44,1.72,0.0
20180706:0610,151.35,19.41,18.05,1.72,0.0
20180706:0710,365.65,29.18,19.12,1.72,0.0
20180706:0810,583.2,39.01,20.96,1.59,0.0
20180706:0910,772.81,48.44,22.73,1.31,0.0
20180706:1010,919.6,56.71,24.23,1.38,0.0
20180706:1110,1017.17,62.41,25.42,1.59,0.0
20180706:1210,897.23,63.66,26.28,1.72,0.0
20180706:1310,643.56,59.85,26.68,1.79,0.0
20180706:1410,613.61,52.58,26.93,1.86,0.0
20180706:1510,581.23,43.58,27.26,2.0,0.0
20180706:1610,431.18,33.87,27.07,2.21,0.0
20180706:1710,221.8,24.02,26.95,2.34,0.0
20180706:1810,58.99,14.42,26.46,2.21,0.0
20180706:1910,27.48,5.37,25.4,2.0,0.0
20180706:2010,0.0,0.0,24.05,2.14,0.0
20180706:2110,0.0,0.0,22.62,2.21,0.0
20180706:2210,0.0,0.0,21.71,2.21,0.0
20180706:2310,0.0,0.0,20.7,2.28,0.0
20180707:0010,0.0,0.0,20.12,2.14,0.0
20180707:0110,0.0,0.0,19.37,2.0,0.0
20180707:0210,0.0,0.0,18.65,1.93,0.0
20180707:0310,0.0,0.0,17.89,2.0,0.0
20180707:0410,0.0,0.0,17.36,1.93,0.0
20180707:0510,54.96,9.93,17.51,1.66,0.0
20180707:0610,150.71,19.31,20.02,1.45,0.0
20180707:0710,355.1,29.08,22.23,1.38,0.0
20180707:0810,564.54,38.91,24.09,1.1,0.0
20180707:0910,761.16,48.34,25.79,1.17,0.0
20180707:1010,906.24,56.6,26.91,1.72,0.0
20180707:1110,886.74,62.3,27.72,2.41,0.0
20180707:1210,759.68,63.56,28.38,2.69,0.0
20180707:1310,758.56,59.78,28.81,2.97,0.0
20180707:1410,581.51,52.52,29.19,3.24,0.0
20180707:1510,630.93,43.53,28.85,3.38,0.0
20180707:1610,409.56,33.82,28.31,3.38,0.0
20180707:1710,236.29,23.98,27.9,3.38,0.0
20180707:1810,77.24,14.37,27.45,3.1,0.0
20180707:1910,24.9,5.32,26.57,2.97,0.0
20180707:2010,0.0,0.0,25.07,2.9,0.0
20180707:2110,0.0,0.0,24.0,2.69,0.0
20180707:2210,0.0,0.0,22.86,2.34,0.0
20180707:2310,0.0,0.0,21.77,2.0,0.0
20180708:0010,0.0,0.0,20.31,1.59,0.0
20180708:0110,0.0,0.0,20.03,1.24,0.0
20180708:0210,0.0,0.0,20.64,0.9,0.0
20180708:0310,0.0,0.0,20.17,0.9,0.0
20180708:0410,0.0,0.0,18.52,1.17,0.0
20180708:0510,55.82,9.82,18.16,1.03,0.0
20180708:0610,152.15,19.2,20.69,0.48,0.0
20180708:0710,345.7,28.98,22.76,0.21,0.0
20180708:0810,556.26,38.81,24.33,0.34,0.0
20180708:0910,749.47,48.23,25.61,0.62,0.0
20180708:1010,865.6,56.49,26.78,1.24,0.0
20180708:1110,831.83,62.19,27.32,1.86,0.0
20180708:1210,498.59,63.45,27.88,2.48,0.0
20180708:1310,657.31,59.69,28.06,2.69,0.0
20180708:1410,639.85,52.46,27.99,2.97,0.0
20180708:1510,499.45,43.47,28.12,3.1,0.0
20180708:1610,346.44,33.77,27.85,3.38,0.0
20180708:1710,241.08,23.93,27.39,3.59,0.0
20180708:1810,87.85,14.31,26.84,3.66,0.0
20180708:1910,26.62,5.25,26.19,4.14,0.0
20180708:2010,0.0,0.0,24.71,3.93,0.0
20180708:2110,0.0,0.0,23.56,3.72,0.0
20180708:2210,0.0,0.0,22.4,3.45,0.0
20180708:2310,0.0,0.0,21.33,3.45,0.0
20180709:0010,0.0,0.0,20.37,3.38,0.0
20180709:0110,0.0,0.0,19.47,3.17,0.0
20180709:0210,0.0,0.0,18.62,2.97,0.0
20180709:0310,0.0,0.0,17.85,2.9,0.0
20180709:0410,0.0,0.0,17.21,3.03,0.0
20180709:0510,45.51,9.71,17.08,3.17,0.0
20180709:0610,149.66,19.1,17.95,3.52,0.0
20180709:0710,368.36,28.87,19.53,3.93,0.0
20180709:0810,584.45,38.7,21.22,4.21,0.0
20180709:0910,775.75,48.12,22.64,4.9,0.0
20180709:1010,924.11,56.37,23.9,5.38,0.0
20180709:1110,970.3,62.07,24.62,5.1,0.0
20180709:1210,1017.43,63.34,25.37,5.03,0.0
20180709:1310,930.0,59.6,25.92,5.03,0.0
20180709:1410,706.43,52.38,25.85,4.97,0.0
20180709:1510,522.0,43.41,26.07,5.1,0.0
20180709:1610,303.88,33.72,25.78,5.1,0.0
20180709:1710,170.8,23.87,25.22,4.97,0.0
20180709:1810,88.63,14.25,24.72,4.69,0.0
20180709:1910,24.9,5.19,23.83,4.28,0.0
20180709:2010,0.0,0.0,22.68,3.66,0.0
20180709:2110,0.0,0.0,21.81,3.31,0.0
20180709:2210,0.0,0.0,20.81,2.97,0.0
20180709:2310,0.0,0.0,19.84,2.83,0.0
20180710:0010,0.0,0.0,19.0,2.76,0.0
20180710:0110,0.0,0.0,18.24,2.76,0.0
20180710:0210,0.0,0.0,17.96,2.76,0.0
20180710:0310,0.0,0.0,17.68,3.1,0.0
20180710:0410,0.0,0.0,17.6,3.52,0.0
20180710:0510,42.08,9.59,17.24,3.79,0.0
20180710:0610,128.98,18.98,17.05,4.07,0.0
20180710:0710,263.73,28.76,17.48,3.93,0.0
20180710:0810,503.72,38.59,18.25,3.86,0.0
20180710:0910,768.47,48.0,19.01,3.79,0.0
20180710:1010,899.25,56.25,20.74,4.28,0.0
20180710:1110,746.76,61.94,21.22,4.28,0.0
20180710:1210,824.94,63.22,21.77,4.28,0.0
20180710:1310,820.97,59.51,22.32,4.34,0.0
20180710:1410,675.69,52.31,21.81,4.34,0.0
20180710:1510,642.3,43.35,21.74,4.14,0.0
20180710:1610,471.87,33.66,21.59,4.14,0.0
20180710:1710,248.57,23.81,21.11,4.07,0.0
20180710:1810,88.33,14.18,20.59,4.14,0.0
20180710:1910,25.76,5.11,19.52,4.21,0.0
20180710:2010,0.0,0.0,18.82,3.59,0.0
20180710:2110,0.0,0.0,18.52,3.45,0.0
20180710:2210,0.0,0.0,18.22,3.45,0.0
20180710:2310,0.0,0.0,17.46,3.03,0.0
20180711:0010,0.0,0.0,16.69,2.9,0.0
20180711:0110,0.0,0.0,16.24,2.83,0.0
20180711:0210,0.0,0.0,16.04,2.9,0.0
20180711:0310,0.0,0.0,15.69,2.83,0.0
20180711:0410,0.0,0.0,15.75,2.83,0.0
20180711:0510,0.0,0.0,16.0,2.97,0.0
20180711:0610,0.0,0.0,16.59,3.52,0.0
20180711:0710,0.0,0.0,17.24,3.45,0.0
20180711:0810,234.82,38.47,18.03,3.1,0.0
20180711:0910,586.38,47.89,18.83,3.1,0.0
20180711:1010,782.92,56.12,19.93,3.1,0.0
20180711:1110,212.79,61.81,20.7,3.45,0.0
20180711:1210,743.36,63.1,21.35,3.59,0.0
20180711:1310,153.17,59.4,22.16,3.52,0.0
20180711:1410,226.54,52.22,22.05,3.45,0.0
20180711:1510,340.01,43.28,21.87,3.38,0.0
20180711:1610,390.05,33.59,21.91,3.17,0.0
20180711:1710,249.74,23.74,21.6,2.83,0.0
20180711:1810,88.15,14.11,21.41,2.55,0.0
20180711:1910,26.62,5.03,20.83,2.48,0.0
20180711:2010,0.0,0.0,20.23,2.34,0.0
20180711:2110,0.0,0.0,19.84,2.41,0.0
20180711:2210,0.0,0.0,19.24,2.48,0.0
20180711:2310,0.0,0.0,18.8,2.69,0.0
20180712:0010,0.0,0.0,18.21,2.76,0.0
20180712:0110,0.0,0.0,17.75,2.76,0.0
20180712:0210,0.0,0.0,17.08,2.69,0.0
20180712:0310,0.0,0.0,16.75,2.62,0.0
20180712:0410,0.0,0.0,16.33,2.34,0.0
20180712:0510,54.1,9.35,15.83,2.21,0.0
20180712:0610,148.9,18.75,16.31,2.55,0.0
20180712:0710,349.13,28.53,17.33,2.55,0.0
20180712:0810,562.09,38.36,18.48,2.34,0.0
20180712:0910,756.05,47.76,19.98,2.41,0.0
20180712:1010,906.9,55.99,21.56,2.41,0.0
20180712:1110,1003.61,61.67,22.81,2.41,0.0
20180712:1210,998.57,62.97,23.27,2.28,0.0
20180712:1310,751.74,59.29,23.48,2.0,0.0
20180712:1410,484.52,52.13,23.94,2.07,0.0
20180712:1510,643.71,43.2,23.88,2.0,0.0
20180712:1610,377.16,33.51,23.79,2.21,0.0
20180712:1710,227.99,23.66,23.69,2.28,0.0
20180712:1810,85.8,14.03,23.44,2.34,0.0
20180712:1910,24.04,4.95,22.88,2.69,0.0
20180712:2010,0.0,0.0,22.06,2.76,0.0
20180712:2110,0.0,0.0,21.41,2.9,0.0
20180712:2210,0.0,0.0,20.85,3.31,0.0
20180712:2310,0.0,0.0,20.21,3.52,0.0
20180713:0010,0.0,0.0,19.67,3.45,0.0
20180713:0110,0.0,0.0,19.11,3.31,0.0
20180713:0210,0.0,0.0,18.52,3.1,0.0
20180713:0310,0.0,0.0,17.81,2.9,0.0
20180713:0410,0.0,0.0,17.17,2.83,0.0
20180713:0510,51.52,9.23,17.04,2.48,0.0
20180713:0610,147.13,18.63,17.84,2.48,0.0
20180713:0710,343.59,28.41,18.91,2.48,0.0
20180713:0810,395.56,38.24,20.16,2.62,0.0
20180713:0910,725.75,47.64,21.45,2.69,0.0
20180713:1010,901.69,55.85,23.09,2.62,0.0
20180713:1110,837.88,61.53,24.04,2.69,0.0
20180713:1210,480.11,62.83,25.15,2.62,0.0
20180713:1310,657.11,59.18,25.48,2.28,0.0
20180713:1410,416.15,52.04,26.56,1.93,0.0
20180713:1510,478.92,43.11,26.74,1.66,0.0
20180713:1610,110.98,33.44,26.39,1.66,0.0
20180713:1710,63.29,23.58,25.73,1.79,0.0
20180713:1810,55.95,13.95,24.66,2.34,0.0
20180713:1910,6.87,4.86,24.07,3.03,0.0
20180713:2010,0.0,0.0,22.96,2.48,0.0
20180713:2110,0.0,0.0,22.07,2.07,0.0
20180713:2210,0.0,0.0,21.21,2.14,0.0
20180713:2310,0.0,0.0,20.46,2.34,0.0
20180714:0010,0.0,0.0,19.86,2.62,0.0
20180714:0110,0.0,0.0,19.2,2.62,0.0
20180714:0210,0.0,0.0,18.8,2.62,0.0
20180714:0310,0.0,0.0,18.11,2.55,0.0
20180714:0410,0.0,0.0,17.43,2.48,0.0
20180714:0510,51.52,9.1,17.31,2.41,0.0
20180714:0610,146.0,18.5,18.27,2.62,0.0
20180714:0710,344.54,28.29,20.34,2.69,0.0
20180714:0810,552.88,38.11,22.35,2.62,0.0
20180714:0910,743.64,47.51,24.49,2.9,0.0
20180714:1010,898.62,55.71,26.16,3.24,0.0
20180714:1110,990.59,61.38,26.94,3.03,0.0
20180714:1210,755.13,62.69,27.31,2.41,0.0
20180714:1310,523.75,59.05,27.92,2.14,0.0
20180714:1410,568.1,51.94,28.32,1.72,0.0
20180714:1510,432.83,43.02,28.21,1.79,0.0
20180714:1610,468.43,33.35,28.14,2.07,0.0
20180714:1710,230.36,23.5,27.87,2.34,0.0
20180714:1810,82.03,13.86,27.41,2.76,0.0
20180714:1910,9.45,4.76,26.36,2.28,0.0
20180714:2010,0.0,0.0,24.81,2.48,0.0
20180714:2110,0.0,0.0,23.71,2.69,0.0
20180714:2210,0.0,0.0,22.79,2.9,0.0
20180714:2310,0.0,0.0,22.12,2.9,0.0
20180715:0010,0.0,0.0,21.33,2.69,0.0
20180715:0110,0.0,0.0,20.71,2.28,0.0
20180715:0210,0.0,0.0,19.77,2.34,0.0
20180715:0310,0.0,0.0,19.32,2.41,0.0
20180715:0410,0.0,0.0,18.9,2.07,0.0
20180715:0510,48.09,8.97,18.14,1.17,0.0
20180715:0610,145.51,18.38,19.62,0.9,0.0
20180715:0710,350.99,28.16,21.48,1.31,0.0
20180715:0810,530.28,37.98,23.5,1.52,0.0
20180715:0910,748.34,47.37,25.38,1.86,0.0
20180715:1010,903.73,55.57,27.16,2.48,0.0
20180715:1110,1001.81,61.22,27.99,2.0,0.0
20180715:1210,807.99,62.54,28.43,0.97,0.0
20180715:1310,823.96,58.92,26.01,0.34,0.0
20180715:1410,829.33,51.83,26.6,0.55,0.0
20180715:1510,652.97,42.93,27.59,1.03,0.0
20180715:1610,323.25,33.26,27.76,1.45,0.0
20180715:1710,138.32,23.41,27.72,1.45,0.0
20180715:1810,78.6,13.76,27.44,1.24,0.0
20180715:1910,23.19,4.65,26.63,2.0,0.0
20180715:2010,0.0,0.0,24.63,1.93,0.0
20180715:2110,0.0,0.0,22.9,1.79,0.0
20180715:2210,0.0,0.0,21.19,1.79,0.0
20180715:2310,0.0,0.0,20.48,1.45,0.0
20180716:0010,0.0,0.0,19.85,1.38,0.0
20180716:0110,0.0,0.0,19.0,1.38,0.0
20180716:0210,0.0,0.0,17.99,1.52,0.0
20180716:0310,0.0,0.0,17.15,1.59,0.0
20180716:0410,0.0,0.0,16.79,1.52,0.0
20180716:0510,48.09,8.83,16.8,1.38,0.0
20180716:0610,143.83,18.24,18.68,1.03,0.0
20180716:0710,316.35,28.03,20.63,1.24,0.0
20180716:0810,296.43,37.85,22.62,1.24,0.0
20180716:0910,410.31,47.23,24.71,1.45,0.0
20180716:1010,800.37,55.42,26.38,1.66,0.0
20180716:1110,983.59,61.06,27.57,1.79,0.0
20180716:1210,977.39,62.38,28.46,1.59,0.0
20180716:1310,916.05,58.79,28.8,1.52,0.0
20180716:1410,799.37,51.71,29.18,1.59,0.0
20180716:1510,666.77,42.83,29.15,1.93,0.0
20180716:1610,423.92,33.16,27.42,3.1,0.0
20180716:1710,244.03,23.31,26.81,3.52,0.0
20180716:1810,75.67,13.66,25.84,3.24,0.0
20180716:1910,18.03,4.54,25.5,2.48,0.0
20180716:2010,0.0,0.0,24.39,2.21,0.0
20180716:2110,0.0,0.0,23.07,2.55,0.0
20180716:2210,0.0,0.0,22.07,2.76,0.0
20180716:2310,0.0,0.0,21.0,2.55,0.0
20180717:0010,0.0,0.0,20.03,2.21,0.0
20180717:0110,0.0,0.0,19.19,2.07,0.0
20180717:0210,0.0,0.0,18.42,2.14,0.0
20180717:0310,0.0,0.0,17.93,2.28,0.0
20180717:0410,0.0,0.0,17.38,2.28,0.0
20180717:0510,8.59,8.69,17.19,2.07,0.0
20180717:0610,142.76,18.11,18.29,2.34,0.0
20180717:0710,0.0,0.0,19.26,2.83,0.0
20180717:0810,410.24,37.72,20.07,2.62,0.0
20180717:0910,653.43,47.09,20.91,2.41,0.0
20180717:1010,641.93,55.27,21.79,2.41,0.0
20180717:1110,240.3,60.9,23.0,2.41,0.0
20180717:1210,372.14,62.22,23.51,2.55,0.0
20180717:1310,733.09,58.65,23.88,2.76,0.0
20180717:1410,675.36,51.59,24.13,2.76,0.0
20180717:1510,560.7,42.72,24.35,2.69,0.0
20180717:1610,450.1,33.06,24.34,2.62,0.0
20180717:1710,195.26,23.21,24.14,2.41,0.0
20180717:1810,69.47,13.55,23.94,2.21,0.0
20180717:1910,14.6,4.43,23.24,2.0,0.0
20180717:2010,0.0,0.0,22.31,2.14,0.0
20180717:2110,0.0,0.0,21.6,2.41,0.0
20180717:2210,0.0,0.0,20.58,2.55,0.0
20180717:2310,0.0,0.0,20.01,2.55,0.0
20180718:0010,0.0,0.0,19.48,2.34,0.0
20180718:0110,0.0,0.0,18.87,2.21,0.0
20180718:0210,0.0,0.0,18.23,2.21,0.0
20180718:0310,0.0,0.0,17.54,2.21,0.0
20180718:0410,0.0,0.0,17.1,2.21,0.0
20180718:0510,48.09,8.55,17.14,2.14,0.0
20180718:0610,143.22,17.97,18.0,2.0,0.0
20180718:0710,354.01,27.77,19.59,2.34,0.0
20180718:0810,577.36,37.58,21.09,2.48,0.0
20180718:0910,749.51,46.95,22.86,2.76,0.0
20180718:1010,894.56,55.11,24.17,2.62,0.0
20180718:1110,791.44,60.73,25.01,2.21,0.0
20180718:1210,658.97,62.05,25.72,1.72,0.0
20180718:1310,562.33,58.5,25.84,1.79,0.0
20180718:1410,574.13,51.46,26.02,2.21,0.0
20180718:1510,428.94,42.6,25.98,2.83,0.0
20180718:1610,379.19,32.95,25.83,3.17,0.0
20180718:1710,247.81,23.1,25.63,3.31,0.0
20180718:1810,65.04,13.44,25.29,3.1,0.0
20180718:1910,22.33,4.31,24.84,2.62,0.0
20180718:2010,0.0,0.0,23.29,2.9,0.0
20180718:2110,0.0,0.0,22.46,3.1,0.0
20180718:2210,0.0,0.0,21.61,3.17,0.0
20180718:2310,0.0,0.0,20.92,3.24,0.0
20180719:0010,0.0,0.0,20.45,3.31,0.0
20180719:0110,0.0,0.0,19.78,3.24,0.0
20180719:0210,0.0,0.0,19.29,3.03,0.0
20180719:0310,0.0,0.0,18.79,2.9,0.0
20180719:0410,0.0,0.0,18.39,2.69,0.0
20180719:0510,48.09,8.4,18.27,2.55,0.0
20180719:0610,132.17,17.83,19.31,2.34,0.0
20180719:0710,347.18,27.63,21.41,2.69,0.0
20180719:0810,230.58,37.44,23.39,2.62,0.0
20180719:0910,736.92,46.8,24.83,2.83,0.0
20180719:1010,897.02,54.95,26.84,3.52,0.0
20180719:1110,978.23,60.55,28.2,3.38,0.0
20180719:1210,897.63,61.87,29.11,2.28,0.0
20180719:1310,821.66,58.34,29.4,1.66,0.0
20180719:1410,487.01,51.33,28.98,2.48,0.0
20180719:1510,496.12,42.48,28.66,3.52,0.0
20180719:1610,427.8,32.84,27.76,3.52,0.0
20180719:1710,183.36,22.99,27.37,3.93,0.0
20180719:1810,83.5,13.32,26.73,3.31,0.0
20180719:1910,20.61,4.18,25.97,3.24,0.0
20180719:2010,0.0,0.0,24.78,3.03,0.0
20180719:2110,0.0,0.0,23.79,2.83,0.0
20180719:2210,0.0,0.0,22.93,2.62,0.0
20180719:2310,0.0,0.0,22.21,2.28,0.0
20180720:0010,0.0,0.0,21.53,2.14,0.0
20180720:0110,0.0,0.0,20.77,2.14,0.0
20180720:0210,0.0,0.0,20.07,2.21,0.0
20180720:0310,0.0,0.0,19.55,2.14,0.0
20180720:0410,0.0,0.0,19.04,1.93,0.0
20180720:0510,6.87,8.25,18.62,1.38,0.0
20180720:0610,55.03,17.69,19.11,1.52,0.0
20180720:0710,204.58,27.49,20.17,0.9,0.0
20180720:0810,145.83,37.3,21.33,0.97,0.0
20180720:0910,355.0,46.65,22.01,0.9,0.0
20180720:1010,291.91,54.78,22.2,0.9,0.0
20180720:1110,553.77,60.37,22.99,1.31,0.0
20180720:1210,499.04,61.69,23.89,1.79,0.0
20180720:1310,565.36,58.18,24.01,2.21,0.0
20180720:1410,192.61,51.19,23.78,2.41,0.0
20180720:1510,53.2,42.36,24.86,2.21,0.0
20180720:1610,284.16,32.72,23.9,1.93,0.0
20180720:1710,81.63,22.87,22.49,2.07,0.0
20180720:1810,24.76,13.2,21.91,1.66,0.0
20180720:1910,8.59,4.05,20.52,2.48,0.0
20180720:2010,0.0,0.0,19.6,2.07,0.0
20180720:2110,0.0,0.0,18.9,2.07,0.0
20180720:2210,0.0,0.0,18.15,2.41,0.0
20180720:2310,0.0,0.0,17.55,2.62,0.0
20180721:0010,0.0,0.0,17.15,2.69,0.0
20180721:0110,0.0,0.0,16.63,2.48,0.0
20180721:0210,0.0,0.0,16.52,2.28,0.0
20180721:0310,0.0,0.0,16.03,2.0,0.0
20180721:0410,0.0,0.0,15.49,1.93,0.0
20180721:0510,45.51,8.1,15.56,1.72,0.0
20180721:0610,138.51,17.54,16.56,2.28,0.0
20180721:0710,331.53,27.34,17.28,2.28,0.0
20180721:0810,555.57,37.15,18.99,2.41,0.0
20180721:0910,747.53,46.49,20.59,2.9,0.0
20180721:1010,848.31,54.61,21.92,3.24,0.0
20180721:1110,648.27,60.19,23.13,3.24,0.0
20180721:1210,464.2,61.5,23.49,2.97,0.0
20180721:1310,540.7,58.01,23.68,3.03,0.0
20180721:1410,293.54,51.04,24.02,2.9,0.0
20180721:1510,143.08,42.23,24.18,2.76,0.0
20180721:1610,89.88,32.6,23.81,2.76,0.0
20180721:1710,176.78,22.74,23.32,2.62,0.0
20180721:1810,76.66,13.07,22.97,2.48,0.0
20180721:1910,18.89,3.91,22.42,1.72,0.0
20180721:2010,0.0,0.0,21.39,1.79,0.0
20180721:2110,0.0,0.0,20.46,1.79,0.0
20180721:2210,0.0,0.0,19.57,1.93,0.0
20180721:2310,0.0,0.0,19.11,2.0,0.0
20180722:0010,0.0,0.0,18.67,2.14,0.0
20180722:0110,0.0,0.0,18.1,2.21,0.0
20180722:0210,0.0,0.0,17.74,2.14,0.0
20180722:0310,0.0,0.0,17.23,2.0,0.0
20180722:0410,0.0,0.0,16.95,1.86,0.0
20180722:0510,38.64,7.94,16.79,1.59,0.0
20180722:0610,125.72,17.39,17.75,1.38,0.0
20180722:0710,334.37,27.2,18.7,1.52,0.0
20180722:0810,542.57,37.0,20.25,1.66,0.0
20180722:0910,742.77,46.34,22.07,1.66,0.0
20180722:1010,884.39,54.44,23.37,1.72,0.0
20180722:1110,952.46,59.99,24.45,1.66,0.0
20180722:1210,837.3,61.31,25.28,1.59,0.0
20180722:1310,695.25,57.84,25.88,1.66,0.0
20180722:1410,511.7,50.89,26.12,1.66,0.0
20180722:1510,392.45,42.09,25.99,1.93,0.0
20180722:1610,449.71,32.46,26.26,2.21,0.0
20180722:1710,237.55,22.61,26.05,2.34,0.0
20180722:1810,65.66,12.93,25.6,2.07,0.0
20180722:1910,18.03,3.76,24.67,1.93,0.0
20180722:2010,0.0,0.0,23.15,2.34,0.0
20180722:2110,0.0,0.0,21.85,2.69,0.0
20180722:2210,0.0,0.0,20.93,2.9,0.0
20180722:2310,0.0,0.0,20.09,2.69,0.0
20180723:0010,0.0,0.0,19.24,2.34,0.0
20180723:0110,0.0,0.0,18.56,2.14,0.0
20180723:0210,0.0,0.0,17.85,2.0,0.0
20180723:0310,0.0,0.0,17.22,1.86,0.0
20180723:0410,0.0,0.0,16.57,1.79,0.0
20180723:0510,43.8,7.79,16.25,1.59,0.0
20180723:0610,134.89,17.24,18.49,1.31,0.0
20180723:0710,337.44,27.05,20.8,1.45,0.0
20180723:0810,552.78,36.85,22.81,1.31,0.0
20180723:0910,750.35,46.18,24.62,1.1,0.0
20180723:1010,898.81,54.26,26.0,0.55,0.0
20180723:1110,981.75,59.8,27.06,0.55,0.0
20180723:1210,987.92,61.11,27.88,0.62,0.0
20180723:1310,903.9,57.66,28.56,0.62,0.0
20180723:1410,730.88,50.73,28.78,0.9,0.0
20180723:1510,572.94,41.95,28.63,1.38,0.0
20180723:1610,375.44,32.33,28.45,1.79,0.0
20180723:1710,237.83,22.47,28.25,2.21,0.0
20180723:1810,66.9,12.79,27.83,2.21,0.0
20180723:1910,16.32,3.61,26.85,2.0,0.0
20180723:2010,0.0,0.0,25.32,2.14,0.0
20180723:2110,0.0,0.0,24.47,2.0,0.0
20180723:2210,0.0,0.0,23.11,1.93,0.0
20180723:2310,0.0,0.0,22.34,2.0,0.0
20180724:0010,0.0,0.0,21.66,2.21,0.0
20180724:0110,0.0,0.0,20.81,2.28,0.0
20180724:0210,0.0,0.0,20.66,2.07,0.0
20180724:0310,0.0,0.0,20.33,1.93,0.0
20180724:0410,0.0,0.0,20.26,1.72,0.0
20180724:0510,19.75,7.62,20.2,1.52,0.0
20180724:0610,108.76,17.09,21.29,1.1,0.0
20180724:0710,216.91,26.89,22.55,1.38,0.0
20180724:0810,436.91,36.69,24.54,1.59,0.0
20180724:0910,742.45,46.01,26.51,1.79,0.0
20180724:1010,895.32,54.08,27.83,1.66,0.0
20180724:1110,971.96,59.6,28.18,1.45,0.0
20180724:1210,852.26,60.91,28.41,1.17,0.0
20180724:1310,803.93,57.47,29.03,0.76,0.0
20180724:1410,430.05,50.57,28.98,0.28,0.0
20180724:1510,182.52,41.8,29.22,0.55,0.0
20180724:1610,390.67,32.18,29.28,0.9,0.0
20180724:1710,223.92,22.33,29.09,1.24,0.0
20180724:1810,77.3,12.64,28.4,1.45,0.0
20180724:1910,15.46,3.46,27.94,1.86,0.0
20180724:2010,0.0,0.0,26.41,2.14,0.0
20180724:2110,0.0,0.0,25.2,2.28,0.0
20180724:2210,0.0,0.0,24.16,2.34,0.0
20180724:2310,0.0,0.0,23.21,2.28,0.0
20180725:0010,0.0,0.0,22.36,2.21,0.0
20180725:0110,0.0,0.0,21.73,2.14,0.0
20180725:0210,0.0,0.0,21.05,2.21,0.0
20180725:0310,0.0,0.0,20.69,2.14,0.0
20180725:0410,0.0,0.0,20.14,2.28,0.0
20180725:0510,41.22,7.46,20.02,2.21,0.0
20180725:0610,132.41,16.93,21.24,2.0,0.0
20180725:0710,325.46,26.74,22.88,2.41,0.0
20180725:0810,537.28,36.54,24.66,2.41,0.0
20180725:0910,736.67,45.84,26.66,2.34,0.0
20180725:1010,889.39,53.9,28.34,2.28,0.0
20180725:1110,994.26,59.39,29.93,2.28,0.0
20180725:1210,916.78,60.7,30.79,2.28,0.0
20180725:1310,501.52,57.28,30.91,1.79,0.0
20180725:1410,711.26,50.4,30.57,1.66,0.0
20180725:1510,686.38,41.64,30.27,1.72,0.0
20180725:1610,451.63,32.04,30.13,2.0,0.0
20180725:1710,220.85,22.18,29.85,2.28,0.0
20180725:1810,75.58,12.49,29.1,1.93,0.0
20180725:1910,7.73,3.3,28.76,2.14,0.0
20180725:2010,0.0,0.0,27.04,2.28,0.0
20180725:2110,0.0,0.0,25.89,2.28,0.0
20180725:2210,0.0,0.0,24.82,2.28,0.0
20180725:2310,0.0,0.0,23.86,2.21,0.0
20180726:0010,0.0,0.0,23.02,2.07,0.0
20180726:0110,0.0,0.0,22.05,2.0,0.0
20180726:0210,0.0,0.0,21.21,2.0,0.0
20180726:0310,0.0,0.0,20.38,1.86,0.0
20180726:0410,0.0,0.0,19.71,1.79,0.0
20180726:0510,40.36,7.29,19.31,1.66,0.0
20180726:0610,132.08,16.77,21.57,1.1,0.0
20180726:0710,331.32,26.58,24.82,0.76,0.0
20180726:0810,545.95,36.38,27.14,0.48,0.0
20180726:0910,741.18,45.67,29.21,0.34,0.0
20180726:1010,889.42,53.71,30.92,0.55,0.0
20180726:1110,989.49,59.18,32.38,1.17,0.0
20180726:1210,885.21,60.48,33.08,1.79,0.0
20180726:1310,789.91,57.08,33.54,1.93,0.0
20180726:1410,722.47,50.22,34.02,2.0,0.0
20180726:1510,649.9,41.48,34.2,1.93,0.0
20180726:1610,390.78,31.88,33.99,1.93,0.0
20180726:1710,214.88,22.03,33.9,1.79,0.0
20180726:1810,55.87,12.33,32.89,1.38,0.0
20180726:1910,15.46,3.13,32.81,0.07,0.0
20180726:2010,0.0,0.0,30.14,0.97,0.0
20180726:2110,0.0,0.0,27.6,2.0,0.0
20180726:2210,0.0,0.0,25.85,2.07,0.0
20180726:2310,0.0,0.0,24.8,1.72,0.0
20180727:0010,0.0,0.0,24.28,1.45,0.0
20180727:0110,0.0,0.0,24.2,1.24,0.0
20180727:0210,0.0,0.0,23.66,1.17,0.0
20180727:0310,0.0,0.0,24.4,0.62,0.0
20180727:0410,0.0,0.0,23.69,0.62,0.0
20180727:0510,36.07,7.13,23.0,0.48,0.0
20180727:0610,129.48,16.61,23.03,0.48,0.0
20180727:0710,334.17,26.42,26.54,1.72,0.0
20180727:0810,549.72,36.21,28.08,1.45,0.0
20180727:0910,743.44,45.5,29.72,1.03,0.0
20180727:1010,896.9,53.51,31.52,1.1,0.0
20180727:1110,997.3,58.97,33.19,1.52,0.0
20180727:1210,1000.01,60.26,34.47,2.0,0.0
20180727:1310,532.43,56.87,34.65,2.41,0.0
20180727:1410,639.19,50.04,32.01,4.28,0.0
20180727:1510,369.76,41.31,31.07,3.45,0.0
20180727:1610,39.44,31.72,31.16,2.62,0.0
20180727:1710,199.01,21.87,30.82,1.45,0.0
20180727:1810,12.84,12.17,30.4,1.31,0.0
20180727:1910,10.3,2.96,27.94,3.59,0.0
20180727:2010,0.0,0.0,25.83,4.14,0.0
20180727:2110,0.0,0.0,24.24,4.34,0.0
20180727:2210,0.0,0.0,22.94,4.48,0.0
20180727:2310,0.0,0.0,21.2,3.79,0.0
20180728:0010,0.0,0.0,20.11,1.59,0.0
20180728:0110,0.0,0.0,19.82,1.66,0.0
20180728:0210,0.0,0.0,19.39,2.41,0.0
20180728:0310,0.0,0.0,19.28,2.62,0.0
20180728:0410,0.0,0.0,19.14,2.83,0.0
20180728:0510,36.07,6.95,19.06,3.24,0.0
20180728:0610,99.2,16.44,19.63,3.52,0.0
20180728:0710,176.14,26.26,20.66,4.34,0.0
20180728:0810,431.12,36.05,21.68,4.69,0.0
20180728:0910,371.73,45.32,22.53,5.72,0.0
20180728:1010,593.68,53.32,22.85,5.66,0.0
20180728:1110,964.78,58.75,23.25,5.17,0.0
20180728:1210,1020.86,60.03,23.99,4.76,0.0
20180728:1310,984.53,56.66,24.62,4.48,0.0
20180728:1410,877.02,49.85,25.1,4.48,0.0
20180728:1510,697.3,41.14,25.18,4.48,0.0
20180728:1610,475.96,31.56,25.08,4.34,0.0
20180728:1710,214.74,21.7,24.83,4.07,0.0
20180728:1810,67.22,12.0,24.43,3.59,0.0
20180728:1910,9.45,2.78,23.16,2.9,0.0
20180728:2010,0.0,0.0,21.8,2.55,0.0
20180728:2110,0.0,0.0,20.82,2.48,0.0
20180728:2210,0.0,0.0,20.08,2.21,0.0
20180728:2310,0.0,0.0,19.6,1.79,0.0
20180729:0010,0.0,0.0,19.1,1.72,0.0
20180729:0110,0.0,0.0,18.54,1.79,0.0
20180729:0210,0.0,0.0,17.79,1.93,0.0
20180729:0310,0.0,0.0,17.27,2.0,0.0
20180729:0410,0.0,0.0,17.65,1.86,0.0
20180729:0510,14.6,6.78,18.07,2.0,0.0
20180729:0610,67.87,16.28,18.63,2.28,0.0
20180729:0710,142.84,26.1,19.49,3.79,0.0
20180729:0810,292.97,35.88,20.96,4.69,0.0
20180729:0910,558.18,45.14,22.6,5.93,0.0
20180729:1010,809.04,53.12,23.63,6.69,0.0
20180729:1110,691.37,58.53,24.49,6.28,0.0
20180729:1210,911.55,59.8,24.98,6.21,0.0
20180729:1310,815.22,56.44,26.0,5.93,0.0
20180729:1410,233.55,49.65,27.29,6.55,0.0
20180729:1510,478.16,40.96,27.61,6.34,0.0
20180729:1610,288.47,31.38,27.24,5.45,0.0
20180729:1710,222.23,21.53,26.39,4.07,0.0
20180729:1810,25.68,11.82,26.12,3.38,0.0
20180729:1910,11.16,2.59,23.16,3.38,0.0
20180729:2010,0.0,0.0,22.26,3.17,0.0
20180729:2110,0.0,0.0,21.57,2.83,0.0
20180729:2210,0.0,0.0,21.09,2.55,0.0
20180729:2310,0.0,0.0,20.69,2.48,0.0
20180730:0010,0.0,0.0,20.1,2.41,0.0
20180730:0110,0.0,0.0,19.37,2.34,0.0
20180730:0210,0.0,0.0,18.9,2.34,0.0
20180730:0310,0.0,0.0,18.51,2.48,0.0
20180730:0410,0.0,0.0,18.36,2.62,0.0
20180730:0510,30.91,6.6,18.37,2.76,0.0
20180730:0610,95.22,16.11,19.33,2.9,0.0
20180730:0710,194.91,25.93,20.83,3.79,0.0
20180730:0810,458.18,35.71,22.44,4.76,0.0
20180730:0910,625.35,44.96,23.38,4.28,0.0
20180730:1010,711.86,52.91,24.04,4.41,0.0
20180730:1110,575.13,58.3,24.4,4.28,0.0
20180730:1210,154.09,59.56,24.67,4.28,0.0
20180730:1310,459.22,56.22,25.68,4.28,0.0
20180730:1410,744.22,49.45,26.13,4.28,0.0
20180730:1510,341.24,40.77,26.7,4.48,0.0
20180730:1610,455.63,31.21,26.91,4.28,0.0
20180730:1710,238.77,21.36,26.85,3.79,0.0
20180730:1810,47.2,11.64,26.55,3.03,0.0
20180730:1910,7.73,2.4,25.62,1.86,0.0
20180730:2010,0.0,0.0,24.21,2.0,0.0
20180730:2110,0.0,0.0,22.92,2.0,0.0
20180730:2210,0.0,0.0,21.79,2.0,0.0
20180730:2310,0.0,0.0,20.91,2.07,0.0
20180731:0010,0.0,0.0,20.43,2.14,0.0
20180731:0110,0.0,0.0,20.2,2.14,0.0
20180731:0210,0.0,0.0,20.41,2.14,0.0
20180731:0310,0.0,0.0,20.32,2.41,0.0
20180731:0410,0.0,0.0,20.04,2.62,0.0
20180731:0510,19.75,6.43,19.42,2.62,0.0
20180731:0610,126.57,15.94,19.79,2.55,0.0
20180731:0710,340.95,25.76,21.07,2.83,0.0
20180731:0810,540.2,35.54,22.19,3.1,0.0
20180731:0910,681.75,44.77,23.53,3.1,0.0
20180731:1010,883.81,52.7,24.95,3.38,0.0
20180731:1110,940.31,58.06,25.86,3.86,0.0
20180731:1210,369.49,59.32,26.63,4.0,0.0
20180731:1310,291.98,55.99,27.27,4.07,0.0
20180731:1410,723.75,49.25,27.92,4.0,0.0
20180731:1510,410.6,40.58,28.26,4.0,0.0
20180731:1610,342.66,31.02,28.02,3.79,0.0
20180731:1710,196.81,21.18,27.58,3.24,0.0
20180731:1810,56.33,11.45,26.86,2.28,0.0
20180731:1910,3.43,2.21,25.74,1.31,0.0
20180731:2010,0.0,0.0,24.53,1.52,0.0
20180731:2110,0.0,0.0,23.22,1.93,0.0
20180731:2210,0.0,0.0,22.19,2.41,0.0
20180731:2310,0.0,0.0,21.25,2.48,0.0
20180801:0010,0.0,0.0,20.57,2.21,0.0
20180801:0110,0.0,0.0,20.14,2.07,0.0
20180801:0210,0.0,0.0,19.52,2.07,0.0
20180801:0310,0.0,0.0,19.11,2.07,0.0
20180801:0410,0.0,0.0,18.77,2.21,0.0
20180801:0510,31.77,6.25,18.59,2.21,0.0
20180801:0610,125.75,15.76,19.18,2.14,0.0
20180801:0710,332.7,25.59,20.01,2.69,0.0
20180801:0810,572.26,35.36,21.76,2.48,0.0
20180801:0910,768.59,44.59,23.48,2.28,0.0
20180801:1010,923.94,52.49,25.06,2.07,0.0
20180801:1110,1022.75,57.83,26.46,1.79,0.0
20180801:1210,957.29,59.07,27.28,0.97,0.0
20180801:1310,511.3,55.76,27.67,0.83,0.0
20180801:1410,616.4,49.03,28.16,0.9,0.0
20180801:1510,590.54,40.39,28.44,1.03,0.0
20180801:1610,408.89,30.84,28.34,1.24,0.0
20180801:1710,233.6,20.99,28.21,1.72,0.0
20180801:1810,50.69,11.26,27.93,1.86,0.0
20180801:1910,6.01,2.01,27.05,1.93,0.0
20180801:2010,0.0,0.0,25.7,2.14,0.0
20180801:2110,0.0,0.0,24.59,2.34,0.0
20180801:2210,0.0,0.0,23.52,2.48,0.0
20180801:2310,0.0,0.0,22.32,2.48,0.0
20180802:0010,0.0,0.0,21.39,2.55,0.0
20180802:0110,0.0,0.0,20.57,2.62,0.0
20180802:0210,0.0,0.0,19.96,2.62,0.0
20180802:0310,0.0,0.0,19.38,2.69,0.0
20180802:0410,0.0,0.0,18.94,2.62,0.0
20180802:0510,30.06,6.06,18.65,2.62,0.0
20180802:0610,124.61,15.59,19.49,2.55,0.0
20180802:0710,336.22,25.42,20.87,2.83,0.0
20180802:0810,565.36,35.18,22.59,2.48,0.0
20180802:0910,767.98,44.39,24.72,2.21,0.0
20180802:1010,919.59,52.28,27.04,2.0,0.0
20180802:1110,127.49,57.59,28.87,1.93,0.0
20180802:1210,1000.45,58.82,30.0,1.93,0.0
20180802:1310,966.1,55.52,30.7,2.14,0.0
20180802:1410,849.76,48.81,31.14,2.48,0.0
20180802:1510,675.77,40.19,31.25,2.76,0.0
20180802:1610,454.5,30.64,31.2,3.03,0.0
20180802:1710,231.56,20.8,30.79,3.31,0.0
20180802:1810,46.37,11.06,29.95,3.03,0.0
20180802:1910,2.58,1.8,28.49,2.97,0.0
20180802:2010,0.0,0.0,26.78,3.17,0.0
20180802:2110,0.0,0.0,25.62,3.24,0.0
20180802:2210,0.0,0.0,24.62,3.24,0.0
20180802:2310,0.0,0.0,23.71,3.17,0.0
20180803:0010,0.0,0.0,22.89,3.1,0.0
20180803:0110,0.0,0.0,22.15,2.97,0.0
20180803:0210,0.0,0.0,21.46,2.9,0.0
20180803:0310,0.0,0.0,20.88,2.83,0.0
20180803:0410,0.0,0.0,20.36,2.83,0.0
20180803:0510,30.06,5.88,20.05,2.69,0.0
20180803:0610,123.09,15.41,21.04,2.41,0.0
20180803:0710,332.93,25.25,23.2,2.41,0.0
20180803:0810,563.59,35.0,25.31,2.48,0.0
20180803:0910,770.8,44.2,27.44,2.62,0.0
20180803:1010,916.54,52.06,29.45,2.76,0.0
20180803:1110,1014.12,57.34,31.13,2.76,0.0
20180803:1210,1034.39,58.56,32.3,2.41,0.0
20180803:1310,985.54,55.27,32.94,1.93,0.0
20180803:1410,846.58,48.59,33.37,2.0,0.0
20180803:1510,672.75,39.98,33.47,2.41,0.0
20180803:1610,447.84,30.44,33.37,2.97,0.0
20180803:1710,227.04,20.6,32.88,3.31,0.0
20180803:1810,50.48,10.86,32.03,3.1,0.0
20180803:1910,1.72,1.59,30.66,3.31,0.0
20180803:2010,0.0,0.0,28.93,3.59,0.0
20180803:2110,0.0,0.0,27.63,3.66,0.0
20180803:2210,0.0,0.0,26.47,3.52,0.0
20180803:2310,0.0,0.0,25.37,3.24,0.0
20180804:0010,0.0,0.0,24.39,3.03,0.0
20180804:0110,0.0,0.0,23.51,3.03,0.0
20180804:0210,0.0,0.0,22.84,2.9,0.0
20180804:0310,0.0,0.0,22.18,2.76,0.0
20180804:0410,0.0,0.0,21.5,2.83,0.0
20180804:0510,29.2,5.69,20.99,2.9,0.0
20180804:0610,122.49,15.23,21.65,2.76,0.0
20180804:0710,331.25,25.07,23.22,2.83,0.0
20180804:0810,560.8,34.82,25.37,3.03,0.0
20180804:0910,767.96,44.0,27.51,3.24,0.0
20180804:1010,913.62,51.84,29.3,3.52,0.0
20180804:1110,1004.95,57.09,30.55,3.66,0.0
20180804:1210,1030.34,58.3,31.42,3.66,0.0
20180804:1310,923.72,55.02,32.0,3.79,0.0
20180804:1410,828.69,48.36,32.3,3.86,0.0
20180804:1510,658.39,39.76,32.35,3.72,0.0
20180804:1610,454.37,30.24,32.15,3.72,0.0
20180804:1710,229.05,20.39,31.62,3.93,0.0
20180804:1810,41.71,10.65,30.68,3.86,0.0
20180804:1910,0.86,1.37,29.25,3.79,0.0
20180804:2010,0.0,0.0,27.4,4.83,0.0
20180804:2110,0.0,0.0,25.43,5.1,0.0
20180804:2210,0.0,0.0,23.72,4.76,0.0
20180804:2310,0.0,0.0,22.44,4.48,0.0
20180805:0010,0.0,0.0,21.45,4.28,0.0
20180805:0110,0.0,0.0,20.55,4.0,0.0
20180805:0210,0.0,0.0,19.77,3.86,0.0
20180805:0310,0.0,0.0,19.05,3.66,0.0
20180805:0410,0.0,0.0,18.39,3.31,0.0
20180805:0510,27.48,5.5,17.87,3.1,0.0
20180805:0610,122.26,15.05,18.2,3.45,0.0
20180805:0710,332.36,24.89,19.65,3.59,0.0
20180805:0810,560.07,34.64,21.3,3.59,0.0
20180805:0910,769.53,43.8,23.18,3.59,0.0
20180805:1010,920.16,51.61,25.08,3.52,0.0
20180805:1110,1017.97,56.84,26.79,3.45,0.0
20180805:1210,1038.25,58.03,28.11,3.31,0.0
20180805:1310,994.44,54.76,29.09,3.1,0.0
20180805:1410,858.59,48.12,29.78,3.03,0.0
20180805:1510,681.37,39.54,30.12,2.97,0.0
20180805:1610,460.26,30.03,30.12,2.9,0.0
20180805:1710,232.94,20.18,29.84,2.9,0.0
20180805:1810,48.09,10.44,29.19,2.69,0.0
20180805:1910,0.0,0.0,27.79,2.48,0.0
20180805:2010,0.0,0.0,26.02,2.69,0.0
20180805:2110,0.0,0.0,24.79,2.62,0.0
20180805:2210,0.0,0.0,23.73,2.55,0.0
20180805:2310,0.0,0.0,22.83,2.48,0.0
20180806:0010,0.0,0.0,21.98,2.28,0.0
20180806:0110,0.0,0.0,21.06,2.07,0.0
20180806:0210,0.0,0.0,19.97,1.79,0.0
20180806:0310,0.0,0.0,19.13,1.66,0.0
20180806:0410,0.0,0.0,18.65,1.59,0.0
20180806:0510,25.76,5.31,18.36,1.45,0.0
20180806:0610,123.7,14.87,20.29,0.69,0.0
20180806:0710,302.85,24.71,22.53,0.41,0.0
20180806:0810,509.48,34.45,25.24,0.69,0.0
20180806:0910,735.01,43.6,27.72,1.17,0.0
20180806:1010,934.5,51.39,29.45,1.24,0.0
20180806:1110,1033.85,56.58,30.63,1.31,0.0
20180806:1210,1047.79,57.76,31.62,1.66,0.0
20180806:1310,997.56,54.5,32.36,1.93,0.0
20180806:1410,861.49,47.88,32.78,2.07,0.0
20180806:1510,687.44,39.32,32.86,2.07,0.0
20180806:1610,460.35,29.81,32.64,2.07,0.0
20180806:1710,232.68,19.97,32.19,2.0,0.0
20180806:1810,49.81,10.22,31.37,1.66,0.0
20180806:1910,0.0,0.0,29.72,2.0,0.0
20180806:2010,0.0,0.0,27.59,2.0,0.0
20180806:2110,0.0,0.0,25.64,2.21,0.0
20180806:2210,0.0,0.0,24.1,2.28,0.0
20180806:2310,0.0,0.0,22.91,2.28,0.0
20180807:0010,0.0,0.0,21.98,2.34,0.0
20180807:0110,0.0,0.0,21.15,2.21,0.0
20180807:0210,0.0,0.0,20.52,2.28,0.0
20180807:0310,0.0,0.0,19.99,2.21,0.0
20180807:0410,0.0,0.0,19.58,2.21,0.0
20180807:0510,26.62,5.12,19.25,2.14,0.0
20180807:0610,0.0,0.0,20.69,1.59,0.0
20180807:0710,310.16,24.53,24.74,1.79,0.0
20180807:0810,536.99,34.26,27.48,1.86,0.0
20180807:0910,730.94,43.4,29.98,2.0,0.0
20180807:1010,856.08,51.16,32.32,2.9,0.0
20180807:1110,891.8,56.32,33.97,3.38,0.0
20180807:1210,1000.16,57.48,35.09,3.52,0.0
20180807:1310,482.17,54.24,35.71,3.93,0.0
20180807:1410,692.26,47.64,32.58,4.97,0.0
20180807:1510,595.02,39.09,30.99,1.66,0.0
20180807:1610,194.19,29.59,31.73,2.69,0.0
20180807:1710,118.85,19.75,31.15,2.55,0.0
20180807:1810,54.1,10.0,30.54,2.83,0.0
20180807:1910,0.0,0.0,27.58,5.1,0.0
20180807:2010,0.0,0.0,24.42,5.38,0.0
20180807:2110,0.0,0.0,23.89,3.66,0.0
20180807:2210,0.0,0.0,24.15,5.38,0.0
20180807:2310,0.0,0.0,23.81,5.66,0.0
20180808:0010,0.0,0.0,22.84,5.31,0.0
20180808:0110,0.0,0.0,21.95,4.76,0.0
20180808:0210,0.0,0.0,21.19,3.86,0.0
20180808:0310,0.0,0.0,20.49,3.45,0.0
20180808:0410,0.0,0.0,19.73,3.17,0.0
20180808:0510,12.02,4.92,19.15,2.97,0.0
20180808:0610,61.45,14.5,18.9,3.17,0.0
20180808:0710,99.97,24.34,18.95,3.1,0.0
20180808:0810,512.87,34.07,19.8,3.1,0.0
20180808:0910,758.99,43.19,21.26,3.24,0.0
20180808:1010,648.26,50.92,22.79,3.38,0.0
20180808:1110,624.78,56.05,23.96,4.0,0.0
20180808:1210,750.4,57.2,24.24,4.07,0.0
20180808:1310,635.38,53.96,24.3,3.93,0.0
20180808:1410,456.07,47.38,24.62,3.59,0.0
20180808:1510,583.08,38.85,24.79,3.1,0.0
20180808:1610,278.68,29.36,24.76,2.76,0.0
20180808:1710,184.61,19.53,24.59,2.21,0.0
20180808:1810,55.82,9.77,24.19,1.79,0.0
20180808:1910,0.0,0.0,24.12,1.93,0.0
20180808:2010,0.0,0.0,23.35,2.14,0.0
20180808:2110,0.0,0.0,22.89,2.21,0.0
20180808:2210,0.0,0.0,22.11,2.14,0.0
20180808:2310,0.0,0.0,21.24,2.28,0.0
20180809:0010,0.0,0.0,20.85,2.14,0.0
20180809:0110,0.0,0.0,20.3,2.0,0.0
20180809:0210,0.0,0.0,19.84,2.07,0.0
20180809:0310,0.0,0.0,19.82,2.0,0.0
20180809:0410,0.0,0.0,19.43,2.07,0.0
20180809:0510,20.61,4.73,19.23,2.14,0.0
20180809:0610,20.18,14.31,19.98,2.0,0.0
20180809:0710,60.53,24.16,20.48,1.38,0.0
20180809:0810,82.55,33.88,21.1,1.24,0.0
20180809:0910,143.08,42.98,20.85,2.07,0.0
20180809:1010,200.86,50.68,21.57,3.66,0.0
20180809:1110,221.04,55.78,22.12,5.38,0.0
20180809:1210,195.36,56.91,21.14,5.93,0.0
20180809:1310,456.29,53.69,19.53,6.21,0.0
20180809:1410,58.7,47.13,18.95,6.34,0.0
20180809:1510,173.35,38.61,18.44,6.55,0.0
20180809:1610,229.43,29.13,17.66,6.69,0.0
20180809:1710,170.63,19.3,17.08,5.31,0.0
20180809:1810,48.95,9.53,17.33,4.76,0.0
20180809:1910,0.0,0.0,17.75,3.72,0.0
20180809:2010,0.0,0.0,17.11,3.17,0.0
20180809:2110,0.0,0.0,16.48,2.69,0.0
20180809:2210,0.0,0.0,15.79,2.41,0.0
20180809:2310,0.0,0.0,15.27,2.28,0.0
20180810:0010,0.0,0.0,14.72,2.21,0.0
20180810:0110,0.0,0.0,14.24,2.07,0.0
20180810:0210,0.0,0.0,13.98,1.93,0.0
20180810:0310,0.0,0.0,13.38,1.86,0.0
20180810:0410,0.0,0.0,12.84,1.93,0.0
20180810:0510,23.19,4.53,12.38,2.0,0.0
20180810:0610,118.37,14.12,13.65,1.86,0.0
20180810:0710,259.63,23.97,15.44,2.55,0.0
20180810:0810,479.3,33.69,17.15,3.03,0.0
20180810:0910,734.26,42.77,18.74,3.93,0.0
20180810:1010,537.06,50.44,19.82,4.34,0.0
20180810:1110,699.03,55.51,21.01,4.69,0.0
20180810:1210,782.49,56.62,22.15,5.03,0.0
20180810:1310,834.85,53.4,22.94,5.31,0.0
20180810:1410,684.84,46.86,23.02,5.52,0.0
20180810:1510,643.28,38.37,22.89,5.59,0.0
20180810:1610,357.33,28.89,22.26,5.66,0.0
20180810:1710,199.55,19.06,21.43,4.9,0.0
20180810:1810,53.24,9.29,20.88,3.79,0.0
20180810:1910,0.0,0.0,20.67,2.76,0.0
20180810:2010,0.0,0.0,19.95,2.69,0.0
20180810:2110,0.0,0.0,19.52,2.83,0.0
20180810:2210,0.0,0.0,18.82,2.97,0.0
20180810:2310,0.0,0.0,18.23,3.1,0.0
20180811:0010,0.0,0.0,17.71,3.17,0.0
20180811:0110,0.0,0.0,16.89,3.1,0.0
20180811:0210,0.0,0.0,16.24,2.83,0.0
20180811:0310,0.0,0.0,15.69,2.48,0.0
20180811:0410,0.0,0.0,15.21,2.14,0.0
20180811:0510,22.33,4.33,14.67,1.93,0.0
20180811:0610,102.57,13.93,15.17,1.79,0.0
20180811:0710,203.35,23.78,16.77,2.69,0.0
20180811:0810,372.7,33.49,17.92,2.28,0.0
20180811:0910,552.64,42.55,19.44,2.21,0.0
20180811:1010,557.09,50.2,20.94,2.34,0.0
20180811:1110,819.46,55.23,21.86,2.48,0.0
20180811:1210,756.15,56.33,22.47,2.69,0.0
20180811:1310,770.36,53.12,23.02,2.76,0.0
20180811:1410,730.75,46.6,23.17,2.34,0.0
20180811:1510,642.96,38.12,23.4,1.93,0.0
20180811:1610,435.75,28.65,23.23,1.38,0.0
20180811:1710,200.5,18.82,23.32,1.17,0.0
20180811:1810,43.8,9.05,22.98,0.41,0.0
20180811:1910,0.0,0.0,22.37,1.31,0.0
20180811:2010,0.0,0.0,20.38,1.79,0.0
20180811:2110,0.0,0.0,18.65,2.07,0.0
20180811:2210,0.0,0.0,17.59,2.21,0.0
20180811:2310,0.0,0.0,16.85,2.34,0.0
20180812:0010,0.0,0.0,16.29,2.34,0.0
20180812:0110,0.0,0.0,15.79,2.34,0.0
20180812:0210,0.0,0.0,15.35,2.34,0.0
20180812:0310,0.0,0.0,15.12,2.41,0.0
20180812:0410,0.0,0.0,14.89,2.41,0.0
20180812:0510,19.75,4.13,14.74,2.41,0.0
20180812:0610,113.95,13.74,15.92,2.14,0.0
20180812:0710,315.96,23.59,18.17,2.07,0.0
20180812:0810,525.28,33.29,21.0,2.62,0.0
20180812:0910,706.77,42.34,23.42,3.1,0.0
20180812:1010,622.58,49.95,25.35,3.79,0.0
20180812:1110,955.94,54.95,26.7,4.14,0.0
20180812:1210,1019.45,56.03,27.87,4.21,0.0
20180812:1310,962.73,52.82,28.9,4.21,0.0
20180812:1410,791.65,46.32,29.63,4.14,0.0
20180812:1510,660.43,37.86,30.0,4.14,0.0
20180812:1610,172.65,28.41,30.08,4.28,0.0
20180812:1710,198.4,18.58,29.47,3.66,0.0
20180812:1810,40.36,8.8,27.94,2.48,0.0
20180812:1910,0.0,0.0,26.43,2.41,0.0
20180812:2010,0.0,0.0,24.25,3.1,0.0
20180812:2110,0.0,0.0,22.58,2.48,0.0
20180812:2210,0.0,0.0,20.86,1.86,0.0
20180812:2310,0.0,0.0,19.69,1.79,0.0
20180813:0010,0.0,0.0,19.15,2.48,0.0
20180813:0110,0.0,0.0,18.68,3.38,0.0
20180813:0210,0.0,0.0,18.38,3.72,0.0
20180813:0310,0.0,0.0,18.12,4.07,0.0
20180813:0410,0.0,0.0,17.96,4.69,0.0
20180813:0510,7.73,3.93,17.85,4.76,0.0
20180813:0610,74.25,13.55,17.62,4.41,0.0
20180813:0710,153.74,23.4,18.23,4.55,0.0
20180813:0810,286.83,33.09,19.47,5.17,0.0
20180813:0910,275.58,42.12,20.8,4.9,0.0
20180813:1010,309.47,49.7,21.88,5.45,0.0
20180813:1110,229.29,54.67,21.79,5.45,0.0
20180813:1210,618.56,55.73,22.62,5.24,0.0
20180813:1310,845.24,52.53,22.94,5.1,0.0
20180813:1410,425.32,46.04,23.13,4.9,0.0
20180813:1510,474.08,37.6,23.42,4.62,0.0
20180813:1610,426.69,28.15,23.22,4.69,0.0
20180813:1710,143.48,18.33,22.86,4.48,0.0
20180813:1810,43.8,8.55,22.24,3.79,0.0
20180813:1910,0.0,0.0,20.58,2.69,0.0
20180813:2010,0.0,0.0,19.61,2.14,0.0
20180813:2110,0.0,0.0,18.81,2.07,0.0
20180813:2210,0.0,0.0,18.07,2.07,0.0
20180813:2310,0.0,0.0,17.43,2.21,0.0
20180814:0010,0.0,0.0,16.71,2.34,0.0
20180814:0110,0.0,0.0,16.31,2.41,0.0
20180814:0210,0.0,0.0,15.94,2.55,0.0
20180814:0310,0.0,0.0,15.65,2.62,0.0
20180814:0410,0.0,0.0,15.47,2.62,0.0
20180814:0510,3.43,3.72,15.25,2.55,0.0
20180814:0610,66.96,13.35,16.23,2.55,0.0
20180814:0710,0.0,0.0,18.43,4.0,0.0
20180814:0810,124.74,32.89,19.28,3.59,0.0
20180814:0910,311.91,41.9,20.29,3.52,0.0
20180814:1010,473.44,49.45,21.59,3.38,0.0
20180814:1110,353.71,54.38,22.93,3.72,0.0
20180814:1210,490.11,55.42,23.71,4.07,0.0
20180814:1310,298.82,52.22,23.9,4.21,0.0
20180814:1410,401.96,45.76,24.29,4.34,0.0
20180814:1510,545.82,37.33,24.47,4.34,0.0
20180814:1610,364.78,27.9,24.01,4.41,0.0
20180814:1710,171.95,18.07,23.3,4.41,0.0
20180814:1810,46.37,8.29,22.38,3.86,0.0
20180814:1910,0.0,0.0,21.65,2.9,0.0
20180814:2010,0.0,0.0,20.23,2.34,0.0
20180814:2110,0.0,0.0,19.12,1.79,0.0
20180814:2210,0.0,0.0,18.01,1.52,0.0
20180814:2310,0.0,0.0,17.15,1.52,0.0
20180815:0010,0.0,0.0,16.71,1.66,0.0
20180815:0110,0.0,0.0,16.22,1.72,0.0
20180815:0210,0.0,0.0,16.61,1.59,0.0
20180815:0310,0.0,0.0,17.15,1.59,0.0
20180815:0410,0.0,0.0,17.45,1.66,0.0
20180815:0510,16.32,3.52,17.78,1.79,0.0
20180815:0610,109.57,13.16,17.92,2.14,0.0
20180815:0710,0.0,0.0,18.31,2.28,0.0
20180815:0810,212.46,32.69,19.23,2.34,0.0
20180815:0910,193.88,41.67,20.2,2.34,0.0
20180815:1010,283.62,49.19,21.56,2.41,0.0
20180815:1110,316.45,54.09,22.97,2.21,0.0
20180815:1210,500.62,55.11,23.79,2.07,0.0
20180815:1310,934.51,51.92,24.69,2.07,0.0
20180815:1410,827.96,45.47,25.27,2.14,0.0
20180815:1510,650.59,37.06,25.59,2.14,0.0
20180815:1610,430.25,27.63,25.55,2.0,0.0
20180815:1710,206.78,17.81,25.23,1.72,0.0
20180815:1810,42.08,8.03,24.66,1.45,0.0
20180815:1910,0.0,0.0,22.66,0.55,0.0
20180815:2010,0.0,0.0,20.96,0.97,0.0
20180815:2110,0.0,0.0,19.39,1.24,0.0
20180815:2210,0.0,0.0,18.39,1.38,0.0
20180815:2310,0.0,0.0,18.15,1.24,0.0
20180816:0010,0.0,0.0,18.73,0.69,0.0
20180816:0110,0.0,0.0,18.26,0.41,0.0
20180816:0210,0.0,0.0,17.63,0.41,0.0
20180816:0310,0.0,0.0,17.12,0.28,0.0
20180816:0410,0.0,0.0,16.62,0.62,0.0
20180816:0510,13.74,3.31,16.2,0.62,0.0
20180816:0610,109.8,12.96,16.48,0.34,0.0
20180816:0710,320.27,22.81,18.52,0.76,0.0
20180816:0810,523.64,32.48,21.11,1.17,0.0
20180816:0910,740.36,41.45,23.26,1.45,0.0
20180816:1010,862.6,48.93,24.87,1.66,0.0
20180816:1110,941.63,53.79,26.23,1.79,0.0
20180816:1210,993.58,54.79,27.27,1.59,0.0
20180816:1310,938.15,51.61,28.12,1.31,0.0
20180816:1410,809.3,45.18,28.63,1.03,0.0
20180816:1510,643.88,36.78,28.86,0.9,0.0
20180816:1610,382.81,27.37,28.8,0.76,0.0
20180816:1710,158.78,17.55,28.55,0.9,0.0
20180816:1810,37.78,7.76,27.58,2.0,0.0
20180816:1910,0.0,0.0,24.03,4.76,0.0
20180816:2010,0.0,0.0,22.1,4.9,0.0
20180816:2110,0.0,0.0,20.85,4.69,0.0
20180816:2210,0.0,0.0,19.76,4.62,0.0
20180816:2310,0.0,0.0,18.55,4.14,0.0
20180817:0010,0.0,0.0,17.31,4.14,0.0
20180817:0110,0.0,0.0,16.52,4.07,0.0
20180817:0210,0.0,0.0,16.31,3.86,0.0
20180817:0310,0.0,0.0,16.21,3.59,0.0
20180817:0410,0.0,0.0,16.18,3.31,0.0
20180817:0510,13.74,3.11,16.13,3.1,0.0
20180817:0610,96.59,12.76,16.35,3.17,0.0
20180817:0710,248.59,22.61,16.79,3.86,0.0
20180817:0810,543.16,32.27,17.86,3.79,0.0
20180817:0910,661.09,41.22,19.34,3.86,0.0
20180817:1010,719.42,48.67,20.76,3.59,0.0
20180817:1110,852.53,53.49,21.73,3.17,0.0
20180817:1210,924.41,54.47,22.68,3.31,0.0
20180817:1310,908.97,51.29,23.04,3.45,0.0
20180817:1410,678.95,44.88,23.24,3.59,0.0
20180817:1510,541.35,36.5,23.48,3.79,0.0
20180817:1610,400.21,27.1,23.28,3.66,0.0
20180817:1710,199.59,17.28,22.81,3.31,0.0
20180817:1810,42.94,7.49,22.01,2.83,0.0
20180817:1910,0.0,0.0,20.63,3.1,0.0
20180817:2010,0.0,0.0,19.2,3.45,0.0
20180817:2110,0.0,0.0,18.11,3.17,0.0
20180817:2210,0.0,0.0,17.1,2.48,0.0
20180817:2310,0.0,0.0,16.19,2.07,0.0
20180818:0010,0.0,0.0,15.34,2.0,0.0
20180818:0110,0.0,0.0,14.55,2.0,0.0
20180818:0210,0.0,0.0,13.84,1.79,0.0
20180818:0310,0.0,0.0,13.17,1.52,0.0
20180818:0410,0.0,0.0,12.72,1.52,0.0
20180818:0510,12.88,2.9,12.37,1.66,0.0
20180818:0610,108.12,12.56,13.57,1.38,0.0
20180818:0710,317.11,22.41,16.05,1.1,0.0
20180818:0810,548.15,32.06,17.88,1.52,0.0
20180818:0910,751.47,40.99,19.5,1.66,0.0
20180818:1010,891.48,48.41,20.89,2.07,0.0
20180818:1110,980.46,53.19,22.01,2.28,0.0
20180818:1210,1004.79,54.15,23.12,2.21,0.0
20180818:1310,953.34,50.97,24.09,2.0,0.0
20180818:1410,815.85,44.58,24.56,2.0,0.0
20180818:1510,643.42,36.22,24.84,2.21,0.0
20180818:1610,392.54,26.82,24.88,2.55,0.0
20180818:1710,188.21,17.01,24.38,2.9,0.0
20180818:1810,40.36,7.21,23.26,2.76,0.0
20180818:1910,0.0,0.0,21.63,2.76,0.0
20180818:2010,0.0,0.0,20.19,2.34,0.0
20180818:2110,0.0,0.0,19.14,2.0,0.0
20180818:2210,0.0,0.0,18.26,1.72,0.0
20180818:2310,0.0,0.0,17.25,1.38,0.0
20180819:0010,0.0,0.0,16.56,1.1,0.0
20180819:0110,0.0,0.0,16.53,0.9,0.0
20180819:0210,0.0,0.0,16.74,0.69,0.0
20180819:0310,0.0,0.0,16.35,0.28,0.0
20180819:0410,0.0,0.0,15.97,0.48,0.0
20180819:0510,9.45,2.69,14.93,0.97,0.0
20180819:0610,105.02,12.36,15.44,0.83,0.0
20180819:0710,308.62,22.21,17.9,0.48,0.0
20180819:0810,516.14,31.85,19.92,0.9,0.0
20180819:0910,732.53,40.75,21.52,1.52,0.0
20180819:1010,883.28,48.14,22.98,1.79,0.0
20180819:1110,979.16,52.89,24.32,2.07,0.0
20180819:1210,1002.33,53.82,25.28,2.21,0.0
20180819:1310,950.86,50.65,26.19,2.34,0.0
20180819:1410,813.16,44.28,26.85,2.55,0.0
20180819:1510,602.85,35.93,27.3,2.83,0.0
20180819:1610,373.53,26.54,27.37,3.1,0.0
20180819:1710,181.8,16.73,27.12,3.17,0.0
20180819:1810,38.64,6.93,26.2,2.41,0.0
20180819:1910,0.0,0.0,24.32,2.41,0.0
20180819:2010,0.0,0.0,22.84,2.55,0.0
20180819:2110,0.0,0.0,21.73,2.62,0.0
20180819:2210,0.0,0.0,20.79,2.41,0.0
20180819:2310,0.0,0.0,20.06,2.14,0.0
20180820:0010,0.0,0.0,19.66,1.93,0.0
20180820:0110,0.0,0.0,19.81,1.66,0.0
20180820:0210,0.0,0.0,19.87,1.38,0.0
20180820:0310,0.0,0.0,19.79,1.59,0.0
20180820:0410,0.0,0.0,19.78,2.07,0.0
20180820:0510,3.43,2.48,19.73,2.41,0.0
20180820:0610,42.19,12.16,19.67,2.48,0.0
20180820:0710,194.51,22.01,19.79,2.07,0.0
20180820:0810,183.49,31.64,20.36,2.41,0.0
20180820:0910,272.73,40.52,20.93,2.48,0.0
20180820:1010,223.32,47.87,21.52,2.55,0.0
20180820:1110,250.41,52.58,22.43,2.83,0.0
20180820:1210,499.43,53.49,23.75,2.83,0.0
20180820:1310,335.11,50.32,25.0,2.97,0.0
20180820:1410,419.89,43.97,25.56,3.1,0.0
20180820:1510,379.28,35.63,25.94,3.24,0.0
20180820:1610,221.52,26.26,25.89,3.24,0.0
20180820:1710,136.31,16.45,25.55,3.03,0.0
20180820:1810,33.49,6.65,25.0,2.48,0.0
20180820:1910,0.0,0.0,23.06,1.59,0.0
20180820:2010,0.0,0.0,22.45,1.38,0.0
20180820:2110,0.0,0.0,21.75,1.31,0.0
20180820:2210,0.0,0.0,20.37,1.52,0.0
20180820:2310,0.0,0.0,19.46,1.59,0.0
20180821:0010,0.0,0.0,18.86,1.66,0.0
20180821:0110,0.0,0.0,18.56,1.52,0.0
20180821:0210,0.0,0.0,18.31,1.31,0.0
20180821:0310,0.0,0.0,18.01,1.1,0.0
20180821:0410,0.0,0.0,17.89,0.9,0.0
20180821:0510,2.58,2.26,18.26,0.62,0.0
20180821:0610,68.65,11.95,18.51,0.34,0.0
20180821:0710,138.79,21.81,19.87,1.03,0.0
20180821:0810,234.77,31.42,21.35,0.97,0.0
20180821:0910,171.51,40.28,22.74,0.83,0.0
20180821:1010,696.48,47.6,23.9,0.76,0.0
20180821:1110,674.45,52.27,24.79,0.97,0.0
20180821:1210,233.43,53.16,25.6,0.9,0.0
20180821:1310,451.04,49.99,25.97,1.17,0.0
20180821:1410,239.76,43.65,26.08,1.79,0.0
20180821:1510,308.57,35.34,25.89,2.28,0.0
20180821:1610,176.5,25.97,25.76,2.48,0.0
20180821:1710,115.15,16.17,25.51,2.62,0.0
20180821:1810,34.35,6.36,24.71,2.21,0.0
20180821:1910,0.0,0.0,23.43,1.93,0.0
20180821:2010,0.0,0.0,22.39,2.0,0.0
20180821:2110,0.0,0.0,21.42,2.07,0.0
20180821:2210,0.0,0.0,20.58,2.07,0.0
20180821:2310,0.0,0.0,19.74,2.07,0.0
20180822:0010,0.0,0.0,19.06,1.86,0.0
20180822:0110,0.0,0.0,18.33,1.66,0.0
20180822:0210,0.0,0.0,17.51,1.59,0.0
20180822:0310,0.0,0.0,16.94,1.66,0.0
20180822:0410,0.0,0.0,16.48,1.66,0.0
20180822:0510,6.01,2.05,16.04,1.59,0.0
20180822:0610,102.49,11.75,16.72,1.17,0.0
20180822:0710,294.78,21.6,19.92,1.31,0.0
20180822:0810,474.01,31.2,22.17,1.24,0.0
20180822:0910,540.71,40.04,24.34,1.1,0.0
20180822:1010,756.15,47.32,25.87,0.76,0.0
20180822:1110,852.94,51.95,27.04,0.48,0.0
20180822:1210,929.28,52.82,27.94,1.1,0.0
20180822:1310,906.15,49.66,28.67,1.45,0.0
20180822:1410,671.69,43.33,29.17,1.72,0.0
20180822:1510,522.79,35.03,29.33,1.93,0.0
20180822:1610,280.51,25.68,29.14,2.21,0.0
20180822:1710,176.2,15.88,28.55,2.62,0.0
20180822:1810,33.49,6.07,27.29,2.55,0.0
20180822:1910,0.0,0.0,25.62,2.62,0.0
20180822:2010,0.0,0.0,24.03,2.83,0.0
20180822:2110,0.0,0.0,22.72,2.83,0.0
20180822:2210,0.0,0.0,21.59,2.83,0.0
20180822:2310,0.0,0.0,20.63,2.76,0.0
20180823:0010,0.0,0.0,19.75,2.62,0.0
20180823:0110,0.0,0.0,18.93,2.34,0.0
20180823:0210,0.0,0.0,18.23,2.28,0.0
20180823:0310,0.0,0.0,17.67,2.41,0.0
20180823:0410,0.0,0.0,17.24,2.14,0.0
20180823:0510,0.86,1.84,16.98,1.66,0.0
20180823:0610,69.86,11.54,17.29,1.59,0.0
20180823:0710,175.51,21.39,18.74,1.79,0.0
20180823:0810,337.59,30.99,20.23,1.72,0.0
20180823:0910,707.71,39.79,21.86,1.66,0.0
20180823:1010,861.17,47.04,23.74,1.59,0.0
20180823:1110,922.33,51.64,25.72,2.76,0.0
20180823:1210,936.92,52.48,26.84,3.38,0.0
20180823:1310,918.71,49.32,27.19,4.0,0.0
20180823:1410,793.45,43.01,26.53,4.55,0.0
20180823:1510,617.61,34.73,25.91,4.83,0.0
20180823:1610,399.42,25.38,25.36,4.62,0.0
20180823:1710,169.02,15.58,24.63,4.0,0.0
20180823:1810,30.91,5.77,23.85,3.38,0.0
20180823:1910,0.0,0.0,22.68,2.62,0.0
20180823:2010,0.0,0.0,21.93,2.83,0.0
20180823:2110,0.0,0.0,21.09,3.1,0.0
20180823:2210,0.0,0.0,20.31,3.31,0.0
20180823:2310,0.0,0.0,19.43,3.86,0.0
20180824:0010,0.0,0.0,18.33,4.14,0.0
20180824:0110,0.0,0.0,17.44,3.79,0.0
20180824:0210,0.0,0.0,16.57,3.72,0.0
20180824:0310,0.0,0.0,15.88,3.31,0.0
20180824:0410,0.0,0.0,15.61,3.17,0.0
20180824:0510,3.43,1.62,15.48,3.38,0.0
20180824:0610,85.2,11.34,15.59,3.66,0.0
20180824:0710,219.59,21.19,16.22,3.72,0.0
20180824:0810,362.98,30.77,16.69,3.79,0.0
20180824:0910,408.08,39.55,17.35,3.72,0.0
20180824:1010,542.47,46.76,18.05,3.72,0.0
20180824:1110,460.52,51.32,18.24,3.79,0.0
20180824:1210,422.51,52.13,19.23,4.07,0.0
20180824:1310,240.36,48.97,19.49,4.28,0.0
20180824:1410,207.73,42.68,19.97,4.48,0.0
20180824:1510,324.91,34.42,19.65,4.41,0.0
20180824:1610,223.24,25.08,19.68,4.41,0.0
20180824:1710,116.24,15.29,19.17,4.28,0.0
20180824:1810,29.2,5.47,18.6,3.93,0.0
20180824:1910,0.0,0.0,17.52,3.31,0.0
20180824:2010,0.0,0.0,16.97,3.03,0.0
20180824:2110,0.0,0.0,16.35,3.03,0.0
20180824:2210,0.0,0.0,15.97,3.38,0.0
20180824:2310,0.0,0.0,15.77,3.72,0.0
20180825:0010,0.0,0.0,15.64,4.55,0.0
20180825:0110,0.0,0.0,14.9,4.69,0.0
20180825:0210,0.0,0.0,14.27,4.62,0.0
20180825:0310,0.0,0.0,14.02,4.41,0.0
20180825:0410,0.0,0.0,13.5,3.79,0.0
20180825:0510,0.86,1.41,13.2,3.38,0.0
20180825:0610,87.46,11.13,13.15,2.76,0.0
20180825:0710,248.08,20.98,14.02,3.72,0.0
20180825:0810,357.84,30.54,14.66,3.79,0.0
20180825:0910,517.14,39.3,16.19,4.07,0.0
20180825:1010,470.17,46.48,17.21,4.07,0.0
20180825:1110,699.07,50.99,17.99,4.07,0.0
20180825:1210,688.47,51.79,18.58,4.14,0.0
20180825:1310,629.01,48.63,19.4,4.28,0.0
20180825:1410,474.88,42.35,19.73,4.28,0.0
20180825:1510,483.63,34.1,19.7,4.21,0.0
20180825:1610,304.94,24.78,19.64,4.21,0.0
20180825:1710,169.83,14.98,18.98,3.93,0.0
20180825:1810,28.34,5.17,18.29,3.45,0.0
20180825:1910,0.0,0.0,16.8,2.28,0.0
20180825:2010,0.0,0.0,15.64,2.07,0.0
20180825:2110,0.0,0.0,14.48,1.79,0.0
20180825:2210,0.0,0.0,13.01,1.52,0.0
20180825:2310,0.0,0.0,12.6,1.17,0.0
20180826:0010,0.0,0.0,13.28,0.83,0.0
20180826:0110,0.0,0.0,12.77,0.69,0.0
20180826:0210,0.0,0.0,12.32,0.76,0.0
20180826:0310,0.0,0.0,11.97,0.41,0.0
20180826:0410,0.0,0.0,11.8,0.55,0.0
20180826:0510,0.0,0.0,10.67,1.1,0.0
20180826:0610,100.39,10.92,11.13,1.24,0.0
20180826:0710,183.75,20.77,13.32,1.66,0.0
20180826:0810,354.25,30.32,15.79,2.62,0.0
20180826:0910,672.22,39.05,17.92,3.17,0.0
20180826:1010,836.18,46.19,19.36,3.66,0.0
20180826:1110,932.11,50.67,20.71,4.07,0.0
20180826:1210,614.87,51.44,21.1,4.34,0.0
20180826:1310,378.55,48.28,21.45,4.69,0.0
20180826:1410,159.59,42.02,21.5,4.76,0.0
20180826:1510,157.23,33.78,21.32,4.69,0.0
20180826:1610,216.78,24.47,21.13,4.28,0.0
20180826:1710,109.37,14.68,21.19,3.93,0.0
20180826:1810,25.76,4.86,21.03,3.79,0.0
20180826:1910,0.0,0.0,21.73,4.07,0.0
20180826:2010,0.0,0.0,21.18,4.34,0.0
20180826:2110,0.0,0.0,20.97,4.34,0.0
20180826:2210,0.0,0.0,18.89,4.07,0.0
20180826:2310,0.0,0.0,17.19,3.72,0.0
20180827:0010,0.0,0.0,17.1,4.07,0.0
20180827:0110,0.0,0.0,17.13,4.14,0.0
20180827:0210,0.0,0.0,17.49,4.14,0.0
20180827:0310,0.0,0.0,17.79,3.93,0.0
20180827:0410,0.0,0.0,17.92,3.72,0.0
20180827:0510,0.0,0.0,17.99,3.45,0.0
20180827:0610,62.64,10.71,18.19,3.24,0.0
20180827:0710,139.05,20.55,18.52,2.9,0.0
20180827:0810,203.32,30.09,19.04,2.62,0.0
20180827:0910,227.12,38.8,19.93,3.72,0.0
20180827:1010,406.91,45.91,20.65,3.66,0.0
20180827:1110,334.01,50.34,20.93,3.66,0.0
20180827:1210,478.62,51.08,21.34,3.86,0.0
20180827:1310,634.16,47.93,22.09,4.28,0.0
20180827:1410,645.93,41.68,22.52,4.21,0.0
20180827:1510,598.23,33.46,22.68,3.86,0.0
20180827:1610,367.58,24.16,22.53,3.45,0.0
20180827:1710,162.71,14.37,21.99,3.03,0.0
20180827:1810,24.04,4.55,20.93,2.28,0.0
20180827:1910,0.0,0.0,18.72,2.62,0.0
20180827:2010,0.0,0.0,17.34,2.28,0.0
20180827:2110,0.0,0.0,16.33,2.0,0.0
20180827:2210,0.0,0.0,15.16,1.66,0.0
20180827:2310,0.0,0.0,14.11,1.45,0.0
20180828:0010,0.0,0.0,13.5,1.38,0.0
20180828:0110,0.0,0.0,12.86,1.45,0.0
20180828:0210,0.0,0.0,12.1,1.59,0.0
20180828:0310,0.0,0.0,11.36,1.79,0.0
20180828:0410,0.0,0.0,11.05,1.86,0.0
20180828:0510,0.0,0.0,10.76,1.93,0.0
20180828:0610,94.84,10.5,11.4,1.79,0.0
20180828:0710,298.79,20.34,15.09,1.59,0.0
20180828:0810,528.48,29.87,17.81,2.21,0.0
20180828:0910,742.07,38.55,20.01,2.62,0.0
20180828:1010,883.57,45.62,21.8,2.28,0.0
20180828:1110,977.96,50.01,23.42,1.72,0.0
20180828:1210,999.31,50.73,24.5,1.59,0.0
20180828:1310,944.06,47.57,25.4,1.59,0.0
20180828:1410,800.96,41.34,26.12,1.72,0.0
20180828:1510,624.54,33.13,26.57,1.79,0.0
20180828:1610,393.08,23.84,26.64,2.0,0.0
20180828:1710,163.44,14.06,26.41,2.07,0.0
20180828:1810,22.33,4.24,25.22,1.86,0.0
20180828:1910,0.0,0.0,23.07,2.55,0.0
20180828:2010,0.0,0.0,21.71,2.69,0.0
20180828:2110,0.0,0.0,20.78,2.62,0.0
20180828:2210,0.0,0.0,20.02,2.48,0.0
20180828:2310,0.0,0.0,19.54,2.28,0.0
20180829:0010,0.0,0.0,18.94,1.66,0.0
20180829:0110,0.0,0.0,19.95,0.69,0.0
20180829:0210,0.0,0.0,18.27,1.72,0.0
20180829:0310,0.0,0.0,18.27,2.34,0.0
20180829:0410,0.0,0.0,18.26,1.79,0.0
20180829:0510,0.0,0.0,17.78,1.93,0.0
20180829:0610,10.09,10.29,17.55,1.31,0.0
20180829:0710,150.34,20.12,18.23,1.45,0.0
20180829:0810,379.27,29.64,18.54,1.1,0.0
20180829:0910,211.55,38.29,19.34,2.07,0.0
20180829:1010,268.09,45.32,20.18,3.17,0.0
20180829:1110,99.06,49.67,19.55,3.79,0.0
20180829:1210,75.21,50.37,18.7,4.9,0.0
20180829:1310,133.91,47.21,18.49,4.9,0.0
20180829:1410,279.16,40.99,19.24,5.52,0.0
20180829:1510,272.96,32.81,19.16,5.31,0.0
20180829:1610,199.41,23.52,19.19,5.17,0.0
20180829:1710,136.21,13.75,19.23,5.03,0.0
20180829:1810,13.74,3.92,18.54,4.34,0.0
20180829:1910,0.0,0.0,17.26,3.66,0.0
20180829:2010,0.0,0.0,17.07,3.66,0.0
20180829:2110,0.0,0.0,16.81,3.38,0.0
20180829:2210,0.0,0.0,16.37,2.97,0.0
20180829:2310,0.0,0.0,15.79,2.76,0.0
20180830:0010,0.0,0.0,15.23,2.69,0.0
20180830:0110,0.0,0.0,14.79,2.55,0.0
20180830:0210,0.0,0.0,14.2,2.28,0.0
20180830:0310,0.0,0.0,13.82,2.07,0.0
20180830:0410,0.0,0.0,13.41,1.93,0.0
20180830:0510,0.0,0.0,12.87,1.86,0.0
20180830:0610,65.53,10.07,12.79,1.38,0.0
20180830:0710,149.46,19.91,14.99,1.72,0.0
20180830:0810,362.24,29.41,16.73,1.59,0.0
20180830:0910,466.83,38.04,18.31,1.66,0.0
20180830:1010,403.48,45.03,19.07,1.31,0.0
20180830:1110,313.17,49.34,19.75,1.1,0.0
20180830:1210,321.16,50.01,20.28,1.03,0.0
20180830:1310,188.02,46.85,20.71,0.83,0.0
20180830:1410,96.3,40.65,20.75,0.55,0.0
20180830:1510,95.39,32.47,20.71,0.48,0.0
20180830:1610,61.45,23.2,20.66,0.69,0.0
20180830:1710,33.02,13.43,20.38,0.9,0.0
20180830:1810,5.15,3.6,19.75,1.03,0.0
20180830:1910,0.0,0.0,18.53,1.03,0.0
20180830:2010,0.0,0.0,17.54,1.03,0.0
20180830:2110,0.0,0.0,16.82,1.17,0.0
20180830:2210,0.0,0.0,16.08,1.38,0.0
20180830:2310,0.0,0.0,15.54,1.45,0.0
20180831:0010,0.0,0.0,15.07,1.59,0.0
20180831:0110,0.0,0.0,14.67,1.52,0.0
20180831:0210,0.0,0.0,14.45,1.72,0.0
20180831:0310,0.0,0.0,13.82,1.86,0.0
20180831:0410,0.0,0.0,13.45,1.86,0.0
20180831:0510,0.0,0.0,13.23,1.93,0.0
20180831:0610,82.37,9.86,13.27,1.79,0.0
20180831:0710,308.8,19.69,14.94,1.93,0.0
20180831:0810,466.34,29.18,16.86,2.07,0.0
20180831:0910,412.3,37.78,18.64,2.07,0.0
20180831:1010,647.78,44.73,19.89,2.0,0.0
20180831:1110,449.42,49.0,20.43,2.48,0.0
20180831:1210,461.92,49.64,20.55,2.62,0.0
20180831:1310,827.22,46.48,21.02,2.62,0.0
20180831:1410,604.03,40.29,21.07,2.62,0.0
20180831:1510,499.36,32.14,21.27,2.55,0.0
20180831:1610,362.06,22.87,20.98,2.62,0.0
20180831:1710,141.29,13.11,20.6,2.62,0.0
20180831:1810,16.32,3.28,19.52,2.14,0.0
20180831:1910,0.0,0.0,18.08,2.48,0.0
20180831:2010,0.0,0.0,17.09,2.48,0.0
20180831:2110,0.0,0.0,16.08,2.48,0.0
20180831:2210,0.0,0.0,15.22,2.48,0.0
20180831:2310,0.0,0.0,14.26,2.41,0.0
20180901:0010,0.0,0.0,13.6,2.34,0.0
20180901:0110,0.0,0.0,12.79,2.34,0.0
20180901:0210,0.0,0.0,12.12,2.28,0.0
20180901:0310,0.0,0.0,11.44,2.21,0.0
20180901:0410,0.0,0.0,10.73,2.14,0.0
20180901:0510,0.0,0.0,10.11,2.07,0.0
20180901:0610,98.22,9.64,10.21,1.79,0.0
20180901:0710,329.27,19.47,13.44,1.52,0.0
20180901:0810,572.28,28.94,15.93,1.79,0.0
20180901:0910,801.73,37.52,18.21,2.14,0.0
20180901:1010,971.93,44.43,19.8,2.69,0.0
20180901:1110,1041.42,48.66,20.75,2.69,0.0
20180901:1210,1072.97,49.28,21.46,2.76,0.0
20180901:1310,993.95,46.12,21.92,2.83,0.0
20180901:1410,838.34,39.94,22.16,2.9,0.0
20180901:1510,648.82,31.8,22.16,3.03,0.0
20180901:1610,406.62,22.55,21.85,3.1,0.0
20180901:1710,168.5,12.78,21.26,2.9,0.0
20180901:1810,12.02,2.95,19.9,2.41,0.0
20180901:1910,0.0,0.0,18.21,2.76,0.0
20180901:2010,0.0,0.0,17.0,2.9,0.0
20180901:2110,0.0,0.0,16.09,2.9,0.0
20180901:2210,0.0,0.0,15.34,2.9,0.0
20180901:2310,0.0,0.0,14.66,2.83,0.0
20180902:0010,0.0,0.0,14.0,2.69,0.0
20180902:0110,0.0,0.0,13.4,2.62,0.0
20180902:0210,0.0,0.0,12.79,2.48,0.0
20180902:0310,0.0,0.0,12.17,2.34,0.0
20180902:0410,0.0,0.0,11.5,2.28,0.0
20180902:0510,0.0,0.0,10.85,2.21,0.0
20180902:0610,95.7,9.43,10.75,1.93,0.0
20180902:0710,328.18,19.25,13.35,1.86,0.0
20180902:0810,571.5,28.71,15.71,2.07,0.0
20180902:0910,804.6,37.25,17.91,2.14,0.0
20180902:1010,970.42,44.13,19.87,2.28,0.0
20180902:1110,1033.72,48.31,21.37,2.48,0.0
20180902:1210,1071.33,48.91,22.4,2.55,0.0
20180902:1310,992.22,45.75,23.09,2.83,0.0
20180902:1410,834.93,39.58,23.52,3.17,0.0
20180902:1510,648.4,31.46,23.61,3.45,0.0
20180902:1610,402.69,22.22,23.41,3.52,0.0
20180902:1710,164.49,12.46,22.85,3.03,0.0
20180902:1810,10.3,2.62,21.24,2.55,0.0
20180902:1910,0.0,0.0,19.53,2.9,0.0
20180902:2010,0.0,0.0,18.54,2.97,0.0
20180902:2110,0.0,0.0,17.7,2.83,0.0
20180902:2210,0.0,0.0,17.0,2.41,0.0
20180902:2310,0.0,0.0,16.34,2.07,0.0
20180903:0010,0.0,0.0,15.49,1.86,0.0
20180903:0110,0.0,0.0,14.81,1.79,0.0
20180903:0210,0.0,0.0,14.27,1.86,0.0
20180903:0310,0.0,0.0,13.83,1.79,0.0
20180903:0410,0.0,0.0,14.0,1.59,0.0
20180903:0510,0.0,0.0,14.04,1.59,0.0
20180903:0610,92.61,9.21,14.5,1.38,0.0
20180903:0710,147.61,19.03,16.1,1.59,0.0
20180903:0810,203.2,28.47,18.25,1.86,0.0
20180903:0910,489.03,36.99,19.25,1.93,0.0
20180903:1010,843.67,43.82,20.19,1.93,0.0
20180903:1110,999.57,47.97,21.31,2.21,0.0
20180903:1210,998.95,48.54,22.37,2.83,0.0
20180903:1310,761.17,45.37,23.26,3.24,0.0
20180903:1410,581.42,39.22,23.27,3.52,0.0
20180903:1510,237.15,31.11,22.87,3.66,0.0
20180903:1610,194.04,21.88,22.45,3.72,0.0
20180903:1710,132.77,12.13,21.93,3.31,0.0
20180903:1810,8.59,2.29,21.24,2.76,0.0
20180903:1910,0.0,0.0,20.42,2.41,0.0
20180903:2010,0.0,0.0,19.94,2.55,0.0
20180903:2110,0.0,0.0,19.41,2.83,0.0
20180903:2210,0.0,0.0,19.09,2.9,0.0
20180903:2310,0.0,0.0,18.46,2.62,0.0
20180904:0010,0.0,0.0,18.11,2.34,0.0
20180904:0110,0.0,0.0,17.63,2.21,0.0
20180904:0210,0.0,0.0,17.34,2.07,0.0
20180904:0310,0.0,0.0,16.97,2.14,0.0
20180904:0410,0.0,0.0,16.51,2.14,0.0
20180904:0510,0.0,0.0,16.15,2.07,0.0
20180904:0610,52.44,8.99,16.19,1.86,0.0
20180904:0710,96.04,18.81,16.86,2.28,0.0
20180904:0810,129.78,28.23,17.87,2.34,0.0
20180904:0910,87.13,36.72,19.23,1.79,0.0
20180904:1010,121.98,43.51,20.51,1.31,0.0
20180904:1110,210.03,47.62,21.19,1.17,0.0
20180904:1210,143.08,48.16,22.17,1.24,0.0
20180904:1310,124.74,45.0,22.82,1.59,0.0
20180904:1410,250.0,38.86,23.09,2.21,0.0
20180904:1510,264.95,30.77,23.03,2.55,0.0
20180904:1610,255.12,21.55,22.3,3.03,0.0
20180904:1710,109.96,11.8,21.47,3.17,0.0
20180904:1810,4.29,1.96,20.46,2.97,0.0
20180904:1910,0.0,0.0,19.31,2.07,0.0
20180904:2010,0.0,0.0,18.72,2.28,0.0
20180904:2110,0.0,0.0,18.11,2.34,0.0
20180904:2210,0.0,0.0,17.76,2.34,0.0
20180904:2310,0.0,0.0,17.51,2.34,0.0
20180905:0010,0.0,0.0,17.62,2.21,0.0
20180905:0110,0.0,0.0,17.49,2.0,0.0
20180905:0210,0.0,0.0,17.29,1.86,0.0
20180905:0310,0.0,0.0,17.12,1.86,0.0
20180905:0410,0.0,0.0,16.94,1.66,0.0
20180905:0510,0.0,0.0,16.87,1.59,0.0
20180905:0610,53.36,8.78,16.93,1.72,0.0
20180905:0710,111.84,18.59,17.87,2.34,0.0
20180905:0810,186.3,27.99,18.58,2.83,0.0
20180905:0910,287.52,36.45,19.8,2.21,0.0
20180905:1010,518.7,43.2,21.33,1.72,0.0
20180905:1110,758.57,47.27,22.81,1.38,0.0
20180905:1210,744.37,47.79,23.89,1.66,0.0
20180905:1310,723.21,44.62,24.42,2.07,0.0
20180905:1410,387.73,38.5,24.39,2.69,0.0
20180905:1510,442.35,30.42,23.53,2.97,0.0
20180905:1610,161.35,21.21,22.88,3.03,0.0
20180905:1710,69.23,11.46,22.32,2.48,0.0
20180905:1810,2.58,1.62,21.73,2.48,0.0
20180905:1910,0.0,0.0,20.44,2.9,0.0
20180905:2010,0.0,0.0,19.63,3.03,0.0
20180905:2110,0.0,0.0,19.12,3.31,0.0
20180905:2210,0.0,0.0,18.69,3.31,0.0
20180905:2310,0.0,0.0,18.25,3.24,0.0
20180906:0010,0.0,0.0,17.96,3.03,0.0
20180906:0110,0.0,0.0,17.75,2.9,0.0
20180906:0210,0.0,0.0,17.59,2.76,0.0
20180906:0310,0.0,0.0,17.45,2.83,0.0
20180906:0410,0.0,0.0,17.28,2.83,0.0
20180906:0510,0.0,0.0,17.14,2.69,0.0
20180906:0610,18.34,8.56,17.14,2.83,0.0
20180906:0710,64.2,18.36,17.29,4.07,0.0
20180906:0810,229.4,27.75,17.81,3.86,0.0
20180906:0910,122.9,36.18,18.1,3.79,0.0
20180906:1010,162.34,42.89,18.15,3.66,0.0
20180906:1110,158.67,46.92,19.1,3.52,0.0
20180906:1210,69.71,47.41,19.6,3.31,0.0
20180906:1310,351.48,44.24,20.41,3.45,0.0
20180906:1410,255.18,38.13,20.85,3.38,0.0
20180906:1510,530.83,30.06,21.34,3.45,0.0
20180906:1610,171.7,20.86,21.24,3.79,0.0
20180906:1710,118.01,11.12,20.83,4.07,0.0
20180906:1810,2.58,1.28,19.65,3.86,0.0
20180906:1910,0.0,0.0,18.12,3.03,0.0
20180906:2010,0.0,0.0,16.82,2.83,0.0
20180906:2110,0.0,0.0,15.74,2.69,0.0
20180906:2210,0.0,0.0,14.77,2.48,0.0
20180906:2310,0.0,0.0,14.01,2.07,0.0
20180907:0010,0.0,0.0,13.37,1.86,0.0
20180907:0110,0.0,0.0,12.99,2.0,0.0
20180907:0210,0.0,0.0,12.85,2.28,0.0
20180907:0310,0.0,0.0,13.14,2.48,0.0
20180907:0410,0.0,0.0,13.26,2.62,0.0
20180907:0510,0.0,0.0,13.44,2.69,0.0
20180907:0610,48.33,8.34,14.33,2.48,0.0
20180907:0710,101.13,18.14,15.83,4.21,0.0
20180907:0810,133.5,27.51,16.58,4.48,0.0
20180907:0910,255.88,35.91,17.11,4.28,0.0
20180907:1010,801.4,42.58,17.37,4.34,0.0
20180907:1110,956.1,46.56,17.81,4.0,0.0
20180907:1210,1020.58,47.03,17.94,3.38,0.0
20180907:1310,940.57,43.86,18.93,3.31,0.0
20180907:1410,795.99,37.76,19.71,3.38,0.0
20180907:1510,612.28,29.71,20.1,3.31,0.0
20180907:1610,372.44,20.52,20.01,3.03,0.0
20180907:1710,140.75,10.79,19.56,2.69,0.0
20180907:1810,0.0,0.0,18.48,1.79,0.0
20180907:1910,0.0,0.0,17.25,2.14,0.0
20180907:2010,0.0,0.0,15.68,2.28,0.0
20180907:2110,0.0,0.0,14.38,2.0,0.0
20180907:2210,0.0,0.0,12.99,1.66,0.0
20180907:2310,0.0,0.0,12.83,1.24,0.0
20180908:0010,0.0,0.0,13.23,0.97,0.0
20180908:0110,0.0,0.0,13.28,0.9,0.0
20180908:0210,0.0,0.0,12.84,0.9,0.0
20180908:0310,0.0,0.0,12.53,0.83,0.0
20180908:0410,0.0,0.0,12.42,0.55,0.0
20180908:0510,0.0,0.0,12.11,0.41,0.0
20180908:0610,79.29,8.11,11.85,0.14,0.0
20180908:0710,326.9,17.91,12.39,0.48,0.0
20180908:0810,466.04,27.26,15.41,0.28,0.0
20180908:0910,753.47,35.63,17.8,0.14,0.0
20180908:1010,810.16,42.26,19.22,0.41,0.0
20180908:1110,995.66,46.21,20.36,0.83,0.0
20180908:1210,991.97,46.65,21.26,0.97,0.0
20180908:1310,937.57,43.48,21.99,1.17,0.0
20180908:1410,797.88,37.39,22.47,1.31,0.0
20180908:1510,574.21,29.35,22.63,1.24,0.0
20180908:1610,369.48,20.18,22.53,1.24,0.0
20180908:1710,142.71,10.44,22.18,1.17,0.0
20180908:1810,0.0,0.0,21.19,1.31,0.0
20180908:1910,0.0,0.0,19.21,2.0,0.0
20180908:2010,0.0,0.0,17.9,2.14,0.0
20180908:2110,0.0,0.0,16.89,2.21,0.0
20180908:2210,0.0,0.0,15.98,2.21,0.0
20180908:2310,0.0,0.0,15.05,2.28,0.0
20180909:0010,0.0,0.0,14.52,2.28,0.0
20180909:0110,0.0,0.0,13.98,2.28,0.0
20180909:0210,0.0,0.0,13.33,2.34,0.0
20180909:0310,0.0,0.0,12.91,2.41,0.0
20180909:0410,0.0,0.0,12.52,2.34,0.0
20180909:0510,0.0,0.0,12.13,2.28,0.0
20180909:0610,81.24,7.89,12.06,2.07,0.0
20180909:0710,298.03,17.68,14.65,1.72,0.0
20180909:0810,513.05,27.02,18.29,1.86,0.0
20180909:0910,759.63,35.35,21.35,1.93,0.0
20180909:1010,928.71,41.95,23.86,2.21,0.0
20180909:1110,983.96,45.85,25.45,2.48,0.0
20180909:1210,1020.81,46.26,26.5,2.14,0.0
20180909:1310,950.55,43.09,27.27,1.93,0.0
20180909:1410,585.87,37.02,27.76,1.66,0.0
20180909:1510,290.36,28.99,27.9,1.38,0.0
20180909:1610,303.41,19.83,27.73,0.97,0.0
20180909:1710,122.61,10.1,27.2,0.21,0.0
20180909:1810,0.0,0.0,25.3,0.69,0.0
20180909:1910,0.0,0.0,25.4,0.62,0.0
20180909:2010,0.0,0.0,23.63,0.69,0.0
20180909:2110,0.0,0.0,20.06,2.55,0.0
20180909:2210,0.0,0.0,19.27,3.38,0.0
20180909:2310,0.0,0.0,17.51,3.31,0.0
20180910:0010,0.0,0.0,16.35,3.31,0.0
20180910:0110,0.0,0.0,15.58,3.17,0.0
20180910:0210,0.0,0.0,15.16,2.62,0.0
20180910:0310,0.0,0.0,14.72,2.14,0.0
20180910:0410,0.0,0.0,14.22,1.79,0.0
20180910:0510,0.0,0.0,14.02,1.86,0.0
20180910:0610,45.04,7.67,14.0,1.72,0.0
20180910:0710,118.82,17.45,15.76,2.9,0.0
20180910:0810,275.41,26.77,17.12,2.41,0.0
20180910:0910,328.46,35.08,18.48,1.79,0.0
20180910:1010,669.2,41.63,20.02,1.59,0.0
20180910:1110,838.43,45.49,21.56,1.59,0.0
20180910:1210,996.41,45.88,23.01,2.0,0.0
20180910:1310,915.79,42.7,24.02,2.62,0.0
20180910:1410,792.46,36.64,24.57,3.24,0.0
20180910:1510,581.12,28.63,24.77,3.59,0.0
20180910:1610,349.79,19.48,24.47,3.24,0.0
20180910:1710,120.29,9.76,23.72,2.55,0.0
20180910:1810,0.0,0.0,22.35,1.79,0.0
20180910:1910,0.0,0.0,20.82,1.66,0.0
20180910:2010,0.0,0.0,19.14,1.24,0.0
20180910:2110,0.0,0.0,19.01,0.97,0.0
20180910:2210,0.0,0.0,18.68,0.83,0.0
20180910:2310,0.0,0.0,17.87,0.9,0.0
20180911:0010,0.0,0.0,17.54,0.76,0.0
20180911:0110,0.0,0.0,16.99,0.83,0.0
20180911:0210,0.0,0.0,16.34,0.9,0.0
20180911:0310,0.0,0.0,14.84,1.17,0.0
20180911:0410,0.0,0.0,13.09,1.72,0.0
20180911:0510,0.0,0.0,12.77,2.07,0.0
20180911:0610,81.39,7.44,12.96,2.14,0.0
20180911:0710,306.48,17.22,15.67,1.66,0.0
20180911:0810,542.97,26.52,19.65,2.07,0.0
20180911:0910,766.69,34.79,22.51,2.62,0.0
20180911:1010,920.13,41.31,24.58,3.31,0.0
20180911:1110,976.65,45.13,25.9,3.45,0.0
20180911:1210,997.49,45.49,26.97,3.59,0.0
20180911:1310,928.51,42.31,27.75,3.72,0.0
20180911:1410,781.89,36.26,28.2,3.66,0.0
20180911:1510,599.44,28.27,28.26,3.38,0.0
20180911:1610,354.58,19.13,27.92,3.1,0.0
20180911:1710,123.88,9.41,27.08,2.21,0.0
20180911:1810,0.0,0.0,25.21,2.07,0.0
20180911:1910,0.0,0.0,23.42,1.72,0.0
20180911:2010,0.0,0.0,21.04,1.79,0.0
20180911:2110,0.0,0.0,19.24,1.79,0.0
20180911:2210,0.0,0.0,17.89,1.79,0.0
20180911:2310,0.0,0.0,16.77,1.86,0.0
20180912:0010,0.0,0.0,15.91,1.72,0.0
20180912:0110,0.0,0.0,15.35,1.59,0.0
20180912:0210,0.0,0.0,14.84,1.45,0.0
20180912:0310,0.0,0.0,14.3,1.45,0.0
20180912:0410,0.0,0.0,13.79,1.45,0.0
20180912:0510,0.0,0.0,13.11,1.59,0.0
20180912:0610,77.03,7.22,12.93,1.52,0.0
20180912:0710,303.52,16.99,15.53,1.31,0.0
20180912:0810,537.65,26.27,18.57,1.24,0.0
20180912:0910,751.78,34.51,21.31,1.45,0.0
20180912:1010,908.67,40.98,23.4,1.93,0.0
20180912:1110,955.79,44.77,24.8,2.21,0.0
20180912:1210,991.05,45.1,25.82,2.0,0.0
20180912:1310,914.2,41.92,26.63,1.79,0.0
20180912:1410,763.23,35.88,27.08,2.34,0.0
20180912:1510,521.31,27.91,26.91,2.97,0.0
20180912:1610,340.8,18.77,26.17,3.17,0.0
20180912:1710,46.32,9.06,25.15,3.31,0.0
20180912:1810,0.0,0.0,23.69,3.1,0.0
20180912:1910,0.0,0.0,21.89,3.66,0.0
20180912:2010,0.0,0.0,20.54,3.45,0.0
20180912:2110,0.0,0.0,19.5,3.03,0.0
20180912:2210,0.0,0.0,18.63,2.76,0.0
20180912:2310,0.0,0.0,18.0,2.62,0.0
20180913:0010,0.0,0.0,17.49,2.76,0.0
20180913:0110,0.0,0.0,16.95,2.76,0.0
20180913:0210,0.0,0.0,16.37,2.55,0.0
20180913:0310,0.0,0.0,15.9,2.62,0.0
20180913:0410,0.0,0.0,15.36,2.69,0.0
20180913:0510,0.0,0.0,14.82,2.76,0.0
20180913:0610,36.96,6.99,14.45,2.83,0.0
20180913:0710,108.23,16.75,15.25,4.0,0.0
20180913:0810,107.31,26.01,15.51,3.31,0.0
20180913:0910,129.32,34.23,15.37,3.17,0.0
20180913:1010,151.33,40.66,15.48,3.38,0.0
20180913:1110,203.36,44.4,15.76,3.52,0.0
20180913:1210,110.98,44.72,16.31,4.07,0.0
20180913:1310,94.47,41.53,16.89,3.79,0.0
20180913:1410,112.81,35.5,17.1,3.03,0.0
20180913:1510,115.56,27.54,17.48,2.9,0.0
20180913:1610,116.11,18.42,17.88,2.69,0.0
20180913:1710,60.9,8.72,18.18,2.55,0.0
20180913:1810,0.0,0.0,17.67,1.79,0.0
20180913:1910,0.0,0.0,16.91,1.59,0.0
20180913:2010,0.0,0.0,16.76,1.52,0.0
20180913:2110,0.0,0.0,16.38,1.59,0.0
20180913:2210,0.0,0.0,16.38,1.66,0.0
20180913:2310,0.0,0.0,16.13,1.79,0.0
20180914:0010,0.0,0.0,15.9,2.0,0.0
20180914:0110,0.0,0.0,15.61,2.07,0.0
20180914:0210,0.0,0.0,15.3,1.93,0.0
20180914:0310,0.0,0.0,15.03,1.86,0.0
20180914:0410,0.0,0.0,14.66,1.72,0.0
20180914:0510,0.0,0.0,14.38,1.79,0.0
20180914:0610,65.86,6.77,14.26,1.86,0.0
20180914:0710,285.29,16.52,14.33,1.93,0.0
20180914:0810,539.14,25.76,15.21,1.93,0.0
20180914:0910,758.61,33.94,16.37,1.66,0.0
20180914:1010,909.11,40.33,17.84,1.31,0.0
20180914:1110,579.06,44.03,19.25,1.52,0.0
20180914:1210,625.93,44.33,19.94,2.07,0.0
20180914:1310,835.54,41.14,20.23,2.34,0.0
20180914:1410,674.48,35.12,20.56,2.9,0.0
20180914:1510,592.24,27.18,20.17,3.1,0.0
20180914:1610,317.11,18.07,20.04,2.97,0.0
20180914:1710,95.54,8.37,19.39,3.17,0.0
20180914:1810,0.0,0.0,18.22,2.83,0.0
20180914:1910,0.0,0.0,17.18,3.45,0.0
20180914:2010,0.0,0.0,15.98,3.03,0.0
20180914:2110,0.0,0.0,14.99,2.41,0.0
20180914:2210,0.0,0.0,14.05,2.07,0.0
20180914:2310,0.0,0.0,13.16,2.07,0.0
20180915:0010,0.0,0.0,12.3,2.0,0.0
20180915:0110,0.0,0.0,11.49,1.93,0.0
20180915:0210,0.0,0.0,10.77,1.86,0.0
20180915:0310,0.0,0.0,10.21,1.72,0.0
20180915:0410,0.0,0.0,9.97,1.59,0.0
20180915:0510,0.0,0.0,9.72,1.52,0.0
20180915:0610,72.36,6.54,9.46,1.52,0.0
20180915:0710,289.03,16.28,11.96,0.97,0.0
20180915:0810,552.41,25.5,14.93,1.03,0.0
20180915:0910,702.85,33.66,16.99,0.83,0.0
20180915:1010,601.01,40.0,18.61,0.55,0.0
20180915:1110,629.01,43.67,19.69,0.41,0.0
20180915:1210,597.64,43.93,20.82,0.48,0.0
20180915:1310,771.1,40.74,21.68,0.55,0.0
20180915:1410,684.96,34.74,21.93,0.41,0.0
20180915:1510,554.73,26.81,22.05,0.48,0.0
20180915:1610,338.37,17.71,22.01,0.9,0.0
20180915:1710,87.43,8.01,21.57,1.24,0.0
20180915:1810,0.0,0.0,20.3,1.72,0.0
20180915:1910,0.0,0.0,18.08,2.07,0.0
20180915:2010,0.0,0.0,16.72,2.07,0.0
20180915:2110,0.0,0.0,15.51,2.21,0.0
20180915:2210,0.0,0.0,14.58,2.34,0.0
20180915:2310,0.0,0.0,13.96,2.48,0.0
20180916:0010,0.0,0.0,13.52,2.55,0.0
20180916:0110,0.0,0.0,13.01,2.41,0.0
20180916:0210,0.0,0.0,12.32,2.14,0.0
20180916:0310,0.0,0.0,11.55,2.0,0.0
20180916:0410,0.0,0.0,10.91,1.93,0.0
20180916:0510,0.0,0.0,10.44,2.0,0.0
20180916:0610,69.66,6.31,10.25,2.0,0.0
20180916:0710,303.21,16.05,12.34,0.97,0.0
20180916:0810,463.76,25.25,15.94,1.1,0.0
20180916:0910,668.0,33.37,18.46,1.17,0.0
20180916:1010,787.48,39.67,20.72,0.83,0.0
20180916:1110,884.6,43.3,22.16,0.9,0.0
20180916:1210,790.5,43.54,23.05,1.03,0.0
20180916:1310,956.58,40.35,23.82,0.97,0.0
20180916:1410,459.5,34.36,24.19,0.9,0.0
20180916:1510,321.2,26.44,24.12,1.03,0.0
20180916:1610,116.24,17.35,23.93,0.97,0.0
20180916:1710,47.35,7.66,23.34,0.62,0.0
20180916:1810,0.0,0.0,22.58,0.48,0.0
20180916:1910,0.0,0.0,20.49,0.97,0.0
20180916:2010,0.0,0.0,18.76,1.31,0.0
20180916:2110,0.0,0.0,17.59,1.38,0.0
20180916:2210,0.0,0.0,17.23,1.17,0.0
20180916:2310,0.0,0.0,17.68,0.69,0.0
20180917:0010,0.0,0.0,17.02,0.83,0.0
20180917:0110,0.0,0.0,16.34,0.69,0.0
20180917:0210,0.0,0.0,15.68,0.62,0.0
20180917:0310,0.0,0.0,14.73,0.83,0.0
20180917:0410,0.0,0.0,14.24,0.9,0.0
20180917:0510,0.0,0.0,12.37,1.24,0.0
20180917:0610,72.34,6.08,10.69,1.79,0.0
20180917:0710,298.18,15.81,12.83,1.24,0.0
20180917:0810,525.24,24.99,17.76,1.1,0.0
20180917:0910,696.9,33.08,21.03,1.45,0.0
20180917:1010,895.16,39.34,23.42,2.07,0.0
20180917:1110,950.23,42.93,25.03,2.55,0.0
20180917:1210,954.81,43.15,26.14,2.83,0.0
20180917:1310,911.91,39.95,27.0,2.9,0.0
20180917:1410,754.63,33.97,27.6,2.83,0.0
20180917:1510,569.36,26.07,27.87,2.9,0.0
20180917:1610,301.27,16.99,27.83,2.83,0.0
20180917:1710,97.78,7.31,26.8,1.93,0.0
20180917:1810,0.0,0.0,24.52,2.55,0.0
20180917:1910,0.0,0.0,22.92,2.9,0.0
20180917:2010,0.0,0.0,21.95,3.17,0.0
20180917:2110,0.0,0.0,21.35,3.38,0.0
20180917:2210,0.0,0.0,21.04,3.45,0.0
20180917:2310,0.0,0.0,20.86,3.52,0.0
20180918:0010,0.0,0.0,20.83,3.45,0.0
20180918:0110,0.0,0.0,20.72,3.31,0.0
20180918:0210,0.0,0.0,20.49,3.24,0.0
20180918:0310,0.0,0.0,20.02,3.31,0.0
20180918:0410,0.0,0.0,19.39,3.24,0.0
20180918:0510,0.0,0.0,18.46,3.1,0.0
20180918:0610,70.47,5.85,17.69,3.03,0.0
20180918:0710,222.34,15.57,18.67,2.97,0.0
20180918:0810,425.18,24.73,19.96,3.45,0.0
20180918:0910,236.57,32.78,21.83,3.59,0.0
20180918:1010,540.57,39.01,23.02,4.28,0.0
20180918:1110,422.6,42.56,23.43,5.1,0.0
20180918:1210,546.61,42.75,23.35,5.1,0.0
20180918:1310,458.94,39.56,23.39,5.03,0.0
20180918:1410,114.65,33.59,23.27,5.1,0.0
20180918:1510,178.57,25.7,23.13,4.69,0.0
20180918:1610,182.21,16.63,23.35,3.72,0.0
20180918:1710,52.81,6.96,23.29,2.9,0.0
20180918:1810,0.0,0.0,21.96,2.48,0.0
20180918:1910,0.0,0.0,21.25,2.0,0.0
20180918:2010,0.0,0.0,20.24,2.07,0.0
20180918:2110,0.0,0.0,19.32,2.28,0.0
20180918:2210,0.0,0.0,18.7,2.48,0.0
20180918:2310,0.0,0.0,18.34,2.55,0.0
20180919:0010,0.0,0.0,18.1,2.55,0.0
20180919:0110,0.0,0.0,17.79,2.48,0.0
20180919:0210,0.0,0.0,17.38,2.28,0.0
20180919:0310,0.0,0.0,16.78,2.21,0.0
20180919:0410,0.0,0.0,16.37,2.14,0.0
20180919:0510,0.0,0.0,15.8,2.21,0.0
20180919:0610,39.42,5.62,15.45,2.28,0.0
20180919:0710,277.79,15.33,16.66,2.28,0.0
20180919:0810,370.16,24.47,18.74,3.1,0.0
20180919:0910,568.58,32.49,20.73,3.66,0.0
20180919:1010,548.69,38.68,22.5,4.14,0.0
20180919:1110,845.95,42.18,23.89,4.55,0.0
20180919:1210,907.54,42.36,24.99,4.97,0.0
20180919:1310,866.14,39.16,25.72,5.24,0.0
20180919:1410,713.06,33.2,25.95,5.31,0.0
20180919:1510,542.29,25.33,26.0,5.03,0.0
20180919:1610,330.6,16.27,25.71,4.55,0.0
20180919:1710,37.78,6.6,24.93,3.24,0.0
20180919:1810,0.0,0.0,23.22,2.34,0.0
20180919:1910,0.0,0.0,21.44,2.28,0.0
20180919:2010,0.0,0.0,20.23,2.28,0.0
20180919:2110,0.0,0.0,19.13,2.34,0.0
20180919:2210,0.0,0.0,18.25,2.41,0.0
20180919:2310,0.0,0.0,17.53,2.48,0.0
20180920:0010,0.0,0.0,16.94,2.62,0.0
20180920:0110,0.0,0.0,16.43,2.69,0.0
20180920:0210,0.0,0.0,15.94,2.69,0.0
20180920:0310,0.0,0.0,15.5,2.62,0.0
20180920:0410,0.0,0.0,15.15,2.62,0.0
20180920:0510,0.0,0.0,14.64,2.62,0.0
20180920:0610,58.24,5.39,14.4,2.55,0.0
20180920:0710,268.94,15.09,15.74,2.41,0.0
20180920:0810,480.21,24.2,18.17,3.45,0.0
20180920:0910,546.63,32.19,20.07,3.93,0.0
20180920:1010,648.76,38.34,21.68,3.79,0.0
20180920:1110,657.85,41.81,23.16,4.07,0.0
20180920:1210,895.87,41.96,24.61,4.34,0.0
20180920:1310,873.45,38.76,25.75,4.62,0.0
20180920:1410,724.4,32.82,26.44,4.83,0.0
20180920:1510,518.78,24.96,26.76,5.03,0.0
20180920:1610,155.66,15.91,26.6,4.97,0.0
20180920:1710,34.35,6.25,25.79,3.93,0.0
20180920:1810,0.0,0.0,24.06,3.38,0.0
20180920:1910,0.0,0.0,21.89,3.1,0.0
20180920:2010,0.0,0.0,21.1,3.31,0.0
20180920:2110,0.0,0.0,20.68,3.52,0.0
20180920:2210,0.0,0.0,20.43,3.86,0.0
20180920:2310,0.0,0.0,20.07,4.41,0.0
20180921:0010,0.0,0.0,19.47,4.76,0.0
20180921:0110,0.0,0.0,18.71,5.1,0.0
20180921:0210,0.0,0.0,18.09,5.59,0.0
20180921:0310,0.0,0.0,17.92,6.21,0.0
20180921:0410,0.0,0.0,17.63,6.14,0.0
20180921:0510,0.0,0.0,17.31,6.41,0.0
20180921:0610,13.74,5.16,16.99,6.28,0.0
20180921:0710,64.2,14.85,17.23,5.79,0.0
20180921:0810,242.04,23.94,15.99,5.66,0.0
20180921:0910,530.15,31.9,16.0,5.38,0.0
20180921:1010,629.95,38.0,17.0,5.59,0.0
20180921:1110,658.77,41.44,18.01,5.72,0.0
20180921:1210,582.5,41.57,18.6,5.79,0.0
20180921:1310,456.84,38.36,18.87,5.93,0.0
20180921:1410,565.88,32.43,19.04,5.93,0.0
20180921:1510,476.49,24.58,18.85,5.72,0.0
20180921:1610,292.69,15.55,18.36,5.45,0.0
20180921:1710,30.06,5.89,17.52,4.62,0.0
20180921:1810,0.0,0.0,16.35,3.86,0.0
20180921:1910,0.0,0.0,15.25,3.79,0.0
20180921:2010,0.0,0.0,14.53,3.38,0.0
20180921:2110,0.0,0.0,13.81,3.17,0.0
20180921:2210,0.0,0.0,13.17,3.03,0.0
20180921:2310,0.0,0.0,12.83,3.1,0.0
20180922:0010,0.0,0.0,12.51,2.9,0.0
20180922:0110,0.0,0.0,12.29,2.76,0.0
20180922:0210,0.0,0.0,12.04,2.62,0.0
20180922:0310,0.0,0.0,11.76,2.34,0.0
20180922:0410,0.0,0.0,11.27,2.28,0.0
20180922:0510,0.0,0.0,11.25,2.21,0.0
20180922:0610,18.89,4.92,11.66,2.14,0.0
20180922:0710,120.8,14.6,12.44,2.0,0.0
20180922:0810,351.06,23.67,14.23,2.34,0.0
20180922:0910,629.17,31.6,16.33,2.97,0.0
20180922:1010,728.59,37.67,17.6,3.45,0.0
20180922:1110,442.83,41.06,17.95,3.93,0.0
20180922:1210,177.02,41.17,17.77,3.93,0.0
20180922:1310,72.46,37.97,17.07,3.17,0.0
20180922:1410,85.3,32.04,16.33,1.79,0.0
20180922:1510,95.39,24.21,16.13,1.59,0.0
20180922:1610,103.56,15.19,16.11,2.55,0.0
20180922:1710,26.62,5.54,16.25,3.24,0.0
20180922:1810,0.0,0.0,16.86,3.86,0.0
20180922:1910,0.0,0.0,15.9,4.76,0.0
20180922:2010,0.0,0.0,16.13,5.86,0.0
20180922:2110,0.0,0.0,16.43,6.21,0.0
20180922:2210,0.0,0.0,17.62,6.34,0.0
20180922:2310,0.0,0.0,18.52,6.55,0.0
20180923:0010,0.0,0.0,18.85,6.55,0.0
20180923:0110,0.0,0.0,18.93,6.55,0.0
20180923:0210,0.0,0.0,18.98,6.34,0.0
20180923:0310,0.0,0.0,18.95,6.21,0.0
20180923:0410,0.0,0.0,18.93,6.0,0.0
20180923:0510,0.0,0.0,18.94,5.66,0.0
20180923:0610,18.89,4.69,18.89,5.45,0.0
20180923:0710,104.36,14.36,19.08,5.45,0.0
20180923:0810,210.45,23.41,19.12,5.66,0.0
20180923:0910,175.59,31.3,19.28,6.34,0.0
20180923:1010,217.59,37.33,19.65,7.38,0.0
20180923:1110,104.56,40.69,20.11,8.07,0.0
20180923:1210,77.04,40.77,20.59,8.41,0.0
20180923:1310,65.12,37.57,20.03,8.14,0.0
20180923:1410,89.88,31.66,16.56,6.76,0.0
20180923:1510,75.21,23.84,13.8,6.07,0.0
20180923:1610,39.44,14.83,13.43,5.79,0.0
20180923:1710,26.62,5.19,13.21,5.66,0.0
20180923:1810,0.0,0.0,12.47,5.17,0.0
20180923:1910,0.0,0.0,12.11,5.03,0.0
20180923:2010,0.0,0.0,11.79,4.69,0.0
20180923:2110,0.0,0.0,11.27,3.93,0.0
20180923:2210,0.0,0.0,10.78,3.38,0.0
20180923:2310,0.0,0.0,10.15,2.97,0.0
20180924:0010,0.0,0.0,9.58,2.69,0.0
20180924:0110,0.0,0.0,9.17,2.69,0.0
20180924:0210,0.0,0.0,8.82,2.97,0.0
20180924:0310,0.0,0.0,8.55,3.03,0.0
20180924:0410,0.0,0.0,8.3,3.24,0.0
20180924:0510,0.0,0.0,8.11,3.24,0.0
20180924:0610,23.19,4.45,7.95,2.83,0.0
20180924:0710,266.58,14.11,9.39,2.62,0.0
20180924:0810,533.05,23.14,11.01,3.45,0.0
20180924:0910,737.58,31.0,12.7,4.14,0.0
20180924:1010,828.37,36.99,14.12,4.0,0.0
20180924:1110,609.32,40.31,15.26,3.66,0.0
20180924:1210,573.88,40.38,16.11,3.72,0.0
20180924:1310,827.44,37.17,16.44,3.79,0.0
20180924:1410,386.61,31.27,16.81,4.07,0.0
20180924:1510,309.46,23.47,16.61,4.07,0.0
20180924:1610,271.29,14.47,16.13,4.0,0.0
20180924:1710,25.76,4.83,15.27,3.17,0.0
20180924:1810,0.0,0.0,13.75,2.69,0.0
20180924:1910,0.0,0.0,12.5,2.69,0.0
20180924:2010,0.0,0.0,11.58,2.76,0.0
20180924:2110,0.0,0.0,10.83,2.97,0.0
20180924:2210,0.0,0.0,10.24,3.1,0.0
20180924:2310,0.0,0.0,9.77,3.24,0.0
20180925:0010,0.0,0.0,9.37,3.24,0.0
20180925:0110,0.0,0.0,8.92,3.17,0.0
20180925:0210,0.0,0.0,8.51,3.03,0.0
20180925:0310,0.0,0.0,8.09,2.9,0.0
20180925:0410,0.0,0.0,7.68,2.83,0.0
20180925:0510,0.0,0.0,7.29,2.69,0.0
20180925:0610,21.47,4.22,6.99,2.62,0.0
20180925:0710,283.42,13.86,8.02,2.41,0.0
20180925:0810,514.55,22.87,10.22,3.17,0.0
20180925:0910,737.23,30.7,12.19,3.52,0.0
20180925:1010,875.67,36.65,13.9,3.79,0.0
20180925:1110,888.33,39.93,15.16,4.14,0.0
20180925:1210,896.93,39.98,16.09,4.21,0.0
20180925:1310,858.66,36.77,16.75,4.28,0.0
20180925:1410,720.84,30.88,17.08,4.28,0.0
20180925:1510,532.92,23.09,17.13,4.21,0.0
20180925:1610,286.76,14.11,16.74,3.93,0.0
20180925:1710,24.04,4.48,15.81,2.97,0.0
20180925:1810,0.0,0.0,14.01,2.76,0.0
20180925:1910,0.0,0.0,12.94,2.83,0.0
20180925:2010,0.0,0.0,12.08,3.03,0.0
20180925:2110,0.0,0.0,11.42,3.03,0.0
20180925:2210,0.0,0.0,10.85,2.9,0.0
20180925:2310,0.0,0.0,10.26,2.69,0.0
20180926:0010,0.0,0.0,9.61,2.55,0.0
20180926:0110,0.0,0.0,8.86,2.41,0.0
20180926:0210,0.0,0.0,8.15,2.21,0.0
20180926:0310,0.0,0.0,7.37,2.14,0.0
20180926:0410,0.0,0.0,6.66,2.14,0.0
20180926:0510,0.0,0.0,6.12,2.14,0.0
20180926:0610,20.61,3.98,5.7,2.14,0.0
20180926:0710,280.98,13.62,7.25,1.72,0.0
20180926:0810,519.37,22.6,10.57,1.79,0.0
20180926:0910,726.91,30.39,12.94,1.66,0.0
20180926:1010,865.22,36.3,15.03,1.59,0.0
20180926:1110,884.21,39.56,16.76,1.66,0.0
20180926:1210,899.95,39.58,18.22,1.79,0.0
20180926:1310,861.75,36.37,19.36,1.93,0.0
20180926:1410,715.35,30.49,20.04,1.86,0.0
20180926:1510,535.9,22.72,20.21,1.66,0.0
20180926:1610,281.48,13.75,20.0,1.31,0.0
20180926:1710,21.47,4.12,19.18,1.17,0.0
20180926:1810,0.0,0.0,17.03,1.59,0.0
20180926:1910,0.0,0.0,14.29,2.07,0.0
20180926:2010,0.0,0.0,12.55,2.07,0.0
20180926:2110,0.0,0.0,11.18,2.07,0.0
20180926:2210,0.0,0.0,10.29,1.79,0.0
20180926:2310,0.0,0.0,10.05,1.59,0.0
20180927:0010,0.0,0.0,9.82,1.45,0.0
20180927:0110,0.0,0.0,9.91,1.31,0.0
20180927:0210,0.0,0.0,9.91,1.17,0.0
20180927:0310,0.0,0.0,10.36,0.97,0.0
20180927:0410,0.0,0.0,9.93,0.62,0.0
20180927:0510,0.0,0.0,9.47,0.83,0.0
20180927:0610,18.89,3.74,8.56,1.03,0.0
20180927:0710,270.08,13.37,8.51,0.76,0.0
20180927:0810,508.11,22.33,12.25,0.62,0.0
20180927:0910,719.4,30.09,15.75,0.62,0.0
20180927:1010,861.63,35.96,18.72,0.62,0.0
20180927:1110,882.14,39.18,21.0,0.76,0.0
20180927:1210,897.97,39.18,22.62,0.97,0.0
20180927:1310,857.88,35.98,23.67,1.17,0.0
20180927:1410,704.33,30.11,24.27,1.45,0.0
20180927:1510,517.51,22.35,24.52,1.86,0.0
20180927:1610,267.63,13.39,24.28,1.72,0.0
20180927:1710,19.75,3.77,23.33,1.1,0.0
20180927:1810,0.0,0.0,21.77,0.69,0.0
20180927:1910,0.0,0.0,17.76,1.79,0.0
20180927:2010,0.0,0.0,16.01,2.07,0.0
20180927:2110,0.0,0.0,14.69,1.93,0.0
20180927:2210,0.0,0.0,14.4,1.52,0.0
20180927:2310,0.0,0.0,14.82,1.17,0.0
20180928:0010,0.0,0.0,15.45,0.83,0.0
20180928:0110,0.0,0.0,15.22,0.83,0.0
20180928:0210,0.0,0.0,13.79,1.1,0.0
20180928:0310,0.0,0.0,12.78,1.66,0.0
20180928:0410,0.0,0.0,12.83,1.72,0.0
20180928:0510,0.0,0.0,13.75,1.93,0.0
20180928:0610,14.6,3.51,13.66,2.14,0.0
20180928:0710,230.68,13.12,13.01,2.14,0.0
20180928:0810,204.51,22.05,14.78,2.48,0.0
20180928:0910,587.19,29.78,15.91,2.76,0.0
20180928:1010,677.33,35.62,17.16,3.03,0.0
20180928:1110,670.85,38.8,18.36,3.72,0.0
20180928:1210,562.23,38.79,19.56,4.62,0.0
20180928:1310,748.69,35.58,19.82,5.17,0.0
20180928:1410,535.29,29.72,19.57,5.66,0.0
20180928:1510,365.23,21.98,18.57,5.66,0.0
20180928:1610,172.86,13.03,17.39,5.66,0.0
20180928:1710,17.17,3.42,16.37,5.79,0.0
20180928:1810,0.0,0.0,15.57,5.72,0.0
20180928:1910,0.0,0.0,14.11,5.24,0.0
20180928:2010,0.0,0.0,13.26,5.03,0.0
20180928:2110,0.0,0.0,12.56,4.76,0.0
20180928:2210,0.0,0.0,11.92,4.48,0.0
20180928:2310,0.0,0.0,11.34,4.28,0.0
20180929:0010,0.0,0.0,10.89,3.93,0.0
20180929:0110,0.0,0.0,10.25,3.72,0.0
20180929:0210,0.0,0.0,9.76,3.86,0.0
20180929:0310,0.0,0.0,9.27,3.93,0.0
20180929:0410,0.0,0.0,8.87,4.0,0.0
20180929:0510,0.0,0.0,8.57,4.21,0.0
20180929:0610,14.6,3.27,8.38,4.14,0.0
20180929:0710,228.08,12.86,9.26,3.59,0.0
20180929:0810,470.8,21.78,10.9,4.21,0.0
20180929:0910,696.54,29.48,12.73,4.48,0.0
20180929:1010,838.41,35.27,14.45,4.48,0.0
20180929:1110,851.21,38.42,15.96,4.34,0.0
20180929:1210,858.87,38.39,17.13,4.28,0.0
20180929:1310,785.91,35.18,17.87,4.21,0.0
20180929:1410,673.55,29.34,18.2,4.21,0.0
20180929:1510,496.15,21.61,18.11,4.28,0.0
20180929:1610,185.67,12.68,17.5,4.07,0.0
20180929:1710,15.46,3.07,16.28,3.03,0.0
20180929:1810,0.0,0.0,14.31,2.83,0.0
20180929:1910,0.0,0.0,13.09,2.97,0.0
20180929:2010,0.0,0.0,12.01,2.76,0.0
20180929:2110,0.0,0.0,11.04,2.62,0.0
20180929:2210,0.0,0.0,10.16,2.48,0.0
20180929:2310,0.0,0.0,9.3,2.41,0.0
20180930:0010,0.0,0.0,8.51,2.41,0.0
20180930:0110,0.0,0.0,7.84,2.34,0.0
20180930:0210,0.0,0.0,7.19,2.14,0.0
20180930:0310,0.0,0.0,6.49,2.0,0.0
20180930:0410,0.0,0.0,5.74,1.72,0.0
20180930:0510,0.0,0.0,5.25,1.66,0.0
20180930:0610,14.6,3.03,4.74,1.86,0.0
20180930:0710,267.58,12.61,6.22,1.86,0.0
20180930:0810,504.05,21.5,9.32,2.0,0.0
20180930:0910,713.04,29.17,12.14,2.34,0.0
20180930:1010,848.38,34.93,14.48,2.62,0.0
20180930:1110,856.09,38.05,16.03,2.69,0.0
20180930:1210,863.82,37.99,17.06,2.69,0.0
20180930:1310,826.56,34.79,17.73,2.69,0.0
20180930:1410,779.99,28.95,18.1,2.9,0.0
20180930:1510,237.1,21.24,18.04,3.17,0.0
20180930:1610,121.77,12.32,17.53,3.17,0.0
20180930:1710,4.29,2.72,16.38,2.69,0.0
20180930:1810,0.0,0.0,14.55,3.24,0.0
20180930:1910,0.0,0.0,13.62,3.93,0.0
20180930:2010,0.0,0.0,12.9,4.0,0.0
20180930:2110,0.0,0.0,12.3,3.1,0.0
20180930:2210,0.0,0.0,11.84,2.76,0.0
20180930:2310,0.0,0.0,11.45,2.62,0.0
20181001:0010,0.0,0.0,11.03,2.62,0.0
20181001:0110,0.0,0.0,10.67,2.76,0.0
20181001:0210,0.0,0.0,10.47,3.17,0.0
20181001:0310,0.0,0.0,10.29,3.52,0.0
20181001:0410,0.0,0.0,10.32,3.72,0.0
20181001:0510,0.0,0.0,9.88,3.86,0.0
20181001:0610,10.3,2.79,9.17,3.66,0.0
20181001:0710,271.86,12.36,9.89,3.31,0.0
20181001:0810,533.36,21.23,10.7,4.83,0.0
20181001:0910,625.97,28.86,12.04,5.93,0.0
20181001:1010,531.29,34.58,13.37,6.0,0.0
20181001:1110,733.62,37.67,14.16,5.86,0.0
20181001:1210,693.99,37.6,14.51,5.66,0.0
20181001:1310,822.98,34.39,14.61,5.66,0.0
20181001:1410,427.96,28.57,15.03,5.31,0.0
20181001:1510,523.42,20.87,14.72,5.1,0.0
20181001:1610,285.82,11.97,14.26,5.03,0.0
20181001:1710,8.59,2.37,13.21,4.14,0.0
20181001:1810,0.0,0.0,12.07,3.72,0.0
20181001:1910,0.0,0.0,10.91,3.1,0.0
20181001:2010,0.0,0.0,10.11,2.55,0.0
20181001:2110,0.0,0.0,9.24,1.93,0.0
20181001:2210,0.0,0.0,8.16,1.52,0.0
20181001:2310,0.0,0.0,8.6,1.38,0.0
20181002:0010,0.0,0.0,8.67,1.66,0.0
20181002:0110,0.0,0.0,8.43,2.0,0.0
20181002:0210,0.0,0.0,8.48,2.0,0.0
20181002:0310,0.0,0.0,8.65,2.14,0.0
20181002:0410,0.0,0.0,9.16,2.41,0.0
20181002:0510,0.0,0.0,9.71,2.76,0.0
20181002:0610,2.58,2.54,10.12,3.17,0.0
20181002:0710,65.49,12.1,10.26,2.97,0.0
20181002:0810,64.2,20.95,10.94,3.59,0.0
20181002:0910,78.88,28.55,11.37,3.93,0.0
20181002:1010,132.07,34.24,11.61,3.86,0.0
20181002:1110,167.84,37.29,12.67,4.69,0.0
20181002:1210,243.27,37.2,13.24,4.48,0.0
20181002:1310,158.67,34.0,14.24,4.69,0.0
20181002:1410,107.31,28.19,16.13,6.0,0.0
20181002:1510,87.13,20.51,17.12,4.28,0.0
20181002:1610,60.91,11.61,17.24,3.86,0.0
20181002:1710,1.72,2.03,17.16,3.72,0.0
20181002:1810,0.0,0.0,16.78,3.45,0.0
20181002:1910,0.0,0.0,15.78,3.24,0.0
20181002:2010,0.0,0.0,15.82,3.31,0.0
20181002:2110,0.0,0.0,15.82,3.24,0.0
20181002:2210,0.0,0.0,15.8,3.31,0.0
20181002:2310,0.0,0.0,15.69,3.24,0.0
20181003:0010,0.0,0.0,15.51,3.17,0.0
20181003:0110,0.0,0.0,15.47,3.17,0.0
20181003:0210,0.0,0.0,15.38,3.1,0.0
20181003:0310,0.0,0.0,15.24,2.9,0.0
20181003:0410,0.0,0.0,15.13,2.69,0.0
20181003:0510,0.0,0.0,14.94,2.55,0.0
20181003:0610,4.29,2.3,14.81,2.62,0.0
20181003:0710,158.03,11.85,14.98,2.76,0.0
20181003:0810,160.55,20.67,15.53,2.97,0.0
20181003:0910,136.67,28.24,16.43,2.97,0.0
20181003:1010,687.67,33.89,16.71,2.9,0.0
20181003:1110,412.78,36.91,17.21,2.97,0.0
20181003:1210,497.97,36.81,17.93,3.17,0.0
20181003:1310,641.61,33.6,18.41,3.24,0.0
20181003:1410,169.03,27.81,18.7,3.24,0.0
20181003:1510,261.21,20.14,18.61,3.03,0.0
20181003:1610,136.83,11.26,18.41,2.83,0.0
20181003:1710,4.29,1.68,17.63,2.0,0.0
20181003:1810,0.0,0.0,16.24,2.0,0.0
20181003:1910,0.0,0.0,15.18,1.86,0.0
20181003:2010,0.0,0.0,14.63,1.72,0.0
20181003:2110,0.0,0.0,14.18,1.66,0.0
20181003:2210,0.0,0.0,13.47,1.59,0.0
20181003:2310,0.0,0.0,12.42,1.38,0.0
20181004:0010,0.0,0.0,11.98,1.1,0.0
20181004:0110,0.0,0.0,11.76,0.97,0.0
20181004:0210,0.0,0.0,11.12,1.1,0.0
20181004:0310,0.0,0.0,10.36,1.31,0.0
20181004:0410,0.0,0.0,9.75,1.45,0.0
20181004:0510,0.0,0.0,9.59,1.45,0.0
20181004:0610,3.43,2.06,9.54,1.38,0.0
20181004:0710,156.9,11.59,9.75,1.03,0.0
20181004:0810,519.8,20.39,12.89,1.03,0.0
20181004:0910,714.5,27.93,15.13,1.38,0.0
20181004:1010,859.99,33.55,16.83,1.79,0.0
20181004:1110,937.25,36.54,18.03,1.79,0.0
20181004:1210,929.26,36.42,19.03,1.79,0.0
20181004:1310,865.15,33.21,19.85,1.79,0.0
20181004:1410,708.48,27.43,20.36,2.0,0.0
20181004:1510,506.67,19.78,20.5,2.21,0.0
20181004:1610,240.2,10.91,20.17,2.21,0.0
20181004:1710,1.72,1.34,18.91,1.93,0.0
20181004:1810,0.0,0.0,17.13,2.21,0.0
20181004:1910,0.0,0.0,15.82,2.21,0.0
20181004:2010,0.0,0.0,14.59,2.41,0.0
20181004:2110,0.0,0.0,13.66,2.48,0.0
20181004:2210,0.0,0.0,12.95,2.48,0.0
20181004:2310,0.0,0.0,12.29,2.48,0.0
20181005:0010,0.0,0.0,11.7,2.48,0.0
20181005:0110,0.0,0.0,11.19,2.48,0.0
20181005:0210,0.0,0.0,10.67,2.48,0.0
20181005:0310,0.0,0.0,10.16,2.41,0.0
20181005:0410,0.0,0.0,9.76,2.48,0.0
20181005:0510,0.0,0.0,9.38,2.34,0.0
20181005:0610,3.43,1.82,9.0,2.21,0.0
20181005:0710,256.22,11.34,9.13,1.66,0.0
20181005:0810,516.61,20.11,12.2,1.38,0.0
20181005:0910,721.3,27.62,14.94,1.66,0.0
20181005:1010,879.92,33.2,17.54,2.14,0.0
20181005:1110,952.25,36.16,19.9,2.76,0.0
20181005:1210,942.92,36.03,21.78,2.97,0.0
20181005:1310,878.26,32.82,23.11,2.97,0.0
20181005:1410,722.94,27.05,23.86,2.9,0.0
20181005:1510,512.9,19.42,24.09,2.62,0.0
20181005:1610,239.69,10.56,23.68,1.79,0.0
20181005:1710,0.0,0.0,22.38,1.66,0.0
20181005:1810,0.0,0.0,20.08,2.14,0.0
20181005:1910,0.0,0.0,18.14,2.48,0.0
20181005:2010,0.0,0.0,16.83,2.48,0.0
20181005:2110,0.0,0.0,15.77,2.48,0.0
20181005:2210,0.0,0.0,14.86,2.41,0.0
20181005:2310,0.0,0.0,14.05,2.34,0.0
20181006:0010,0.0,0.0,13.4,2.41,0.0
20181006:0110,0.0,0.0,12.96,2.48,0.0
20181006:0210,0.0,0.0,12.53,2.41,0.0
20181006:0310,0.0,0.0,12.02,2.34,0.0
20181006:0410,0.0,0.0,11.75,2.55,0.0
20181006:0510,0.0,0.0,12.01,2.9,0.0
20181006:0610,2.58,1.57,12.51,3.31,0.0
20181006:0710,240.86,11.08,13.13,3.1,0.0
20181006:0810,496.43,19.83,15.51,3.17,0.0
20181006:0910,706.45,27.31,18.02,3.72,0.0
20181006:1010,857.71,32.85,20.03,3.86,0.0
20181006:1110,935.27,35.78,21.6,3.86,0.0
20181006:1210,573.12,35.63,22.89,3.66,0.0
20181006:1310,848.45,32.43,23.84,3.72,0.0
20181006:1410,608.08,26.68,24.3,4.07,0.0
20181006:1510,387.38,19.06,23.89,3.72,0.0
20181006:1610,100.95,10.21,23.18,2.97,0.0
20181006:1710,0.0,0.0,21.59,2.55,0.0
20181006:1810,0.0,0.0,20.41,2.21,0.0
20181006:1910,0.0,0.0,18.05,1.59,0.0
20181006:2010,0.0,0.0,17.27,1.1,0.0
20181006:2110,0.0,0.0,16.67,1.59,0.0
20181006:2210,0.0,0.0,15.74,1.93,0.0
20181006:2310,0.0,0.0,14.79,1.93,0.0
20181007:0010,0.0,0.0,14.17,1.59,0.0
20181007:0110,0.0,0.0,13.51,1.86,0.0
20181007:0210,0.0,0.0,13.39,2.41,0.0
20181007:0310,0.0,0.0,13.34,2.62,0.0
20181007:0410,0.0,0.0,13.23,2.69,0.0
20181007:0510,0.0,0.0,13.1,2.83,0.0
20181007:0610,0.86,1.33,13.08,3.17,0.0
20181007:0710,98.12,10.82,12.83,2.21,0.0
20181007:0810,152.63,19.55,13.66,2.9,0.0
20181007:0910,34.85,26.99,14.6,4.28,0.0
20181007:1010,70.62,32.51,15.07,4.41,0.0
20181007:1110,125.65,35.41,15.48,4.28,0.0
20181007:1210,77.96,35.25,15.14,3.59,0.0
20181007:1310,75.21,32.05,15.1,3.52,0.0
20181007:1410,69.71,26.3,15.22,3.79,0.0
20181007:1510,125.44,18.7,15.19,3.93,0.0
20181007:1610,34.85,9.87,15.49,4.0,0.0
20181007:1710,0.0,0.0,15.21,3.38,0.0
20181007:1810,0.0,0.0,14.61,2.97,0.0
20181007:1910,0.0,0.0,13.72,2.83,0.0
20181007:2010,0.0,0.0,13.53,2.69,0.0
20181007:2110,0.0,0.0,13.26,2.48,0.0
20181007:2210,0.0,0.0,12.58,2.41,0.0
20181007:2310,0.0,0.0,11.83,2.62,0.0
20181008:0010,0.0,0.0,11.25,2.69,0.0
20181008:0110,0.0,0.0,10.62,2.55,0.0
20181008:0210,0.0,0.0,10.12,2.41,0.0
20181008:0310,0.0,0.0,9.8,2.34,0.0
20181008:0410,0.0,0.0,9.43,2.41,0.0
20181008:0510,0.0,0.0,8.92,2.21,0.0
20181008:0610,0.0,0.0,8.55,2.07,0.0
20181008:0710,235.84,10.56,8.35,1.66,0.0
20181008:0810,500.61,19.27,10.28,1.86,0.0
20181008:0910,706.97,26.68,12.51,2.21,0.0
20181008:1010,852.02,32.16,14.51,2.62,0.0
20181008:1110,929.73,35.03,16.0,2.76,0.0
20181008:1210,918.85,34.86,17.14,2.62,0.0
20181008:1310,834.96,31.66,17.92,2.41,0.0
20181008:1410,689.8,25.93,18.39,2.34,0.0
20181008:1510,466.86,18.34,18.43,2.48,0.0
20181008:1610,225.68,9.52,17.95,2.48,0.0
20181008:1710,0.0,0.0,16.62,2.0,0.0
20181008:1810,0.0,0.0,15.12,1.93,0.0
20181008:1910,0.0,0.0,13.72,1.59,0.0
20181008:2010,0.0,0.0,12.18,1.79,0.0
20181008:2110,0.0,0.0,11.15,2.0,0.0
20181008:2210,0.0,0.0,10.57,2.07,0.0
20181008:2310,0.0,0.0,10.25,2.14,0.0
20181009:0010,0.0,0.0,9.98,2.07,0.0
20181009:0110,0.0,0.0,10.05,2.07,0.0
20181009:0210,0.0,0.0,10.02,1.93,0.0
20181009:0310,0.0,0.0,10.16,1.79,0.0
20181009:0410,0.0,0.0,9.72,1.72,0.0
20181009:0510,0.0,0.0,9.1,1.52,0.0
20181009:0610,0.0,0.0,8.78,1.72,0.0
20181009:0710,220.84,10.3,9.14,1.52,0.0
20181009:0810,483.12,18.98,12.49,1.38,0.0
20181009:0910,696.24,26.37,15.22,1.45,0.0
20181009:1010,840.14,31.81,17.59,1.59,0.0
20181009:1110,923.35,34.66,19.48,2.0,0.0
20181009:1210,925.14,34.47,20.91,2.28,0.0
20181009:1310,821.69,31.28,21.85,2.21,0.0
20181009:1410,685.85,25.56,22.44,2.14,0.0
20181009:1510,473.15,17.99,22.62,2.21,0.0
20181009:1610,199.08,9.18,22.18,2.07,0.0
20181009:1710,0.0,0.0,20.46,2.34,0.0
20181009:1810,0.0,0.0,18.54,2.62,0.0
20181009:1910,0.0,0.0,17.36,2.62,0.0
20181009:2010,0.0,0.0,16.41,2.55,0.0
20181009:2110,0.0,0.0,15.62,2.62,0.0
20181009:2210,0.0,0.0,15.01,2.55,0.0
20181009:2310,0.0,0.0,14.4,2.41,0.0
20181010:0010,0.0,0.0,13.89,2.41,0.0
20181010:0110,0.0,0.0,13.55,2.41,0.0
20181010:0210,0.0,0.0,13.22,2.41,0.0
20181010:0310,0.0,0.0,12.87,2.41,0.0
20181010:0410,0.0,0.0,12.53,2.34,0.0
20181010:0510,0.0,0.0,12.2,2.34,0.0
20181010:0610,0.0,0.0,11.93,2.34,0.0
20181010:0710,213.27,10.04,12.12,2.21,0.0
20181010:0810,486.33,18.7,14.25,2.21,0.0
20181010:0910,687.63,26.05,16.99,2.41,0.0
20181010:1010,830.71,31.47,19.49,2.69,0.0
20181010:1110,906.9,34.29,21.56,2.9,0.0
20181010:1210,888.76,34.09,23.15,3.03,0.0
20181010:1310,835.98,30.89,24.14,3.24,0.0
20181010:1410,666.13,25.19,24.61,3.66,0.0
20181010:1510,414.88,17.63,24.56,3.86,0.0
20181010:1610,106.66,8.84,23.94,3.52,0.0
20181010:1710,0.0,0.0,22.21,3.52,0.0
20181010:1810,0.0,0.0,21.11,3.79,0.0
20181010:1910,0.0,0.0,21.55,5.93,0.0
20181010:2010,0.0,0.0,20.53,6.28,0.0
20181010:2110,0.0,0.0,19.27,5.86,0.0
20181010:2210,0.0,0.0,18.41,5.38,0.0
20181010:2310,0.0,0.0,18.03,5.24,0.0
20181011:0010,0.0,0.0,17.8,5.24,0.0
20181011:0110,0.0,0.0,17.64,4.97,0.0
20181011:0210,0.0,0.0,17.61,4.83,0.0
20181011:0310,0.0,0.0,17.59,4.76,0.0
20181011:0410,0.0,0.0,17.41,4.55,0.0
20181011:0510,0.0,0.0,17.34,4.34,0.0
20181011:0610,0.0,0.0,16.93,4.0,0.0
20181011:0710,234.96,9.78,15.77,4.07,0.0
20181011:0810,476.21,18.42,17.08,3.66,0.0
20181011:0910,672.55,25.74,19.01,4.76,0.0
20181011:1010,807.71,31.12,21.09,5.45,0.0
20181011:1110,881.67,33.92,22.91,5.52,0.0
20181011:1210,869.69,33.7,24.22,5.24,0.0
20181011:1310,805.56,30.51,25.18,5.24,0.0
20181011:1410,214.07,24.82,25.7,5.31,0.0
20181011:1510,130.37,17.28,25.51,5.1,0.0
20181011:1610,61.91,8.51,24.82,4.55,0.0
20181011:1710,0.0,0.0,22.88,4.21,0.0
20181011:1810,0.0,0.0,20.13,3.86,0.0
20181011:1910,0.0,0.0,19.21,3.38,0.0
20181011:2010,0.0,0.0,18.79,3.52,0.0
20181011:2110,0.0,0.0,18.14,3.72,0.0
20181011:2210,0.0,0.0,17.34,3.72,0.0
20181011:2310,0.0,0.0,16.95,3.72,0.0
20181012:0010,0.0,0.0,16.34,3.31,0.0
20181012:0110,0.0,0.0,15.74,3.03,0.0
20181012:0210,0.0,0.0,15.27,2.83,0.0
20181012:0310,0.0,0.0,14.82,2.62,0.0
20181012:0410,0.0,0.0,14.57,2.41,0.0
20181012:0510,0.0,0.0,14.52,2.41,0.0
20181012:0610,0.0,0.0,14.83,2.69,0.0
20181012:0710,67.13,9.52,16.36,2.9,0.0
20181012:0810,233.73,18.13,17.41,2.76,0.0
20181012:0910,521.21,25.43,18.84,3.52,0.0
20181012:1010,690.52,30.77,20.23,4.21,0.0
20181012:1110,481.95,33.54,22.1,5.17,0.0
20181012:1210,579.81,33.32,23.5,5.52,0.0
20181012:1310,490.54,30.14,24.58,5.79,0.0
20181012:1410,226.31,24.46,25.0,5.24,0.0
20181012:1510,236.2,16.94,25.3,4.97,0.0
20181012:1610,187.04,8.17,24.9,4.34,0.0
20181012:1710,0.0,0.0,24.03,4.0,0.0
20181012:1810,0.0,0.0,23.01,3.59,0.0
20181012:1910,0.0,0.0,20.65,2.69,0.0
20181012:2010,0.0,0.0,19.74,2.83,0.0
20181012:2110,0.0,0.0,19.18,2.97,0.0
20181012:2210,0.0,0.0,18.8,3.03,0.0
20181012:2310,0.0,0.0,18.39,2.97,0.0
20181013:0010,0.0,0.0,18.0,2.9,0.0
20181013:0110,0.0,0.0,17.75,2.97,0.0
20181013:0210,0.0,0.0,17.54,2.9,0.0
20181013:0310,0.0,0.0,17.26,2.83,0.0
20181013:0410,0.0,0.0,16.92,2.83,0.0
20181013:0510,0.0,0.0,16.69,2.9,0.0
20181013:0610,0.0,0.0,16.46,2.83,0.0
20181013:0710,188.45,9.25,16.66,2.83,0.0
20181013:0810,431.61,17.85,18.55,3.1,0.0
20181013:0910,640.25,25.11,20.61,3.79,0.0
20181013:1010,783.71,30.43,22.45,4.0,0.0
20181013:1110,870.82,33.18,24.04,4.21,0.0
20181013:1210,849.76,32.94,25.29,4.41,0.0
20181013:1310,774.07,29.76,26.0,4.62,0.0
20181013:1410,502.38,24.1,26.31,4.62,0.0
20181013:1510,319.33,16.59,26.12,4.41,0.0
20181013:1610,112.09,7.84,25.37,3.52,0.0
20181013:1710,0.0,0.0,23.56,3.45,0.0
20181013:1810,0.0,0.0,22.12,3.59,0.0
20181013:1910,0.0,0.0,20.81,2.9,0.0
20181013:2010,0.0,0.0,19.9,2.76,0.0
20181013:2110,0.0,0.0,19.16,2.69,0.0
20181013:2210,0.0,0.0,18.48,2.69,0.0
20181013:2310,0.0,0.0,17.84,2.62,0.0
20181014:0010,0.0,0.0,17.41,2.55,0.0
20181014:0110,0.0,0.0,17.16,2.62,0.0
20181014:0210,0.0,0.0,17.04,2.9,0.0
20181014:0310,0.0,0.0,16.95,3.1,0.0
20181014:0410,0.0,0.0,16.74,3.31,0.0
20181014:0510,0.0,0.0,16.64,3.59,0.0
20181014:0610,0.0,0.0,16.59,3.79,0.0
20181014:0710,169.35,8.99,16.94,4.14,0.0
20181014:0810,437.01,17.56,18.74,4.07,0.0
20181014:0910,655.18,24.8,20.87,5.72,0.0
20181014:1010,788.37,30.09,22.62,6.48,0.0
20181014:1110,853.37,32.81,24.01,6.55,0.0
20181014:1210,441.21,32.56,25.07,6.21,0.0
20181014:1310,363.67,29.39,25.75,5.72,0.0
20181014:1410,65.12,23.74,25.85,4.97,0.0
20181014:1510,238.21,16.25,25.71,4.21,0.0
20181014:1610,60.85,7.52,25.09,3.59,0.0
20181014:1710,0.0,0.0,23.76,3.66,0.0
20181014:1810,0.0,0.0,22.72,3.72,0.0
20181014:1910,0.0,0.0,21.96,4.76,0.0
20181014:2010,0.0,0.0,21.72,5.24,0.0
20181014:2110,0.0,0.0,21.31,5.1,0.0
20181014:2210,0.0,0.0,20.84,4.76,0.0
20181014:2310,0.0,0.0,20.38,4.62,0.0
20181015:0010,0.0,0.0,19.84,4.69,0.0
20181015:0110,0.0,0.0,19.43,4.69,0.0
20181015:0210,0.0,0.0,18.95,4.62,0.0
20181015:0310,0.0,0.0,18.6,4.55,0.0
20181015:0410,0.0,0.0,18.48,4.48,0.0
20181015:0510,0.0,0.0,18.34,4.48,0.0
20181015:0610,0.0,0.0,18.35,4.41,0.0
20181015:0710,221.86,8.73,17.08,2.34,0.0
20181015:0810,433.24,17.28,18.26,2.21,0.0
20181015:0910,639.92,24.48,19.98,3.1,0.0
20181015:1010,776.17,29.74,21.67,3.79,0.0
20181015:1110,856.15,32.44,23.01,4.14,0.0
20181015:1210,870.77,32.19,24.05,4.55,0.0
20181015:1310,785.31,29.02,24.81,4.55,0.0
20181015:1410,594.13,23.39,25.13,4.34,0.0
20181015:1510,199.99,15.91,25.03,4.0,0.0
20181015:1610,50.69,7.19,24.18,2.83,0.0
20181015:1710,0.0,0.0,22.23,2.21,0.0
20181015:1810,0.0,0.0,20.33,1.66,0.0
20181015:1910,0.0,0.0,18.89,2.48,0.0
20181015:2010,0.0,0.0,17.82,2.41,0.0
20181015:2110,0.0,0.0,17.01,2.14,0.0
20181015:2210,0.0,0.0,16.18,1.93,0.0
20181015:2310,0.0,0.0,15.49,1.79,0.0
20181016:0010,0.0,0.0,14.5,1.72,0.0
20181016:0110,0.0,0.0,14.56,1.38,0.0
20181016:0210,0.0,0.0,14.44,1.17,0.0
20181016:0310,0.0,0.0,13.41,1.38,0.0
20181016:0410,0.0,0.0,12.75,1.45,0.0
20181016:0510,0.0,0.0,13.11,1.24,0.0
20181016:0610,0.0,0.0,14.25,0.83,0.0
20181016:0710,176.99,8.47,12.67,1.59,0.0
20181016:0810,441.15,16.99,15.58,0.97,0.0
20181016:0910,646.13,24.17,19.04,0.97,0.0
20181016:1010,803.78,29.4,21.53,1.31,0.0
20181016:1110,871.6,32.08,22.78,1.79,0.0
20181016:1210,857.51,31.81,23.59,1.86,0.0
20181016:1310,784.92,28.65,24.04,1.93,0.0
20181016:1410,650.7,23.03,24.19,1.86,0.0
20181016:1510,415.39,15.58,24.03,1.79,0.0
20181016:1610,93.93,6.87,23.34,1.45,0.0
20181016:1710,0.0,0.0,21.92,1.79,0.0
20181016:1810,0.0,0.0,19.98,1.93,0.0
20181016:1910,0.0,0.0,18.24,2.28,0.0
20181016:2010,0.0,0.0,17.1,2.21,0.0
20181016:2110,0.0,0.0,16.14,2.0,0.0
20181016:2210,0.0,0.0,15.18,1.86,0.0
20181016:2310,0.0,0.0,14.35,1.93,0.0
20181017:0010,0.0,0.0,13.71,1.93,0.0
20181017:0110,0.0,0.0,13.25,1.93,0.0
20181017:0210,0.0,0.0,12.88,1.93,0.0
20181017:0310,0.0,0.0,12.54,1.86,0.0
20181017:0410,0.0,0.0,12.5,1.66,0.0
20181017:0510,0.0,0.0,12.41,1.52,0.0
20181017:0610,0.0,0.0,12.24,1.31,0.0
20181017:0710,151.42,8.2,12.76,1.86,0.0
20181017:0810,434.57,16.71,13.52,2.62,0.0
20181017:0910,228.7,23.86,14.56,2.41,0.0
20181017:1010,546.03,29.06,16.09,2.34,0.0
20181017:1110,384.89,31.71,17.62,2.21,0.0
20181017:1210,489.67,31.44,19.39,2.21,0.0
20181017:1310,475.07,28.29,20.47,2.28,0.0
20181017:1410,623.32,22.68,20.84,2.69,0.0
20181017:1510,306.95,15.24,20.98,3.03,0.0
20181017:1610,86.49,6.55,20.21,2.97,0.0
20181017:1710,0.0,0.0,18.59,3.24,0.0
20181017:1810,0.0,0.0,17.18,3.59,0.0
20181017:1910,0.0,0.0,16.46,3.31,0.0
20181017:2010,0.0,0.0,15.74,3.38,0.0
20181017:2110,0.0,0.0,15.15,3.31,0.0
20181017:2210,0.0,0.0,14.61,3.24,0.0
20181017:2310,0.0,0.0,14.07,3.24,0.0
20181018:0010,0.0,0.0,13.6,3.31,0.0
20181018:0110,0.0,0.0,13.16,3.45,0.0
20181018:0210,0.0,0.0,12.8,3.66,0.0
20181018:0310,0.0,0.0,12.47,3.86,0.0
20181018:0410,0.0,0.0,12.19,4.07,0.0
20181018:0510,0.0,0.0,12.02,4.14,0.0
20181018:0610,0.0,0.0,11.92,4.07,0.0
20181018:0710,154.0,7.94,12.21,3.79,0.0
20181018:0810,414.39,16.42,13.22,5.38,0.0
20181018:0910,623.91,23.54,14.4,5.03,0.0
20181018:1010,787.62,28.72,16.61,4.55,0.0
20181018:1110,873.81,31.35,18.42,4.14,0.0
20181018:1210,885.4,31.08,19.64,4.55,0.0
20181018:1310,785.21,27.93,20.51,5.03,0.0
20181018:1410,598.21,22.34,20.61,5.45,0.0
20181018:1510,396.08,14.91,19.97,5.66,0.0
20181018:1610,120.6,6.24,18.77,4.9,0.0
20181018:1710,0.0,0.0,17.25,4.55,0.0
20181018:1810,0.0,0.0,15.95,4.14,0.0
20181018:1910,0.0,0.0,15.07,4.07,0.0
20181018:2010,0.0,0.0,14.43,3.72,0.0
20181018:2110,0.0,0.0,13.8,3.38,0.0
20181018:2210,0.0,0.0,13.16,3.1,0.0
20181018:2310,0.0,0.0,12.54,3.17,0.0
20181019:0010,0.0,0.0,12.01,3.17,0.0
20181019:0110,0.0,0.0,11.52,3.03,0.0
20181019:0210,0.0,0.0,11.14,2.97,0.0
20181019:0310,0.0,0.0,10.83,2.9,0.0
20181019:0410,0.0,0.0,10.57,2.83,0.0
20181019:0510,0.0,0.0,10.31,2.55,0.0
20181019:0610,0.0,0.0,10.02,2.41,0.0
20181019:0710,143.9,7.67,9.95,2.21,0.0
20181019:0810,287.46,16.13,11.28,2.62,0.0
20181019:0910,496.28,23.23,13.61,3.31,0.0
20181019:1010,783.24,28.38,15.23,3.03,0.0
20181019:1110,877.4,31.0,16.77,2.9,0.0
20181019:1210,903.16,30.71,18.17,3.1,0.0
20181019:1310,781.75,27.57,19.13,3.31,0.0
20181019:1410,605.64,21.99,19.56,3.59,0.0
20181019:1510,397.52,14.59,19.31,3.93,0.0
20181019:1610,119.03,5.93,18.38,3.59,0.0
20181019:1710,0.0,0.0,16.71,3.52,0.0
20181019:1810,0.0,0.0,15.39,3.59,0.0
20181019:1910,0.0,0.0,14.02,3.45,0.0
20181019:2010,0.0,0.0,13.29,3.1,0.0
20181019:2110,0.0,0.0,12.57,3.1,0.0
20181019:2210,0.0,0.0,12.13,3.38,0.0
20181019:2310,0.0,0.0,11.82,3.38,0.0
20181020:0010,0.0,0.0,11.33,3.31,0.0
20181020:0110,0.0,0.0,10.9,3.24,0.0
20181020:0210,0.0,0.0,10.56,3.1,0.0
20181020:0310,0.0,0.0,10.21,3.17,0.0
20181020:0410,0.0,0.0,9.99,3.31,0.0
20181020:0510,0.0,0.0,9.84,3.1,0.0
20181020:0610,0.0,0.0,9.89,3.03,0.0
20181020:0710,151.97,7.41,9.1,3.03,0.0
20181020:0810,430.39,15.85,9.93,3.17,0.0
20181020:0910,626.07,22.92,11.46,3.03,0.0
20181020:1010,718.96,28.04,13.42,3.1,0.0
20181020:1110,829.87,30.64,15.35,3.17,0.0
20181020:1210,822.05,30.35,16.61,2.97,0.0
20181020:1310,712.39,27.21,17.5,2.76,0.0
20181020:1410,448.31,21.65,17.86,2.76,0.0
20181020:1510,392.51,14.27,17.72,2.97,0.0
20181020:1610,109.08,5.62,16.94,2.62,0.0
20181020:1710,0.0,0.0,15.15,2.48,0.0
20181020:1810,0.0,0.0,13.66,2.62,0.0
20181020:1910,0.0,0.0,11.91,2.76,0.0
20181020:2010,0.0,0.0,10.96,2.76,0.0
20181020:2110,0.0,0.0,10.17,2.55,0.0
20181020:2210,0.0,0.0,9.45,2.28,0.0
20181020:2310,0.0,0.0,8.77,2.21,0.0
20181021:0010,0.0,0.0,8.15,2.21,0.0
20181021:0110,0.0,0.0,7.66,2.21,0.0
20181021:0210,0.0,0.0,7.23,2.14,0.0
20181021:0310,0.0,0.0,6.87,2.14,0.0
20181021:0410,0.0,0.0,6.53,2.0,0.0
20181021:0510,0.0,0.0,6.12,1.86,0.0
20181021:0610,0.0,0.0,5.63,1.72,0.0
20181021:0710,149.04,7.15,5.4,1.72,0.0
20181021:0810,424.18,15.56,8.08,1.17,0.0
20181021:0910,620.33,22.61,10.83,1.24,0.0
20181021:1010,755.22,27.71,13.23,1.38,0.0
20181021:1110,848.64,30.28,15.36,1.79,0.0
20181021:1210,840.92,29.99,16.9,2.07,0.0
20181021:1310,761.82,26.86,17.89,2.14,0.0
20181021:1410,597.64,21.32,18.31,2.41,0.0
20181021:1510,395.66,13.95,18.22,2.76,0.0
20181021:1610,99.28,5.32,17.28,2.48,0.0
20181021:1710,0.0,0.0,15.36,2.69,0.0
20181021:1810,0.0,0.0,14.04,2.69,0.0
20181021:1910,0.0,0.0,13.09,2.69,0.0
20181021:2010,0.0,0.0,12.29,2.62,0.0
20181021:2110,0.0,0.0,11.61,2.55,0.0
20181021:2210,0.0,0.0,11.17,2.55,0.0
20181021:2310,0.0,0.0,10.73,2.69,0.0
20181022:0010,0.0,0.0,10.46,2.76,0.0
20181022:0110,0.0,0.0,10.19,2.76,0.0
20181022:0210,0.0,0.0,9.87,2.69,0.0
20181022:0310,0.0,0.0,9.56,2.69,0.0
20181022:0410,0.0,0.0,9.38,2.76,0.0
20181022:0510,0.0,0.0,9.3,2.9,0.0
20181022:0610,0.0,0.0,9.43,3.03,0.0
20181022:0710,32.76,6.88,10.27,3.17,0.0
20181022:0810,38.52,15.28,11.98,3.31,0.0
20181022:0910,65.12,22.3,13.37,5.38,0.0
20181022:1010,61.45,27.37,13.88,5.45,0.0
20181022:1110,98.14,29.93,13.88,5.1,0.0
20181022:1210,101.81,29.63,14.13,5.17,0.0
20181022:1310,110.98,26.51,14.11,5.24,0.0
20181022:1410,77.04,20.98,14.38,5.45,0.0
20181022:1510,130.52,13.63,14.37,5.31,0.0
20181022:1610,43.25,5.02,14.15,4.62,0.0
20181022:1710,0.0,0.0,13.08,4.34,0.0
20181022:1810,0.0,0.0,12.31,4.48,0.0
20181022:1910,0.0,0.0,11.83,4.14,0.0
20181022:2010,0.0,0.0,11.04,3.72,0.0
20181022:2110,0.0,0.0,10.61,3.59,0.0
20181022:2210,0.0,0.0,10.1,3.17,0.0
20181022:2310,0.0,0.0,9.5,2.69,0.0
20181023:0010,0.0,0.0,8.71,3.03,0.0
20181023:0110,0.0,0.0,8.32,3.03,0.0
20181023:0210,0.0,0.0,7.72,2.48,0.0
20181023:0310,0.0,0.0,7.16,2.34,0.0
20181023:0410,0.0,0.0,6.38,2.14,0.0
20181023:0510,0.0,0.0,5.75,2.41,0.0
20181023:0610,0.0,0.0,5.32,1.93,0.0
20181023:0710,81.37,6.62,4.96,1.66,0.0
20181023:0810,250.58,14.99,7.08,1.59,0.0
20181023:0910,579.58,21.99,9.93,2.14,0.0
20181023:1010,671.19,27.04,12.22,2.9,0.0
20181023:1110,688.76,29.58,13.98,3.38,0.0
20181023:1210,727.19,29.28,15.3,3.66,0.0
20181023:1310,707.06,26.16,16.56,4.0,0.0
20181023:1410,561.94,20.66,17.12,4.21,0.0
20181023:1510,363.69,13.32,17.05,4.21,0.0
20181023:1610,113.56,4.72,16.14,3.59,0.0
20181023:1710,0.0,0.0,14.43,3.66,0.0
20181023:1810,0.0,0.0,13.17,3.59,0.0
20181023:1910,0.0,0.0,12.15,3.24,0.0
20181023:2010,0.0,0.0,11.51,2.97,0.0
20181023:2110,0.0,0.0,11.03,2.62,0.0
20181023:2210,0.0,0.0,10.6,2.55,0.0
20181023:2310,0.0,0.0,10.24,2.55,0.0
20181024:0010,0.0,0.0,9.94,2.48,0.0
20181024:0110,0.0,0.0,9.74,2.55,0.0
20181024:0210,0.0,0.0,9.71,2.69,0.0
20181024:0310,0.0,0.0,9.85,2.69,0.0
20181024:0410,0.0,0.0,10.06,2.62,0.0
20181024:0510,0.0,0.0,10.36,2.62,0.0
20181024:0610,0.0,0.0,10.42,2.62,0.0
20181024:0710,92.71,6.35,10.33,2.34,0.0
20181024:0810,220.3,14.71,11.7,2.14,0.0
20181024:0910,332.64,21.68,13.84,3.45,0.0
20181024:1010,119.23,26.71,15.08,3.45,0.0
20181024:1110,70.62,29.23,15.52,3.24,0.0
20181024:1210,96.3,28.92,16.0,2.9,0.0
20181024:1310,66.95,25.82,16.3,2.69,0.0
20181024:1410,59.62,20.33,16.23,2.48,0.0
20181024:1510,71.45,13.01,16.06,1.93,0.0
20181024:1610,17.17,4.43,15.81,1.03,0.0
20181024:1710,0.0,0.0,15.4,0.34,0.0
20181024:1810,0.0,0.0,15.05,0.07,0.0
20181024:1910,0.0,0.0,14.27,0.69,0.0
20181024:2010,0.0,0.0,13.85,0.69,0.0
20181024:2110,0.0,0.0,13.77,0.62,0.0
20181024:2210,0.0,0.0,13.77,0.9,0.0
20181024:2310,0.0,0.0,13.76,1.17,0.0
20181025:0010,0.0,0.0,13.8,1.38,0.0
20181025:0110,0.0,0.0,13.57,1.45,0.0
20181025:0210,0.0,0.0,13.44,1.45,0.0
20181025:0310,0.0,0.0,13.08,1.52,0.0
20181025:0410,0.0,0.0,12.88,1.59,0.0
20181025:0510,0.0,0.0,12.5,1.66,0.0
20181025:0610,0.0,0.0,12.28,1.72,0.0
20181025:0710,86.1,6.09,10.68,1.86,0.0
20181025:0810,132.04,14.43,10.67,2.21,0.0
20181025:0910,134.28,21.38,11.16,2.14,0.0
20181025:1010,209.89,26.38,11.72,2.0,0.0
20181025:1110,707.02,28.89,12.5,2.0,0.0
20181025:1210,661.38,28.58,13.22,2.0,0.0
20181025:1310,737.05,25.48,13.82,1.93,0.0
20181025:1410,573.03,20.01,14.11,1.72,0.0
20181025:1510,364.51,12.71,14.31,1.72,0.0
20181025:1610,22.33,4.14,13.83,1.52,0.0
20181025:1710,0.0,0.0,12.78,1.45,0.0
20181025:1810,0.0,0.0,11.36,1.59,0.0
20181025:1910,0.0,0.0,10.44,1.31,0.0
20181025:2010,0.0,0.0,9.16,1.66,0.0
20181025:2110,0.0,0.0,8.53,1.72,0.0
20181025:2210,0.0,0.0,7.97,1.86,0.0
20181025:2310,0.0,0.0,7.31,1.86,0.0
20181026:0010,0.0,0.0,6.59,1.86,0.0
20181026:0110,0.0,0.0,6.11,1.93,0.0
20181026:0210,0.0,0.0,5.79,2.0,0.0
20181026:0310,0.0,0.0,5.71,2.07,0.0
20181026:0410,0.0,0.0,5.59,2.0,0.0
20181026:0510,0.0,0.0,5.88,1.93,0.0
20181026:0610,0.0,0.0,6.54,1.86,0.0
20181026:0710,36.54,5.83,7.08,1.86,0.0
20181026:0810,75.14,14.14,8.96,2.14,0.0
20181026:0910,77.96,21.07,10.75,2.62,0.0
20181026:1010,250.45,26.05,12.28,3.86,0.0
20181026:1110,690.44,28.55,13.23,4.14,0.0
20181026:1210,562.11,28.23,13.76,4.14,0.0
20181026:1310,148.13,25.15,14.14,4.21,0.0
20181026:1410,134.07,19.69,14.28,4.21,0.0
20181026:1510,92.57,12.41,14.22,3.66,0.0
20181026:1610,12.02,3.86,13.87,3.86,0.0
20181026:1710,0.0,0.0,12.34,5.03,0.0
20181026:1810,0.0,0.0,10.89,4.34,0.0
20181026:1910,0.0,0.0,9.89,3.52,0.0
20181026:2010,0.0,0.0,9.28,3.31,0.0
20181026:2110,0.0,0.0,8.36,2.83,0.0
20181026:2210,0.0,0.0,7.5,2.55,0.0
20181026:2310,0.0,0.0,6.54,2.41,0.0
20181027:0010,0.0,0.0,5.89,2.41,0.0
20181027:0110,0.0,0.0,5.64,2.34,0.0
20181027:0210,0.0,0.0,5.45,2.28,0.0
20181027:0310,0.0,0.0,4.87,2.21,0.0
20181027:0410,0.0,0.0,4.46,2.21,0.0
20181027:0510,0.0,0.0,3.91,2.21,0.0
20181027:0610,0.0,0.0,3.55,2.21,0.0
20181027:0710,138.1,5.57,3.19,2.28,0.0
20181027:0810,408.6,13.86,4.97,1.93,0.0
20181027:0910,569.89,20.77,6.8,2.34,0.0
20181027:1010,299.9,25.73,7.87,3.45,0.0
20181027:1110,183.33,28.21,8.52,3.38,0.0
20181027:1210,78.88,27.89,9.16,2.97,0.0
20181027:1310,527.5,24.82,9.43,2.9,0.0
20181027:1410,190.57,19.38,9.76,3.03,0.0
20181027:1510,108.77,12.12,8.83,3.03,0.0
20181027:1610,16.32,3.58,8.07,2.62,0.0
20181027:1710,0.0,0.0,7.1,2.76,0.0
20181027:1810,0.0,0.0,6.5,2.9,0.0
20181027:1910,0.0,0.0,5.62,3.24,0.0
20181027:2010,0.0,0.0,5.11,3.17,0.0
20181027:2110,0.0,0.0,4.7,3.1,0.0
20181027:2210,0.0,0.0,4.55,3.1,0.0
20181027:2310,0.0,0.0,4.56,3.03,0.0
20181028:0010,0.0,0.0,4.35,2.97,0.0
20181028:0110,0.0,0.0,3.95,3.1,0.0
20181028:0210,0.0,0.0,3.81,3.38,0.0
20181028:0310,0.0,0.0,3.77,3.59,0.0
20181028:0410,0.0,0.0,3.68,3.79,0.0
20181028:0510,0.0,0.0,3.62,3.93,0.0
20181028:0610,0.0,0.0,3.76,4.14,0.0
20181028:0710,41.2,5.3,4.59,4.9,0.0
20181028:0810,33.02,13.58,5.18,5.24,0.0
20181028:0910,135.31,20.46,5.8,6.55,0.0
20181028:1010,175.18,25.4,6.57,7.72,0.0
20181028:1110,218.86,27.87,7.58,8.0,0.0
20181028:1210,687.0,27.56,8.05,7.52,0.0
20181028:1310,226.77,24.49,8.6,7.59,0.0
20181028:1410,130.79,19.07,8.57,7.72,0.0
20181028:1510,70.13,11.83,8.05,7.45,0.0
20181028:1610,12.02,3.31,7.44,6.83,0.0
20181028:1710,0.0,0.0,6.95,6.97,0.0
20181028:1810,0.0,0.0,6.45,6.83,0.0
20181028:1910,0.0,0.0,6.05,7.03,0.0
20181028:2010,0.0,0.0,5.86,6.55,0.0
20181028:2110,0.0,0.0,5.71,5.93,0.0
20181028:2210,0.0,0.0,5.46,5.66,0.0
20181028:2310,0.0,0.0,5.21,5.66,0.0
20181029:0010,0.0,0.0,4.88,5.52,0.0
20181029:0110,0.0,0.0,4.77,5.24,0.0
20181029:0210,0.0,0.0,4.73,5.1,0.0
20181029:0310,0.0,0.0,4.69,5.1,0.0
20181029:0410,0.0,0.0,4.63,4.9,0.0
20181029:0510,0.0,0.0,4.49,4.62,0.0
20181029:0610,0.0,0.0,4.38,4.48,0.0
20181029:0710,92.05,5.04,4.33,4.14,0.0
20181029:0810,140.16,13.3,4.59,3.93,0.0
20181029:0910,126.47,20.16,4.94,5.24,0.0
20181029:1010,123.37,25.08,5.72,5.03,0.0
20181029:1110,121.98,27.54,6.39,5.03,0.0
20181029:1210,170.23,27.22,7.11,5.24,0.0
20181029:1310,238.75,24.17,7.32,5.45,0.0
20181029:1410,76.13,18.76,7.23,5.45,0.0
20181029:1510,30.27,11.54,6.97,4.97,0.0
20181029:1610,11.16,3.04,6.59,4.48,0.0
20181029:1710,0.0,0.0,6.23,4.41,0.0
20181029:1810,0.0,0.0,5.92,4.9,0.0
20181029:1910,0.0,0.0,5.28,5.45,0.0
20181029:2010,0.0,0.0,5.07,5.45,0.0
20181029:2110,0.0,0.0,4.94,5.03,0.0
20181029:2210,0.0,0.0,4.76,5.1,0.0
20181029:2310,0.0,0.0,4.48,4.83,0.0
20181030:0010,0.0,0.0,4.02,4.48,0.0
20181030:0110,0.0,0.0,3.48,4.69,0.0
20181030:0210,0.0,0.0,3.09,4.21,0.0
20181030:0310,0.0,0.0,2.49,3.66,0.0
20181030:0410,0.0,0.0,2.34,3.31,0.0
20181030:0510,0.0,0.0,2.54,3.31,0.0
20181030:0610,0.0,0.0,3.54,3.31,0.0
20181030:0710,18.34,4.78,4.96,2.69,0.0
20181030:0810,78.41,13.02,6.51,4.14,0.0
20181030:0910,46.78,19.86,7.61,5.86,0.0
20181030:1010,107.31,24.76,8.03,6.07,0.0
20181030:1110,327.51,27.21,8.08,6.07,0.0
20181030:1210,137.11,26.89,8.28,6.07,0.0
20181030:1310,267.95,23.85,8.87,5.93,0.0
20181030:1410,85.3,18.46,9.77,5.93,0.0
20181030:1510,94.98,11.26,10.08,5.24,0.0
20181030:1610,11.16,2.77,9.93,4.48,0.0
20181030:1710,0.0,0.0,9.22,3.72,0.0
20181030:1810,0.0,0.0,8.23,2.9,0.0
20181030:1910,0.0,0.0,7.9,2.97,0.0
20181030:2010,0.0,0.0,7.46,3.03,0.0
20181030:2110,0.0,0.0,7.29,3.1,0.0
20181030:2210,0.0,0.0,6.9,3.17,0.0
20181030:2310,0.0,0.0,6.91,3.1,0.0
20181031:0010,0.0,0.0,6.96,2.83,0.0
20181031:0110,0.0,0.0,6.91,2.34,0.0
20181031:0210,0.0,0.0,6.5,2.21,0.0
20181031:0310,0.0,0.0,5.84,2.41,0.0
20181031:0410,0.0,0.0,5.61,2.34,0.0
20181031:0510,0.0,0.0,5.2,2.55,0.0
20181031:0610,0.0,0.0,5.2,2.76,0.0
20181031:0710,32.58,4.52,4.89,2.41,0.0
20181031:0810,243.36,12.75,5.84,2.41,0.0
20181031:0910,320.39,19.57,7.62,2.55,0.0
20181031:1010,277.55,24.45,9.59,2.9,0.0
20181031:1110,328.29,26.89,10.9,3.03,0.0
20181031:1210,458.23,26.57,11.89,3.45,0.0
20181031:1310,116.1,23.54,12.39,3.38,0.0
20181031:1410,77.96,18.17,12.33,3.31,0.0
20181031:1510,29.35,10.99,12.11,3.38,0.0
20181031:1610,7.73,2.51,11.94,3.72,0.0
20181031:1710,0.0,0.0,11.86,4.69,0.0
20181031:1810,0.0,0.0,11.81,5.59,0.0
20181031:1910,0.0,0.0,11.55,5.52,0.0
20181031:2010,0.0,0.0,11.51,5.93,0.0
20181031:2110,0.0,0.0,11.52,5.86,0.0
20181031:2210,0.0,0.0,11.8,5.45,0.0
20181031:2310,0.0,0.0,12.12,5.1,0.0
20181101:0010,0.0,0.0,11.87,4.83,0.0
20181101:0110,0.0,0.0,11.49,4.55,0.0
20181101:0210,0.0,0.0,11.3,4.34,0.0
20181101:0310,0.0,0.0,11.13,4.21,0.0
20181101:0410,0.0,0.0,10.8,3.93,0.0
20181101:0510,0.0,0.0,10.52,3.66,0.0
20181101:0610,0.0,0.0,10.17,3.59,0.0
20181101:0710,132.34,4.27,10.83,3.93,0.0
20181101:0810,171.03,12.47,11.36,4.07,0.0
20181101:0910,257.59,19.27,12.22,3.93,0.0
20181101:1010,444.47,24.14,12.64,5.1,0.0
20181101:1110,129.32,26.56,12.37,4.83,0.0
20181101:1210,116.48,26.25,12.09,4.48,0.0
20181101:1310,50.44,23.23,11.63,4.21,0.0
20181101:1410,125.2,17.88,11.33,4.69,0.0
20181101:1510,40.36,10.71,11.36,4.21,0.0
20181101:1610,2.58,2.26,10.79,3.59,0.0
20181101:1710,0.0,0.0,10.3,3.52,0.0
20181101:1810,0.0,0.0,9.77,3.31,0.0
20181101:1910,0.0,0.0,9.48,2.9,0.0
20181101:2010,0.0,0.0,9.14,2.69,0.0
20181101:2110,0.0,0.0,8.98,2.62,0.0
20181101:2210,0.0,0.0,8.84,2.34,0.0
20181101:2310,0.0,0.0,8.8,2.14,0.0
20181102:0010,0.0,0.0,8.5,1.86,0.0
20181102:0110,0.0,0.0,7.98,1.66,0.0
20181102:0210,0.0,0.0,7.44,1.59,0.0
20181102:0310,0.0,0.0,7.24,1.38,0.0
20181102:0410,0.0,0.0,7.07,1.52,0.0
20181102:0510,0.0,0.0,6.55,1.72,0.0
20181102:0610,0.0,0.0,5.92,2.0,0.0
20181102:0710,87.78,4.01,4.59,1.86,0.0
20181102:0810,312.19,12.2,5.71,1.66,0.0
20181102:0910,642.16,18.98,7.92,2.0,0.0
20181102:1010,516.0,23.83,9.78,2.21,0.0
20181102:1110,352.61,26.24,11.27,2.83,0.0
20181102:1210,781.25,25.93,11.89,3.31,0.0
20181102:1310,725.1,22.93,12.08,3.45,0.0
20181102:1410,570.98,17.59,11.98,3.31,0.0
20181102:1510,280.2,10.45,11.65,3.1,0.0
20181102:1610,3.43,2.01,10.6,2.28,0.0
20181102:1710,0.0,0.0,8.96,2.28,0.0
20181102:1810,0.0,0.0,7.68,2.21,0.0
20181102:1910,0.0,0.0,6.59,2.07,0.0
20181102:2010,0.0,0.0,5.34,2.0,0.0
20181102:2110,0.0,0.0,4.21,1.93,0.0
20181102:2210,0.0,0.0,3.25,1.86,0.0
20181102:2310,0.0,0.0,2.8,1.79,0.0
20181103:0010,0.0,0.0,2.56,1.66,0.0
20181103:0110,0.0,0.0,2.48,1.45,0.0
20181103:0210,0.0,0.0,1.96,1.45,0.0
20181103:0310,0.0,0.0,1.67,1.45,0.0
20181103:0410,0.0,0.0,1.74,1.31,0.0
20181103:0510,0.0,0.0,1.42,1.38,0.0
20181103:0610,0.0,0.0,1.15,1.38,0.0
20181103:0710,42.89,3.75,0.05,1.86,0.0
20181103:0810,439.9,11.92,2.1,1.17,0.0
20181103:0910,677.0,18.69,5.72,1.17,0.0
20181103:1010,834.47,23.52,7.99,1.59,0.0
20181103:1110,847.52,25.93,9.73,1.86,0.0
20181103:1210,790.35,25.62,10.9,1.79,0.0
20181103:1310,671.72,22.63,11.61,1.66,0.0
20181103:1410,490.92,17.31,11.95,1.79,0.0
20181103:1510,375.58,10.19,11.85,1.79,0.0
20181103:1610,1.72,1.76,10.72,1.79,0.0
20181103:1710,0.0,0.0,9.0,2.14,0.0
20181103:1810,0.0,0.0,7.43,2.28,0.0
20181103:1910,0.0,0.0,6.08,2.21,0.0
20181103:2010,0.0,0.0,5.26,2.34,0.0
20181103:2110,0.0,0.0,4.83,2.34,0.0
20181103:2210,0.0,0.0,4.44,2.0,0.0
20181103:2310,0.0,0.0,3.93,1.93,0.0
20181104:0010,0.0,0.0,3.55,1.93,0.0
20181104:0110,0.0,0.0,3.66,1.66,0.0
20181104:0210,0.0,0.0,3.68,1.66,0.0
20181104:0310,0.0,0.0,3.61,1.59,0.0
20181104:0410,0.0,0.0,3.71,1.24,0.0
20181104:0510,0.0,0.0,3.83,1.1,0.0
20181104:0610,0.0,0.0,3.57,1.31,0.0
20181104:0710,8.25,3.5,3.4,1.93,0.0
20181104:0810,192.88,11.65,4.62,1.79,0.0
20181104:0910,519.29,18.4,6.84,2.14,0.0
20181104:1010,599.31,23.22,8.74,2.41,0.0
20181104:1110,813.97,25.62,10.45,2.55,0.0
20181104:1210,667.78,25.31,12.02,2.69,0.0
20181104:1310,716.47,22.33,13.05,2.62,0.0
20181104:1410,184.79,17.04,13.72,2.55,0.0
20181104:1510,258.29,9.93,13.77,2.41,0.0
20181104:1610,1.72,1.52,12.56,2.41,0.0
20181104:1710,0.0,0.0,11.03,2.76,0.0
20181104:1810,0.0,0.0,10.36,2.83,0.0
20181104:1910,0.0,0.0,9.28,2.9,0.0
20181104:2010,0.0,0.0,9.0,2.97,0.0
20181104:2110,0.0,0.0,8.92,3.1,0.0
20181104:2210,0.0,0.0,8.8,3.1,0.0
20181104:2310,0.0,0.0,8.59,2.9,0.0
20181105:0010,0.0,0.0,8.4,2.55,0.0
20181105:0110,0.0,0.0,8.14,2.62,0.0
20181105:0210,0.0,0.0,8.08,2.76,0.0
20181105:0310,0.0,0.0,8.5,2.69,0.0
20181105:0410,0.0,0.0,8.9,2.69,0.0
20181105:0510,0.0,0.0,8.9,2.62,0.0
20181105:0610,0.0,0.0,8.61,2.55,0.0
20181105:0710,29.31,3.24,8.7,2.69,0.0
20181105:0810,406.04,11.38,9.79,2.55,0.0
20181105:0910,611.93,18.11,12.04,2.62,0.0
20181105:1010,728.19,22.92,14.34,3.17,0.0
20181105:1110,844.5,25.31,16.41,3.52,0.0
20181105:1210,796.29,25.01,17.64,3.52,0.0
20181105:1310,720.17,22.04,18.09,3.38,0.0
20181105:1410,587.87,16.76,18.37,3.17,0.0
20181105:1510,274.75,9.68,18.02,3.03,0.0
20181105:1610,0.0,0.0,17.19,3.31,0.0
20181105:1710,0.0,0.0,15.98,3.52,0.0
20181105:1810,0.0,0.0,15.56,3.66,0.0
20181105:1910,0.0,0.0,15.39,3.52,0.0
20181105:2010,0.0,0.0,15.46,3.72,0.0
20181105:2110,0.0,0.0,15.23,3.86,0.0
20181105:2210,0.0,0.0,15.03,4.28,0.0
20181105:2310,0.0,0.0,14.95,4.55,0.0
20181106:0010,0.0,0.0,14.93,4.34,0.0
20181106:0110,0.0,0.0,14.72,4.28,0.0
20181106:0210,0.0,0.0,14.32,3.86,0.0
20181106:0310,0.0,0.0,14.02,3.66,0.0
20181106:0410,0.0,0.0,13.74,3.79,0.0
20181106:0510,0.0,0.0,13.43,4.34,0.0
20181106:0610,0.0,0.0,13.36,4.76,0.0
20181106:0710,0.0,0.0,12.99,3.72,0.0
20181106:0810,264.7,11.11,13.53,4.34,0.0
20181106:0910,573.88,17.83,15.23,4.0,0.0
20181106:1010,607.47,22.62,17.32,5.03,0.0
20181106:1110,315.58,25.01,18.61,7.31,0.0
20181106:1210,669.79,24.71,18.64,7.45,0.0
20181106:1310,736.57,21.76,17.92,7.1,0.0
20181106:1410,66.95,16.5,16.76,6.21,0.0
20181106:1510,158.49,9.43,15.51,5.38,0.0
20181106:1610,0.0,0.0,14.26,4.69,0.0
20181106:1710,0.0,0.0,13.5,4.34,0.0
20181106:1810,0.0,0.0,12.95,4.21,0.0
20181106:1910,0.0,0.0,12.38,4.07,0.0
20181106:2010,0.0,0.0,11.62,4.14,0.0
20181106:2110,0.0,0.0,11.05,4.28,0.0
20181106:2210,0.0,0.0,10.68,4.55,0.0
20181106:2310,0.0,0.0,10.41,4.76,0.0
20181107:0010,0.0,0.0,10.45,5.03,0.0
20181107:0110,0.0,0.0,11.13,5.45,0.0
20181107:0210,0.0,0.0,11.55,5.52,0.0
20181107:0310,0.0,0.0,11.68,5.72,0.0
20181107:0410,0.0,0.0,11.53,5.86,0.0
20181107:0510,0.0,0.0,11.63,6.0,0.0
20181107:0610,0.0,0.0,11.8,6.28,0.0
20181107:0710,0.0,0.0,10.98,5.45,0.0
20181107:0810,33.94,10.85,11.22,5.79,0.0
20181107:0910,49.53,17.55,11.12,6.28,0.0
20181107:1010,144.05,22.32,11.24,6.28,0.0
20181107:1110,64.2,24.71,11.63,6.21,0.0
20181107:1210,186.72,24.41,12.62,6.21,0.0
20181107:1310,108.02,21.48,13.26,6.55,0.0
20181107:1410,62.37,16.24,13.3,6.21,0.0
20181107:1510,184.32,9.19,13.07,5.93,0.0
20181107:1610,0.0,0.0,12.67,5.38,0.0
20181107:1710,0.0,0.0,12.0,5.1,0.0
20181107:1810,0.0,0.0,11.54,4.97,0.0
20181107:1910,0.0,0.0,11.49,5.17,0.0
20181107:2010,0.0,0.0,11.09,4.9,0.0
20181107:2110,0.0,0.0,10.71,4.62,0.0
20181107:2210,0.0,0.0,10.42,4.62,0.0
20181107:2310,0.0,0.0,10.27,4.28,0.0
20181108:0010,0.0,0.0,9.89,3.79,0.0
20181108:0110,0.0,0.0,8.8,3.24,0.0
20181108:0210,0.0,0.0,7.75,2.83,0.0
20181108:0310,0.0,0.0,6.74,2.48,0.0
20181108:0410,0.0,0.0,5.86,2.41,0.0
20181108:0510,0.0,0.0,5.16,2.48,0.0
20181108:0610,0.0,0.0,4.62,2.34,0.0
20181108:0710,4.29,2.49,4.46,2.34,0.0
20181108:0810,144.74,10.59,5.26,1.86,0.0
20181108:0910,320.08,17.27,7.55,2.69,0.0
20181108:1010,408.58,22.03,9.49,2.28,0.0
20181108:1110,718.85,24.41,10.97,2.41,0.0
20181108:1210,827.43,24.12,11.95,2.34,0.0
20181108:1310,680.33,21.2,12.67,2.69,0.0
20181108:1410,528.09,15.98,12.82,3.45,0.0
20181108:1510,265.52,8.96,12.25,3.59,0.0
20181108:1610,0.0,0.0,11.16,3.66,0.0
20181108:1710,0.0,0.0,10.25,3.45,0.0
20181108:1810,0.0,0.0,9.66,3.24,0.0
20181108:1910,0.0,0.0,10.27,2.97,0.0
20181108:2010,0.0,0.0,10.19,3.1,0.0
20181108:2110,0.0,0.0,9.99,2.9,0.0
20181108:2210,0.0,0.0,9.52,2.76,0.0
20181108:2310,0.0,0.0,8.97,2.62,0.0
20181109:0010,0.0,0.0,8.62,2.55,0.0
20181109:0110,0.0,0.0,8.03,2.55,0.0
20181109:0210,0.0,0.0,7.65,2.55,0.0
20181109:0310,0.0,0.0,7.38,2.41,0.0
20181109:0410,0.0,0.0,6.98,2.34,0.0
20181109:0510,0.0,0.0,6.64,2.34,0.0
20181109:0610,0.0,0.0,6.34,2.34,0.0
20181109:0710,6.01,2.24,5.94,2.48,0.0
20181109:0810,110.83,10.32,6.74,2.34,0.0
20181109:0910,198.17,16.99,8.98,2.55,0.0
20181109:1010,353.28,21.75,11.18,2.97,0.0
20181109:1110,749.22,24.12,12.7,3.31,0.0
20181109:1210,807.07,23.84,13.91,3.72,0.0
20181109:1310,728.58,20.93,14.67,3.93,0.0
20181109:1410,463.21,15.73,14.85,4.0,0.0
20181109:1510,141.02,8.73,14.64,3.79,0.0
20181109:1610,0.0,0.0,13.5,3.72,0.0
20181109:1710,0.0,0.0,12.54,4.0,0.0
20181109:1810,0.0,0.0,12.17,4.41,0.0
20181109:1910,0.0,0.0,11.63,4.55,0.0
20181109:2010,0.0,0.0,11.69,5.45,0.0
20181109:2110,0.0,0.0,11.78,5.93,0.0
20181109:2210,0.0,0.0,11.84,6.0,0.0
20181109:2310,0.0,0.0,11.59,5.86,0.0
20181110:0010,0.0,0.0,11.72,6.14,0.0
20181110:0110,0.0,0.0,11.58,6.48,0.0
20181110:0210,0.0,0.0,10.79,6.55,0.0
20181110:0310,0.0,0.0,10.62,6.48,0.0
20181110:0410,0.0,0.0,10.62,6.48,0.0
20181110:0510,0.0,0.0,10.7,6.34,0.0
20181110:0610,0.0,0.0,10.82,6.21,0.0
20181110:0710,4.29,2.0,11.79,5.86,0.0
20181110:0810,19.26,10.07,11.22,5.52,0.0
20181110:0910,44.94,16.72,11.22,5.31,0.0
20181110:1010,30.27,21.46,11.26,5.31,0.0
20181110:1110,37.6,23.84,11.49,5.24,0.0
20181110:1210,55.95,23.56,12.3,5.17,0.0
20181110:1310,97.22,20.67,13.08,5.45,0.0
20181110:1410,35.77,15.49,13.06,6.41,0.0
20181110:1510,44.25,8.5,12.66,5.66,0.0
20181110:1610,0.0,0.0,12.38,5.38,0.0
20181110:1710,0.0,0.0,11.78,5.1,0.0
20181110:1810,0.0,0.0,11.43,5.31,0.0
20181110:1910,0.0,0.0,11.7,5.72,0.0
20181110:2010,0.0,0.0,11.97,6.48,0.0
20181110:2110,0.0,0.0,11.98,6.34,0.0
20181110:2210,0.0,0.0,11.84,6.21,0.0
20181110:2310,0.0,0.0,11.9,6.76,0.0
20181111:0010,0.0,0.0,11.87,6.55,0.0
20181111:0110,0.0,0.0,11.97,6.9,0.0
20181111:0210,0.0,0.0,12.08,7.17,0.0
20181111:0310,0.0,0.0,11.75,7.24,0.0
20181111:0410,0.0,0.0,11.58,7.1,0.0
20181111:0510,0.0,0.0,11.56,6.97,0.0
20181111:0610,0.0,0.0,11.62,6.9,0.0
20181111:0710,6.01,1.76,12.0,6.97,0.0
20181111:0810,66.21,9.81,12.21,6.62,0.0
20181111:0910,59.62,16.45,12.57,6.21,0.0
20181111:1010,36.69,21.19,12.91,5.86,0.0
20181111:1110,43.11,23.55,12.66,6.0,0.0
20181111:1210,117.18,23.28,12.6,5.03,0.0
20181111:1310,30.27,20.41,13.01,5.1,0.0
20181111:1410,30.27,15.25,13.48,5.17,0.0
20181111:1510,57.16,8.29,13.51,4.76,0.0
20181111:1610,0.0,0.0,13.36,4.34,0.0
20181111:1710,0.0,0.0,13.12,3.86,0.0
20181111:1810,0.0,0.0,13.33,3.93,0.0
20181111:1910,0.0,0.0,11.85,3.1,0.0
20181111:2010,0.0,0.0,11.66,2.76,0.0
20181111:2110,0.0,0.0,11.2,2.48,0.0
20181111:2210,0.0,0.0,10.92,2.07,0.0
20181111:2310,0.0,0.0,10.83,1.66,0.0
20181112:0010,0.0,0.0,10.85,1.79,0.0
20181112:0110,0.0,0.0,11.11,1.93,0.0
20181112:0210,0.0,0.0,11.2,1.45,0.0
20181112:0310,0.0,0.0,11.22,1.24,0.0
20181112:0410,0.0,0.0,11.13,1.24,0.0
20181112:0510,0.0,0.0,11.52,0.14,0.0
20181112:0610,0.0,0.0,10.99,1.24,0.0
20181112:0710,0.86,1.51,10.95,1.72,0.0
20181112:0810,141.75,9.56,11.01,2.21,0.0
20181112:0910,26.6,16.19,10.98,2.41,0.0
20181112:1010,77.04,20.91,10.92,1.72,0.0
20181112:1110,118.12,23.28,11.22,0.9,0.0
20181112:1210,303.85,23.02,11.47,1.52,0.0
20181112:1310,132.04,20.15,11.79,2.14,0.0
20181112:1410,93.55,15.02,12.21,2.48,0.0
20181112:1510,201.45,8.07,11.97,2.28,0.0
20181112:1610,0.0,0.0,11.38,2.28,0.0
20181112:1710,0.0,0.0,10.62,2.34,0.0
20181112:1810,0.0,0.0,10.3,2.41,0.0
20181112:1910,0.0,0.0,9.99,2.41,0.0
20181112:2010,0.0,0.0,9.62,2.62,0.0
20181112:2110,0.0,0.0,9.56,2.69,0.0
20181112:2210,0.0,0.0,9.55,2.76,0.0
20181112:2310,0.0,0.0,9.6,2.83,0.0
20181113:0010,0.0,0.0,9.62,3.1,0.0
20181113:0110,0.0,0.0,9.7,3.38,0.0
20181113:0210,0.0,0.0,9.76,3.52,0.0
20181113:0310,0.0,0.0,9.68,3.72,0.0
20181113:0410,0.0,0.0,9.36,3.79,0.0
20181113:0510,0.0,0.0,8.97,3.72,0.0
20181113:0610,0.0,0.0,8.65,3.72,0.0
20181113:0710,0.0,0.0,8.13,3.52,0.0
20181113:0810,318.31,9.31,8.5,3.59,0.0
20181113:0910,324.35,15.92,9.75,3.24,0.0
20181113:1010,371.61,20.64,11.26,3.79,0.0
20181113:1110,453.91,23.01,12.5,4.0,0.0
20181113:1210,570.52,22.75,13.38,3.79,0.0
20181113:1310,651.75,19.91,13.9,3.45,0.0
20181113:1410,447.22,14.79,14.07,3.1,0.0
20181113:1510,122.01,7.87,13.64,2.28,0.0
20181113:1610,0.0,0.0,12.31,2.14,0.0
20181113:1710,0.0,0.0,10.71,2.34,0.0
20181113:1810,0.0,0.0,9.51,2.34,0.0
20181113:1910,0.0,0.0,8.74,2.48,0.0
20181113:2010,0.0,0.0,8.05,2.55,0.0
20181113:2110,0.0,0.0,7.52,2.41,0.0
20181113:2210,0.0,0.0,6.78,2.07,0.0
20181113:2310,0.0,0.0,5.94,1.86,0.0
20181114:0010,0.0,0.0,5.31,1.79,0.0
20181114:0110,0.0,0.0,5.17,1.59,0.0
20181114:0210,0.0,0.0,5.17,1.72,0.0
20181114:0310,0.0,0.0,5.05,1.66,0.0
20181114:0410,0.0,0.0,4.83,1.72,0.0
20181114:0510,0.0,0.0,5.0,2.14,0.0
20181114:0610,0.0,0.0,5.56,2.28,0.0
20181114:0710,0.0,0.0,6.63,2.07,0.0
20181114:0810,338.64,9.06,7.74,1.93,0.0
20181114:0910,536.98,15.66,9.16,1.86,0.0
20181114:1010,690.35,20.37,10.9,2.34,0.0
20181114:1110,793.51,22.74,12.32,2.48,0.0
20181114:1210,791.6,22.49,13.54,2.48,0.0
20181114:1310,707.19,19.67,14.38,2.55,0.0
20181114:1410,536.23,14.57,14.89,2.55,0.0
20181114:1510,296.63,7.67,14.64,1.79,0.0
20181114:1610,0.0,0.0,13.74,1.93,0.0
20181114:1710,0.0,0.0,12.36,2.28,0.0
20181114:1810,0.0,0.0,11.68,2.41,0.0
20181114:1910,0.0,0.0,10.48,2.76,0.0
20181114:2010,0.0,0.0,10.19,2.69,0.0
20181114:2110,0.0,0.0,9.9,2.69,0.0
20181114:2210,0.0,0.0,9.58,2.55,0.0
20181114:2310,0.0,0.0,9.1,2.34,0.0
20181115:0010,0.0,0.0,8.51,2.21,0.0
20181115:0110,0.0,0.0,7.95,2.21,0.0
20181115:0210,0.0,0.0,7.51,2.14,0.0
20181115:0310,0.0,0.0,7.14,2.14,0.0
20181115:0410,0.0,0.0,6.8,2.14,0.0
20181115:0510,0.0,0.0,6.55,2.14,0.0
20181115:0610,0.0,0.0,6.41,2.21,0.0
20181115:0710,0.0,0.0,6.39,2.14,0.0
20181115:0810,55.82,8.81,7.43,2.07,0.0
20181115:0910,54.11,15.41,8.43,2.48,0.0
20181115:1010,69.71,20.11,9.23,2.28,0.0
20181115:1110,75.21,22.48,10.02,2.21,0.0
20181115:1210,77.96,22.24,10.74,2.21,0.0
20181115:1310,73.37,19.43,11.5,2.34,0.0
20181115:1410,59.62,14.35,12.06,2.55,0.0
20181115:1510,54.77,7.47,12.63,2.55,0.0
20181115:1610,0.0,0.0,12.71,1.79,0.0
20181115:1710,0.0,0.0,12.29,1.79,0.0
20181115:1810,0.0,0.0,11.63,2.0,0.0
20181115:1910,0.0,0.0,10.04,1.59,0.0
20181115:2010,0.0,0.0,10.11,1.52,0.0
20181115:2110,0.0,0.0,10.01,1.45,0.0
20181115:2210,0.0,0.0,9.28,1.79,0.0
20181115:2310,0.0,0.0,8.56,1.72,0.0
20181116:0010,0.0,0.0,8.18,1.59,0.0
20181116:0110,0.0,0.0,7.9,1.45,0.0
20181116:0210,0.0,0.0,7.66,1.52,0.0
20181116:0310,0.0,0.0,7.65,1.52,0.0
20181116:0410,0.0,0.0,7.77,1.38,0.0
20181116:0510,0.0,0.0,7.77,1.45,0.0
20181116:0610,0.0,0.0,7.79,1.66,0.0
20181116:0710,0.0,0.0,7.76,2.28,0.0
20181116:0810,64.41,8.57,7.81,2.21,0.0
20181116:0910,56.86,15.16,7.97,2.28,0.0
20181116:1010,77.04,19.85,8.21,2.34,0.0
20181116:1110,92.63,22.22,8.6,2.34,0.0
20181116:1210,84.38,21.99,9.19,2.34,0.0
20181116:1310,84.38,19.2,9.76,2.34,0.0
20181116:1410,56.86,14.14,10.1,2.28,0.0
20181116:1510,58.81,7.28,10.29,2.21,0.0
20181116:1610,0.0,0.0,9.96,1.79,0.0
20181116:1710,0.0,0.0,9.35,2.0,0.0
20181116:1810,0.0,0.0,8.93,2.21,0.0
20181116:1910,0.0,0.0,7.32,2.14,0.0
20181116:2010,0.0,0.0,7.08,2.28,0.0
20181116:2110,0.0,0.0,6.82,2.21,0.0
20181116:2210,0.0,0.0,6.55,2.28,0.0
20181116:2310,0.0,0.0,6.28,2.21,0.0
20181117:0010,0.0,0.0,5.79,2.28,0.0
20181117:0110,0.0,0.0,5.27,2.14,0.0
20181117:0210,0.0,0.0,4.85,2.28,0.0
20181117:0310,0.0,0.0,4.05,2.34,0.0
20181117:0410,0.0,0.0,3.17,2.55,0.0
20181117:0510,0.0,0.0,2.57,2.69,0.0
20181117:0610,0.0,0.0,2.23,2.76,0.0
20181117:0710,0.0,0.0,1.4,2.76,0.0
20181117:0810,316.2,8.33,1.87,2.76,0.0
20181117:0910,547.14,14.91,3.59,3.17,0.0
20181117:1010,712.26,19.6,5.31,4.0,0.0
20181117:1110,835.8,21.97,6.68,4.21,0.0
20181117:1210,841.79,21.75,7.78,4.28,0.0
20181117:1310,725.08,18.98,8.5,4.55,0.0
20181117:1410,534.12,13.94,8.76,4.69,0.0
20181117:1510,289.54,7.1,8.42,4.28,0.0
20181117:1610,0.0,0.0,7.44,4.28,0.0
20181117:1710,0.0,0.0,6.59,4.41,0.0
20181117:1810,0.0,0.0,6.15,4.48,0.0
20181117:1910,0.0,0.0,5.79,4.34,0.0
20181117:2010,0.0,0.0,5.47,4.14,0.0
20181117:2110,0.0,0.0,5.11,3.72,0.0
20181117:2210,0.0,0.0,4.71,3.45,0.0
20181117:2310,0.0,0.0,4.29,3.38,0.0
20181118:0010,0.0,0.0,3.96,3.45,0.0
20181118:0110,0.0,0.0,3.8,3.59,0.0
20181118:0210,0.0,0.0,3.57,3.52,0.0
20181118:0310,0.0,0.0,3.26,3.52,0.0
20181118:0410,0.0,0.0,2.92,3.52,0.0
20181118:0510,0.0,0.0,2.58,3.59,0.0
20181118:0610,0.0,0.0,2.32,3.72,0.0
20181118:0710,0.0,0.0,2.1,3.93,0.0
20181118:0810,306.92,8.1,2.39,3.93,0.0
20181118:0910,546.02,14.67,3.68,3.52,0.0
20181118:1010,702.97,19.35,5.05,4.34,0.0
20181118:1110,821.17,21.72,6.18,4.34,0.0
20181118:1210,814.06,21.52,7.06,4.48,0.0
20181118:1310,716.6,18.76,7.72,4.69,0.0
20181118:1410,526.41,13.74,8.02,4.83,0.0
20181118:1510,292.73,6.92,7.73,4.0,0.0
20181118:1610,0.0,0.0,6.72,3.86,0.0
20181118:1710,0.0,0.0,5.85,3.86,0.0
20181118:1810,0.0,0.0,5.3,3.79,0.0
20181118:1910,0.0,0.0,5.02,3.38,0.0
20181118:2010,0.0,0.0,4.29,3.59,0.0
20181118:2110,0.0,0.0,3.84,3.52,0.0
20181118:2210,0.0,0.0,3.27,3.24,0.0
20181118:2310,0.0,0.0,2.71,3.31,0.0
20181119:0010,0.0,0.0,2.25,3.52,0.0
20181119:0110,0.0,0.0,1.91,3.66,0.0
20181119:0210,0.0,0.0,1.63,3.79,0.0
20181119:0310,0.0,0.0,1.27,3.79,0.0
20181119:0410,0.0,0.0,0.9,3.79,0.0
20181119:0510,0.0,0.0,0.54,3.86,0.0
20181119:0610,0.0,0.0,0.2,3.93,0.0
20181119:0710,0.0,0.0,0.07,4.34,0.0
20181119:0810,299.65,7.87,0.3,4.28,0.0
20181119:0910,540.8,14.43,1.58,3.72,0.0
20181119:1010,689.61,19.11,3.24,4.62,0.0
20181119:1110,679.17,21.48,5.05,6.69,0.0
20181119:1210,712.23,21.29,6.29,6.62,0.0
20181119:1310,57.78,18.55,6.23,5.17,0.0
20181119:1410,74.85,13.55,6.15,5.45,0.0
20181119:1510,52.48,6.75,5.96,4.83,0.0
20181119:1610,0.0,0.0,5.05,4.69,0.0
20181119:1710,0.0,0.0,4.44,4.9,0.0
20181119:1810,0.0,0.0,3.92,4.69,0.0
20181119:1910,0.0,0.0,3.36,4.48,0.0
20181119:2010,0.0,0.0,2.94,4.41,0.0
20181119:2110,0.0,0.0,2.63,4.21,0.0
20181119:2210,0.0,0.0,2.24,4.07,0.0
20181119:2310,0.0,0.0,2.2,4.07,0.0
20181120:0010,0.0,0.0,2.33,4.07,0.0
20181120:0110,0.0,0.0,2.3,4.07,0.0
20181120:0210,0.0,0.0,2.1,4.07,0.0
20181120:0310,0.0,0.0,2.15,4.07,0.0
20181120:0410,0.0,0.0,2.12,4.0,0.0
20181120:0510,0.0,0.0,2.04,3.93,0.0
20181120:0610,0.0,0.0,1.59,3.72,0.0
20181120:0710,0.0,0.0,1.35,4.0,0.0
20181120:0810,50.46,7.64,1.03,3.31,0.0
20181120:0910,37.6,14.19,1.4,3.31,0.0
20181120:1010,49.53,18.87,2.19,3.66,0.0
20181120:1110,53.2,21.25,3.4,4.62,0.0
20181120:1210,58.7,21.06,3.81,4.07,0.0
20181120:1310,54.11,18.34,4.29,3.31,0.0
20181120:1410,47.69,13.37,4.52,2.69,0.0
20181120:1510,37.07,6.59,4.3,2.21,0.0
20181120:1610,0.0,0.0,3.45,1.72,0.0
20181120:1710,0.0,0.0,3.27,1.45,0.0
20181120:1810,0.0,0.0,3.06,1.24,0.0
20181120:1910,0.0,0.0,2.11,0.97,0.0
20181120:2010,0.0,0.0,1.46,1.45,0.0
20181120:2110,0.0,0.0,1.1,1.79,0.0
20181120:2210,0.0,0.0,1.11,1.79,0.0
20181120:2310,0.0,0.0,0.36,2.07,0.0
20181121:0010,0.0,0.0,-0.13,2.07,0.0
20181121:0110,0.0,0.0,-0.83,2.14,0.0
20181121:0210,0.0,0.0,-1.38,2.21,0.0
20181121:0310,0.0,0.0,-1.87,2.07,0.0
20181121:0410,0.0,0.0,-2.33,2.0,0.0
20181121:0510,0.0,0.0,-2.79,1.86,0.0
20181121:0610,0.0,0.0,-3.38,1.59,0.0
20181121:0710,0.0,0.0,-3.95,1.72,0.0
20181121:0810,260.81,7.41,-3.52,1.1,0.0
20181121:0910,557.82,13.96,-0.7,0.9,0.0
20181121:1010,706.42,18.64,1.39,1.1,0.0
20181121:1110,842.14,21.02,2.83,1.31,0.0
20181121:1210,828.73,20.85,4.15,1.59,0.0
20181121:1310,718.92,18.14,5.06,1.93,0.0
20181121:1410,528.71,13.19,5.45,2.14,0.0
20181121:1510,233.15,6.43,5.19,1.93,0.0
20181121:1610,0.0,0.0,4.22,2.07,0.0
20181121:1710,0.0,0.0,3.16,2.28,0.0
20181121:1810,0.0,0.0,3.16,2.14,0.0
20181121:1910,0.0,0.0,2.45,1.93,0.0
20181121:2010,0.0,0.0,2.37,1.79,0.0
20181121:2110,0.0,0.0,2.24,1.72,0.0
20181121:2210,0.0,0.0,2.19,1.66,0.0
20181121:2310,0.0,0.0,2.42,1.66,0.0
20181122:0010,0.0,0.0,2.05,1.72,0.0
20181122:0110,0.0,0.0,1.73,1.66,0.0
20181122:0210,0.0,0.0,1.48,1.59,0.0
20181122:0310,0.0,0.0,1.07,1.66,0.0
20181122:0410,0.0,0.0,0.24,1.93,0.0
20181122:0510,0.0,0.0,-0.14,1.86,0.0
20181122:0610,0.0,0.0,0.01,1.72,0.0
20181122:0710,0.0,0.0,0.48,1.52,0.0
20181122:0810,60.83,7.19,1.29,1.45,0.0
20181122:0910,65.12,13.73,2.08,1.66,0.0
20181122:1010,108.65,18.41,2.78,1.72,0.0
20181122:1110,95.39,20.79,3.26,1.72,0.0
20181122:1210,139.07,20.64,3.83,1.93,0.0
20181122:1310,324.07,17.95,4.56,2.0,0.0
20181122:1410,46.78,13.02,5.52,2.07,0.0
20181122:1510,33.58,6.28,6.05,2.48,0.0
20181122:1610,0.0,0.0,5.61,2.28,0.0
20181122:1710,0.0,0.0,5.15,2.48,0.0
20181122:1810,0.0,0.0,5.09,2.48,0.0
20181122:1910,0.0,0.0,4.11,2.21,0.0
20181122:2010,0.0,0.0,4.22,2.07,0.0
20181122:2110,0.0,0.0,3.95,2.14,0.0
20181122:2210,0.0,0.0,4.07,2.28,0.0
20181122:2310,0.0,0.0,4.44,2.21,0.0
20181123:0010,0.0,0.0,4.27,2.21,0.0
20181123:0110,0.0,0.0,3.93,2.21,0.0
20181123:0210,0.0,0.0,3.44,2.21,0.0
20181123:0310,0.0,0.0,2.82,2.21,0.0
20181123:0410,0.0,0.0,2.38,2.21,0.0
20181123:0510,0.0,0.0,2.07,2.21,0.0
20181123:0610,0.0,0.0,1.76,2.21,0.0
20181123:0710,0.0,0.0,1.57,1.86,0.0
20181123:0810,71.55,6.98,2.21,1.72,0.0
20181123:0910,93.58,13.51,3.61,1.79,0.0
20181123:1010,135.03,18.19,5.12,2.28,0.0
20181123:1110,158.27,20.58,7.12,2.34,0.0
20181123:1210,168.03,20.43,8.78,2.21,0.0
20181123:1310,349.7,17.76,9.95,2.48,0.0
20181123:1410,154.38,12.85,10.5,2.55,0.0
20181123:1510,11.01,6.14,9.99,2.41,0.0
20181123:1610,0.0,0.0,8.83,2.76,0.0
20181123:1710,0.0,0.0,8.15,2.9,0.0
20181123:1810,0.0,0.0,7.96,2.97,0.0
20181123:1910,0.0,0.0,7.02,2.28,0.0
20181123:2010,0.0,0.0,7.22,2.21,0.0
20181123:2110,0.0,0.0,7.38,2.28,0.0
20181123:2210,0.0,0.0,7.66,2.34,0.0
20181123:2310,0.0,0.0,7.7,2.41,0.0
20181124:0010,0.0,0.0,7.75,2.48,0.0
20181124:0110,0.0,0.0,7.65,2.55,0.0
20181124:0210,0.0,0.0,7.49,2.83,0.0
20181124:0310,0.0,0.0,7.42,3.1,0.0
20181124:0410,0.0,0.0,7.09,3.31,0.0
20181124:0510,0.0,0.0,6.89,3.52,0.0
20181124:0610,0.0,0.0,6.87,3.52,0.0
20181124:0710,0.0,0.0,6.43,3.45,0.0
20181124:0810,30.27,6.76,6.64,3.38,0.0
20181124:0910,16.51,13.29,7.39,4.28,0.0
20181124:1010,175.92,17.97,7.81,4.28,0.0
20181124:1110,103.71,20.37,8.76,4.0,0.0
20181124:1210,75.21,20.23,9.08,3.72,0.0
20181124:1310,62.37,17.58,9.45,3.31,0.0
20181124:1410,32.1,12.7,9.5,2.97,0.0
20181124:1510,31.97,6.0,9.24,2.9,0.0
20181124:1610,0.0,0.0,8.5,2.69,0.0
20181124:1710,0.0,0.0,7.58,2.48,0.0
20181124:1810,0.0,0.0,6.89,2.34,0.0
20181124:1910,0.0,0.0,5.72,2.14,0.0
20181124:2010,0.0,0.0,5.33,2.21,0.0
20181124:2110,0.0,0.0,5.17,2.14,0.0
20181124:2210,0.0,0.0,4.88,2.0,0.0
20181124:2310,0.0,0.0,4.41,1.93,0.0
20181125:0010,0.0,0.0,4.12,1.86,0.0
20181125:0110,0.0,0.0,4.33,1.59,0.0
20181125:0210,0.0,0.0,4.6,1.59,0.0
20181125:0310,0.0,0.0,5.0,1.59,0.0
20181125:0410,0.0,0.0,5.35,1.93,0.0
20181125:0510,0.0,0.0,5.64,2.21,0.0
20181125:0610,0.0,0.0,5.87,2.28,0.0
20181125:0710,0.0,0.0,6.14,2.55,0.0
20181125:0810,11.92,6.55,6.48,2.76,0.0
20181125:0910,91.18,13.08,6.95,2.97,0.0
20181125:1010,164.13,17.76,7.47,2.83,0.0
20181125:1110,469.18,20.16,7.89,2.97,0.0
20181125:1210,176.64,20.04,8.35,2.76,0.0
20181125:1310,135.11,17.41,8.54,3.17,0.0
20181125:1410,206.12,12.54,8.44,3.17,0.0
20181125:1510,24.76,5.87,8.31,3.24,0.0
20181125:1610,0.0,0.0,7.96,3.17,0.0
20181125:1710,0.0,0.0,7.61,3.1,0.0
20181125:1810,0.0,0.0,7.48,2.9,0.0
20181125:1910,0.0,0.0,7.08,3.45,0.0
20181125:2010,0.0,0.0,6.8,3.52,0.0
20181125:2110,0.0,0.0,6.48,3.59,0.0
20181125:2210,0.0,0.0,6.23,3.31,0.0
20181125:2310,0.0,0.0,6.09,2.9,0.0
20181126:0010,0.0,0.0,5.96,2.97,0.0
20181126:0110,0.0,0.0,5.73,3.1,0.0
20181126:0210,0.0,0.0,5.47,3.24,0.0
20181126:0310,0.0,0.0,5.36,3.24,0.0
20181126:0410,0.0,0.0,5.38,2.97,0.0
20181126:0510,0.0,0.0,5.43,2.9,0.0
20181126:0610,0.0,0.0,5.41,2.9,0.0
20181126:0710,0.0,0.0,5.25,2.62,0.0
20181126:0810,56.47,6.35,5.26,2.55,0.0
20181126:0910,15.59,12.87,5.72,3.38,0.0
20181126:1010,24.76,17.55,6.35,3.24,0.0
20181126:1110,34.85,19.96,7.02,3.38,0.0
20181126:1210,55.03,19.85,7.22,3.59,0.0
20181126:1310,39.44,17.24,7.28,3.79,0.0
20181126:1410,14.67,12.4,7.04,3.31,0.0
20181126:1510,29.4,5.74,6.72,3.1,0.0
20181126:1610,0.0,0.0,6.4,2.83,0.0
20181126:1710,0.0,0.0,6.25,2.28,0.0
20181126:1810,0.0,0.0,6.01,1.93,0.0
20181126:1910,0.0,0.0,5.92,2.14,0.0
20181126:2010,0.0,0.0,5.93,2.21,0.0
20181126:2110,0.0,0.0,5.91,1.86,0.0
20181126:2210,0.0,0.0,5.87,1.86,0.0
20181126:2310,0.0,0.0,5.74,2.07,0.0
20181127:0010,0.0,0.0,5.47,1.93,0.0
20181127:0110,0.0,0.0,5.03,1.79,0.0
20181127:0210,0.0,0.0,4.52,1.72,0.0
20181127:0310,0.0,0.0,4.3,1.72,0.0
20181127:0410,0.0,0.0,4.39,1.66,0.0
20181127:0510,0.0,0.0,4.24,1.86,0.0
20181127:0610,0.0,0.0,4.3,1.79,0.0
20181127:0710,0.0,0.0,3.71,1.24,0.0
20181127:0810,259.42,6.15,3.73,1.24,0.0
20181127:0910,306.51,12.67,4.75,1.31,0.0
20181127:1010,612.12,17.35,6.04,1.66,0.0
20181127:1110,717.49,19.77,7.26,2.55,0.0
20181127:1210,529.25,19.68,8.14,2.97,0.0
20181127:1310,252.03,17.08,8.5,3.38,0.0
20181127:1410,171.59,12.26,8.33,2.97,0.0
20181127:1510,24.9,5.62,7.81,2.83,0.0
20181127:1610,0.0,0.0,7.15,3.24,0.0
20181127:1710,0.0,0.0,6.93,3.66,0.0
20181127:1810,0.0,0.0,6.68,4.14,0.0
20181127:1910,0.0,0.0,6.98,4.48,0.0
20181127:2010,0.0,0.0,7.17,4.62,0.0
20181127:2110,0.0,0.0,7.21,4.76,0.0
20181127:2210,0.0,0.0,7.39,5.1,0.0
20181127:2310,0.0,0.0,7.68,5.24,0.0
20181128:0010,0.0,0.0,7.95,5.31,0.0
20181128:0110,0.0,0.0,8.13,5.1,0.0
20181128:0210,0.0,0.0,8.31,4.76,0.0
20181128:0310,0.0,0.0,8.58,4.21,0.0
20181128:0410,0.0,0.0,9.08,3.66,0.0
20181128:0510,0.0,0.0,9.9,3.66,0.0
20181128:0610,0.0,0.0,10.45,4.0,0.0
20181128:0710,0.0,0.0,10.52,4.28,0.0
20181128:0810,48.2,5.95,10.55,4.34,0.0
20181128:0910,23.85,12.47,10.66,4.48,0.0
20181128:1010,63.29,17.15,10.82,4.55,0.0
20181128:1110,40.36,19.58,11.27,4.62,0.0
20181128:1210,65.12,19.5,11.43,4.55,0.0
20181128:1310,192.33,16.93,11.74,4.48,0.0
20181128:1410,113.79,12.13,11.89,4.69,0.0
20181128:1510,27.48,5.51,11.79,4.62,0.0
20181128:1610,0.0,0.0,11.36,4.69,0.0
20181128:1710,0.0,0.0,10.81,4.83,0.0
20181128:1810,0.0,0.0,10.45,4.97,0.0
20181128:1910,0.0,0.0,10.81,4.76,0.0
20181128:2010,0.0,0.0,10.89,4.55,0.0
20181128:2110,0.0,0.0,10.93,4.41,0.0
20181128:2210,0.0,0.0,11.0,4.41,0.0
20181128:2310,0.0,0.0,11.08,4.28,0.0
20181129:0010,0.0,0.0,11.14,4.28,0.0
20181129:0110,0.0,0.0,11.2,4.34,0.0
20181129:0210,0.0,0.0,11.06,4.34,0.0
20181129:0310,0.0,0.0,10.51,4.28,0.0
20181129:0410,0.0,0.0,10.2,4.21,0.0
20181129:0510,0.0,0.0,10.02,3.93,0.0
20181129:0610,0.0,0.0,9.81,3.72,0.0
20181129:0710,0.0,0.0,9.8,3.93,0.0
20181129:0810,22.01,5.76,9.73,3.59,0.0
20181129:0910,133.74,12.28,10.09,4.41,0.0
20181129:1010,111.74,16.96,11.29,5.31,0.0
20181129:1110,100.15,19.4,12.83,4.83,0.0
20181129:1210,730.97,19.34,13.88,5.17,0.0
20181129:1310,544.95,16.79,14.15,6.0,0.0
20181129:1410,294.57,12.0,13.94,5.31,0.0
20181129:1510,4.29,5.41,13.14,4.9,0.0
20181129:1610,0.0,0.0,12.2,4.9,0.0
20181129:1710,0.0,0.0,11.55,5.1,0.0
20181129:1810,0.0,0.0,11.18,5.24,0.0
20181129:1910,0.0,0.0,11.81,4.97,0.0
20181129:2010,0.0,0.0,11.78,5.1,0.0
20181129:2110,0.0,0.0,11.41,4.76,0.0
20181129:2210,0.0,0.0,11.16,4.69,0.0
20181129:2310,0.0,0.0,10.82,4.62,0.0
20181130:0010,0.0,0.0,10.67,4.62,0.0
20181130:0110,0.0,0.0,10.61,4.41,0.0
20181130:0210,0.0,0.0,10.22,4.14,0.0
20181130:0310,0.0,0.0,9.84,4.07,0.0
20181130:0410,0.0,0.0,9.32,4.0,0.0
20181130:0510,0.0,0.0,9.1,4.07,0.0
20181130:0610,0.0,0.0,8.83,4.07,0.0
20181130:0710,0.0,0.0,8.64,3.66,0.0
20181130:0810,268.91,5.58,8.44,3.52,0.0
20181130:0910,46.78,12.1,9.08,3.24,0.0
20181130:1010,447.86,16.78,10.42,4.83,0.0
20181130:1110,661.4,19.23,11.24,4.83,0.0
20181130:1210,392.72,19.18,11.75,4.69,0.0
20181130:1310,455.01,16.65,12.0,4.28,0.0
20181130:1410,244.22,11.89,11.99,3.93,0.0
20181130:1510,29.2,5.31,11.26,3.03,0.0
20181130:1610,0.0,0.0,10.2,2.62,0.0
20181130:1710,0.0,0.0,8.77,2.62,0.0
20181130:1810,0.0,0.0,8.04,2.76,0.0
20181130:1910,0.0,0.0,7.66,2.76,0.0
20181130:2010,0.0,0.0,7.32,2.76,0.0
20181130:2110,0.0,0.0,6.92,2.69,0.0
20181130:2210,0.0,0.0,6.61,2.83,0.0
20181130:2310,0.0,0.0,6.42,2.83,0.0
20181201:0010,0.0,0.0,6.11,2.9,0.0
20181201:0110,0.0,0.0,5.77,2.9,0.0
20181201:0210,0.0,0.0,5.63,2.83,0.0
20181201:0310,0.0,0.0,5.55,2.97,0.0
20181201:0410,0.0,0.0,5.51,3.1,0.0
20181201:0510,0.0,0.0,5.49,3.17,0.0
20181201:0610,0.0,0.0,5.5,3.38,0.0
20181201:0710,0.0,0.0,6.14,3.72,0.0
20181201:0810,28.72,5.4,6.77,4.0,0.0
20181201:0910,31.18,11.92,7.73,4.69,0.0
20181201:1010,185.34,16.6,8.45,4.97,0.0
20181201:1110,111.5,19.06,8.91,5.38,0.0
20181201:1210,53.2,19.03,9.4,6.0,0.0
20181201:1310,50.44,16.52,9.71,6.69,0.0
20181201:1410,261.69,11.78,9.8,6.9,0.0
20181201:1510,27.48,5.22,9.84,6.62,0.0
20181201:1610,0.0,0.0,9.98,6.48,0.0
20181201:1710,0.0,0.0,10.04,6.34,0.0
20181201:1810,0.0,0.0,10.16,6.14,0.0
20181201:1910,0.0,0.0,10.27,5.93,0.0
20181201:2010,0.0,0.0,10.49,5.79,0.0
20181201:2110,0.0,0.0,10.64,6.0,0.0
20181201:2210,0.0,0.0,10.8,6.07,0.0
20181201:2310,0.0,0.0,10.87,6.14,0.0
20181202:0010,0.0,0.0,10.97,5.79,0.0
20181202:0110,0.0,0.0,11.22,5.59,0.0
20181202:0210,0.0,0.0,11.63,5.59,0.0
20181202:0310,0.0,0.0,11.97,5.38,0.0
20181202:0410,0.0,0.0,12.3,5.38,0.0
20181202:0510,0.0,0.0,12.85,5.86,0.0
20181202:0610,0.0,0.0,13.03,5.72,0.0
20181202:0710,0.0,0.0,12.77,5.72,0.0
20181202:0810,150.88,5.22,13.02,5.66,0.0
20181202:0910,22.01,11.74,13.36,5.38,0.0
20181202:1010,240.8,16.43,13.61,5.31,0.0
20181202:1110,94.69,18.9,13.78,5.38,0.0
20181202:1210,255.07,18.88,14.13,5.79,0.0
20181202:1310,248.87,16.39,14.58,6.0,0.0
20181202:1410,45.86,11.67,14.5,5.38,0.0
20181202:1510,18.89,5.13,14.28,4.69,0.0
20181202:1610,0.0,0.0,14.04,4.9,0.0
20181202:1710,0.0,0.0,13.97,5.24,0.0
20181202:1810,0.0,0.0,13.94,5.45,0.0
20181202:1910,0.0,0.0,13.38,5.38,0.0
20181202:2010,0.0,0.0,13.44,5.38,0.0
20181202:2110,0.0,0.0,13.52,5.59,0.0
20181202:2210,0.0,0.0,13.57,5.86,0.0
20181202:2310,0.0,0.0,13.57,5.59,0.0
20181203:0010,0.0,0.0,13.53,5.52,0.0
20181203:0110,0.0,0.0,13.53,5.79,0.0
20181203:0210,0.0,0.0,13.38,6.14,0.0
20181203:0310,0.0,0.0,13.11,5.79,0.0
20181203:0410,0.0,0.0,13.24,6.0,0.0
20181203:0510,0.0,0.0,13.14,5.66,0.0
20181203:0610,0.0,0.0,12.66,5.52,0.0
20181203:0710,0.0,0.0,12.86,6.41,0.0
20181203:0810,30.96,5.05,12.87,6.83,0.0
20181203:0910,66.31,11.57,13.24,6.34,0.0
20181203:1010,91.74,16.27,13.49,6.48,0.0
20181203:1110,26.6,18.75,13.44,7.17,0.0
20181203:1210,66.95,18.75,14.04,6.83,0.0
20181203:1310,47.69,16.27,14.18,7.1,0.0
20181203:1410,29.35,11.58,13.94,7.31,0.0
20181203:1510,19.75,5.06,13.37,6.21,0.0
20181203:1610,0.0,0.0,12.87,5.66,0.0
20181203:1710,0.0,0.0,12.36,5.24,0.0
20181203:1810,0.0,0.0,11.84,5.24,0.0
20181203:1910,0.0,0.0,11.95,5.79,0.0
20181203:2010,0.0,0.0,11.69,5.66,0.0
20181203:2110,0.0,0.0,11.46,5.38,0.0
20181203:2210,0.0,0.0,11.21,4.97,0.0
20181203:2310,0.0,0.0,11.18,4.76,0.0
20181204:0010,0.0,0.0,10.99,4.76,0.0
20181204:0110,0.0,0.0,10.85,4.69,0.0
20181204:0210,0.0,0.0,10.62,3.93,0.0
20181204:0310,0.0,0.0,10.3,3.79,0.0
20181204:0410,0.0,0.0,9.84,2.9,0.0
20181204:0510,0.0,0.0,9.92,2.69,0.0
20181204:0610,0.0,0.0,9.76,2.14,0.0
20181204:0710,0.0,0.0,9.7,2.28,0.0
20181204:0810,220.57,4.88,9.28,2.07,0.0
20181204:0910,164.04,11.41,9.62,1.86,0.0
20181204:1010,211.29,16.11,10.06,2.28,0.0
20181204:1110,268.66,18.6,10.26,1.86,0.0
20181204:1210,219.43,18.62,10.63,1.52,0.0
20181204:1310,660.92,16.16,10.68,1.31,0.0
20181204:1410,333.81,11.49,10.79,0.9,0.0
20181204:1510,26.62,4.99,10.53,1.1,0.0
20181204:1610,0.0,0.0,9.7,1.59,0.0
20181204:1710,0.0,0.0,9.19,1.45,0.0
20181204:1810,0.0,0.0,8.53,1.72,0.0
20181204:1910,0.0,0.0,7.91,1.72,0.0
20181204:2010,0.0,0.0,7.96,1.79,0.0
20181204:2110,0.0,0.0,8.17,2.0,0.0
20181204:2210,0.0,0.0,8.34,2.14,0.0
20181204:2310,0.0,0.0,8.53,2.28,0.0
20181205:0010,0.0,0.0,8.61,2.34,0.0
20181205:0110,0.0,0.0,8.75,2.48,0.0
20181205:0210,0.0,0.0,8.85,2.62,0.0
20181205:0310,0.0,0.0,8.98,2.55,0.0
20181205:0410,0.0,0.0,9.12,2.55,0.0
20181205:0510,0.0,0.0,9.28,2.69,0.0
20181205:0610,0.0,0.0,9.33,2.76,0.0
20181205:0710,0.0,0.0,9.06,2.83,0.0
20181205:0810,51.03,4.72,9.2,2.76,0.0
20181205:0910,170.04,11.25,9.72,2.69,0.0
20181205:1010,139.86,15.96,10.55,2.76,0.0
20181205:1110,172.57,18.46,11.42,3.17,0.0
20181205:1210,221.16,18.49,12.06,3.38,0.0
20181205:1310,219.9,16.06,12.44,3.31,0.0
20181205:1410,270.0,11.4,12.57,3.24,0.0
20181205:1510,24.9,4.92,12.18,3.17,0.0
20181205:1610,0.0,0.0,11.56,3.31,0.0
20181205:1710,0.0,0.0,11.62,3.66,0.0
20181205:1810,0.0,0.0,11.73,4.0,0.0
20181205:1910,0.0,0.0,11.15,4.0,0.0
20181205:2010,0.0,0.0,10.91,4.0,0.0
20181205:2110,0.0,0.0,10.99,4.48,0.0
20181205:2210,0.0,0.0,11.19,4.62,0.0
20181205:2310,0.0,0.0,11.44,4.34,0.0
20181206:0010,0.0,0.0,11.76,4.07,0.0
20181206:0110,0.0,0.0,11.78,3.66,0.0
20181206:0210,0.0,0.0,11.68,2.97,0.0
20181206:0310,0.0,0.0,11.47,2.83,0.0
20181206:0410,0.0,0.0,11.32,2.69,0.0
20181206:0510,0.0,0.0,11.31,2.55,0.0
20181206:0610,0.0,0.0,11.44,2.41,0.0
20181206:0710,0.0,0.0,11.62,2.34,0.0
20181206:0810,66.42,4.57,11.72,2.21,0.0
20181206:0910,160.79,11.09,11.93,2.34,0.0
20181206:1010,104.14,15.81,12.3,2.83,0.0
20181206:1110,363.91,18.33,12.69,2.62,0.0
20181206:1210,140.87,18.38,13.31,4.28,0.0
20181206:1310,42.19,15.96,13.45,3.1,0.0
20181206:1410,35.77,11.33,13.29,3.31,0.0
20181206:1510,18.89,4.86,13.14,3.38,0.0
20181206:1610,0.0,0.0,12.81,3.52,0.0
20181206:1710,0.0,0.0,12.58,3.66,0.0
20181206:1810,0.0,0.0,12.41,3.79,0.0
20181206:1910,0.0,0.0,12.16,3.72,0.0
20181206:2010,0.0,0.0,12.01,4.0,0.0
20181206:2110,0.0,0.0,11.83,4.34,0.0
20181206:2210,0.0,0.0,11.59,4.41,0.0
20181206:2310,0.0,0.0,11.31,4.34,0.0
20181207:0010,0.0,0.0,11.07,4.28,0.0
20181207:0110,0.0,0.0,10.93,4.62,0.0
20181207:0210,0.0,0.0,11.07,4.97,0.0
20181207:0310,0.0,0.0,11.29,5.31,0.0
20181207:0410,0.0,0.0,11.45,5.59,0.0
20181207:0510,0.0,0.0,11.58,5.66,0.0
20181207:0610,0.0,0.0,11.65,5.59,0.0
20181207:0710,0.0,0.0,11.52,5.79,0.0
20181207:0810,80.44,4.42,11.57,6.34,0.0
20181207:0910,70.72,10.95,11.58,7.1,0.0
20181207:1010,19.26,15.68,11.58,7.38,0.0
20181207:1110,22.93,18.2,11.85,7.1,0.0
20181207:1210,49.53,18.27,11.84,8.97,0.0
20181207:1310,39.44,15.88,11.3,8.76,0.0
20181207:1410,91.99,11.26,11.33,8.34,0.0
20181207:1510,24.04,4.81,10.04,7.79,0.0
20181207:1610,0.0,0.0,8.64,6.48,0.0
20181207:1710,0.0,0.0,8.01,6.21,0.0
20181207:1810,0.0,0.0,7.68,6.21,0.0
20181207:1910,0.0,0.0,7.77,6.14,0.0
20181207:2010,0.0,0.0,7.76,6.21,0.0
20181207:2110,0.0,0.0,7.62,6.34,0.0
20181207:2210,0.0,0.0,7.34,6.34,0.0
20181207:2310,0.0,0.0,7.23,6.28,0.0
20181208:0010,0.0,0.0,7.26,6.34,0.0
20181208:0110,0.0,0.0,7.35,6.41,0.0
20181208:0210,0.0,0.0,7.62,6.48,0.0
20181208:0310,0.0,0.0,7.64,6.41,0.0
20181208:0410,0.0,0.0,7.81,6.55,0.0
20181208:0510,0.0,0.0,7.93,6.69,0.0
20181208:0610,0.0,0.0,8.05,6.55,0.0
20181208:0710,0.0,0.0,8.59,6.76,0.0
20181208:0810,123.7,4.27,8.82,6.69,0.0
20181208:0910,95.97,10.81,9.06,6.76,0.0
20181208:1010,126.55,15.54,9.23,6.55,0.0
20181208:1110,312.77,18.08,9.97,6.69,0.0
20181208:1210,145.31,18.17,10.69,7.66,0.0
20181208:1310,46.78,15.79,10.78,7.17,0.0
20181208:1410,44.02,11.2,10.73,6.83,0.0
20181208:1510,24.04,4.77,10.92,6.76,0.0
20181208:1610,0.0,0.0,11.02,7.24,0.0
20181208:1710,0.0,0.0,11.12,7.52,0.0
20181208:1810,0.0,0.0,11.11,7.38,0.0
20181208:1910,0.0,0.0,11.12,8.14,0.0
20181208:2010,0.0,0.0,11.5,8.0,0.0
20181208:2110,0.0,0.0,11.01,7.45,0.0
20181208:2210,0.0,0.0,10.56,7.38,0.0
20181208:2310,0.0,0.0,10.16,7.38,0.0
20181209:0010,0.0,0.0,9.74,7.31,0.0
20181209:0110,0.0,0.0,9.49,7.72,0.0
20181209:0210,0.0,0.0,8.91,7.66,0.0
20181209:0310,0.0,0.0,8.53,7.45,0.0
20181209:0410,0.0,0.0,8.28,7.38,0.0
20181209:0510,0.0,0.0,8.29,7.38,0.0
20181209:0610,0.0,0.0,8.56,7.59,0.0
20181209:0710,0.0,0.0,8.76,7.24,0.0
20181209:0810,26.44,4.13,8.6,6.97,0.0
20181209:0910,41.27,10.67,9.06,7.59,0.0
20181209:1010,58.7,15.42,9.42,8.07,0.0
20181209:1110,22.93,17.97,9.88,8.21,0.0
20181209:1210,73.37,18.07,10.35,7.93,0.0
20181209:1310,643.74,15.72,10.33,7.72,0.0
20181209:1410,180.04,11.14,9.74,7.38,0.0
20181209:1510,24.9,4.73,9.76,6.34,0.0
20181209:1610,0.0,0.0,9.28,5.93,0.0
20181209:1710,0.0,0.0,8.65,5.38,0.0
20181209:1810,0.0,0.0,8.41,4.9,0.0
20181209:1910,0.0,0.0,8.03,4.62,0.0
20181209:2010,0.0,0.0,7.65,4.48,0.0
20181209:2110,0.0,0.0,7.56,4.28,0.0
20181209:2210,0.0,0.0,7.27,4.14,0.0
20181209:2310,0.0,0.0,7.07,4.0,0.0
20181210:0010,0.0,0.0,6.93,3.72,0.0
20181210:0110,0.0,0.0,6.71,3.59,0.0
20181210:0210,0.0,0.0,6.64,3.52,0.0
20181210:0310,0.0,0.0,6.54,3.52,0.0
20181210:0410,0.0,0.0,6.66,3.59,0.0
20181210:0510,0.0,0.0,6.77,3.59,0.0
20181210:0610,0.0,0.0,6.77,3.52,0.0
20181210:0710,0.0,0.0,6.18,3.45,0.0
20181210:0810,81.9,4.0,6.24,3.31,0.0
20181210:0910,94.67,10.55,6.79,3.38,0.0
20181210:1010,376.32,15.3,7.73,3.31,0.0
20181210:1110,277.19,17.87,8.4,4.0,0.0
20181210:1210,72.46,17.99,8.98,4.14,0.0
20181210:1310,76.13,15.65,9.2,4.0,0.0
20181210:1410,22.93,11.1,8.85,3.72,0.0
20181210:1510,24.9,4.71,8.54,3.66,0.0
20181210:1610,0.0,0.0,7.8,3.17,0.0
20181210:1710,0.0,0.0,7.06,2.9,0.0
20181210:1810,0.0,0.0,6.38,2.48,0.0
20181210:1910,0.0,0.0,6.14,2.62,0.0
20181210:2010,0.0,0.0,5.56,2.21,0.0
20181210:2110,0.0,0.0,5.17,2.14,0.0
20181210:2210,0.0,0.0,5.14,1.93,0.0
20181210:2310,0.0,0.0,4.63,1.79,0.0
20181211:0010,0.0,0.0,4.28,1.66,0.0
20181211:0110,0.0,0.0,4.54,1.38,0.0
20181211:0210,0.0,0.0,4.64,1.38,0.0
20181211:0310,0.0,0.0,4.66,1.31,0.0
20181211:0410,0.0,0.0,4.4,1.31,0.0
20181211:0510,0.0,0.0,3.88,1.24,0.0
20181211:0610,0.0,0.0,3.96,1.03,0.0
20181211:0710,0.0,0.0,3.46,1.17,0.0
20181211:0810,59.42,3.87,3.48,0.97,0.0
20181211:0910,204.93,10.42,4.73,0.55,0.0
20181211:1010,306.74,15.19,5.91,0.21,0.0
20181211:1110,647.8,17.77,6.77,0.62,0.0
20181211:1210,132.2,17.91,7.14,1.03,0.0
20181211:1310,141.89,15.59,7.35,1.24,0.0
20181211:1410,367.78,11.06,7.36,1.52,0.0
20181211:1510,24.04,4.68,6.96,1.59,0.0
20181211:1610,0.0,0.0,6.41,1.72,0.0
20181211:1710,0.0,0.0,5.84,1.93,0.0
20181211:1810,0.0,0.0,5.26,1.93,0.0
20181211:1910,0.0,0.0,5.74,1.52,0.0
20181211:2010,0.0,0.0,5.56,1.45,0.0
20181211:2110,0.0,0.0,4.85,1.59,0.0
20181211:2210,0.0,0.0,4.72,1.59,0.0
20181211:2310,0.0,0.0,4.63,1.66,0.0
20181212:0010,0.0,0.0,4.65,1.72,0.0
20181212:0110,0.0,0.0,4.36,1.93,0.0
20181212:0210,0.0,0.0,4.14,2.07,0.0
20181212:0310,0.0,0.0,3.95,2.14,0.0
20181212:0410,0.0,0.0,3.75,2.07,0.0
20181212:0510,0.0,0.0,3.32,2.0,0.0
20181212:0610,0.0,0.0,2.78,1.93,0.0
20181212:0710,0.0,0.0,2.41,1.93,0.0
20181212:0810,99.91,3.75,1.91,2.14,0.0
20181212:0910,432.78,10.31,2.13,2.07,0.0
20181212:1010,647.48,15.08,2.88,2.21,0.0
20181212:1110,732.15,17.68,4.09,2.55,0.0
20181212:1210,729.77,17.84,5.05,2.97,0.0
20181212:1310,667.1,15.54,5.59,3.24,0.0
20181212:1410,498.58,11.02,5.54,3.31,0.0
20181212:1510,21.47,4.67,4.9,2.83,0.0
20181212:1610,0.0,0.0,3.42,2.83,0.0
20181212:1710,0.0,0.0,2.28,3.1,0.0
20181212:1810,0.0,0.0,1.58,3.52,0.0
20181212:1910,0.0,0.0,1.59,4.21,0.0
20181212:2010,0.0,0.0,1.84,3.93,0.0
20181212:2110,0.0,0.0,2.05,3.66,0.0
20181212:2210,0.0,0.0,1.88,3.66,0.0
20181212:2310,0.0,0.0,1.89,4.07,0.0
20181213:0010,0.0,0.0,1.65,3.93,0.0
20181213:0110,0.0,0.0,1.19,3.45,0.0
20181213:0210,0.0,0.0,0.76,3.52,0.0
20181213:0310,0.0,0.0,0.44,3.72,0.0
20181213:0410,0.0,0.0,0.14,3.59,0.0
20181213:0510,0.0,0.0,-0.09,4.0,0.0
20181213:0610,0.0,0.0,-0.21,4.28,0.0
20181213:0710,0.0,0.0,-0.11,4.28,0.0
20181213:0810,198.44,3.63,-0.24,4.28,0.0
20181213:0910,485.76,10.2,0.4,3.72,0.0
20181213:1010,653.86,14.99,1.58,5.66,0.0
20181213:1110,749.9,17.6,2.35,5.31,0.0
20181213:1210,736.84,17.77,2.68,5.1,0.0
20181213:1310,669.73,15.5,2.81,5.17,0.0
20181213:1410,500.06,11.0,2.53,5.1,0.0
20181213:1510,17.17,4.66,2.16,5.17,0.0
20181213:1610,0.0,0.0,1.76,4.76,0.0
20181213:1710,0.0,0.0,1.39,4.55,0.0
20181213:1810,0.0,0.0,1.17,4.48,0.0
20181213:1910,0.0,0.0,0.64,4.0,0.0
20181213:2010,0.0,0.0,-0.12,3.66,0.0
20181213:2110,0.0,0.0,-0.75,3.31,0.0
20181213:2210,0.0,0.0,-1.29,3.1,0.0
20181213:2310,0.0,0.0,-1.72,2.9,0.0
20181214:0010,0.0,0.0,-2.11,2.69,0.0
20181214:0110,0.0,0.0,-2.44,2.62,0.0
20181214:0210,0.0,0.0,-2.68,2.76,0.0
20181214:0310,0.0,0.0,-2.83,2.76,0.0
20181214:0410,0.0,0.0,-3.01,2.55,0.0
20181214:0510,0.0,0.0,-3.2,2.48,0.0
20181214:0610,0.0,0.0,-3.33,2.55,0.0
20181214:0710,0.0,0.0,-3.3,2.41,0.0
20181214:0810,223.86,3.52,-3.37,2.41,0.0
20181214:0910,501.27,10.1,-2.21,2.28,0.0
20181214:1010,674.79,14.9,-0.6,2.55,0.0
20181214:1110,779.18,17.52,0.67,2.69,0.0
20181214:1210,767.09,17.72,1.57,2.41,0.0
20181214:1310,362.12,15.46,2.08,1.79,0.0
20181214:1410,124.98,10.98,2.19,1.86,0.0
20181214:1510,24.04,4.66,1.78,1.52,0.0
20181214:1610,0.0,0.0,0.62,1.86,0.0
20181214:1710,0.0,0.0,-0.78,2.14,0.0
20181214:1810,0.0,0.0,-1.81,2.28,0.0
20181214:1910,0.0,0.0,-1.47,1.72,0.0
20181214:2010,0.0,0.0,-1.71,1.31,0.0
20181214:2110,0.0,0.0,-1.32,1.03,0.0
20181214:2210,0.0,0.0,-1.12,0.9,0.0
20181214:2310,0.0,0.0,-0.93,0.76,0.0
20181215:0010,0.0,0.0,-2.38,1.31,0.0
20181215:0110,0.0,0.0,-3.27,1.59,0.0
20181215:0210,0.0,0.0,-3.09,1.45,0.0
20181215:0310,0.0,0.0,-3.61,1.86,0.0
20181215:0410,0.0,0.0,-3.58,2.14,0.0
20181215:0510,0.0,0.0,-3.72,2.14,0.0
20181215:0610,0.0,0.0,-3.43,2.21,0.0
20181215:0710,0.0,0.0,-2.23,2.76,0.0
20181215:0810,60.44,3.42,-1.68,2.76,0.0
20181215:0910,109.49,10.0,-0.91,2.69,0.0
20181215:1010,112.02,14.81,0.15,3.45,0.0
20181215:1110,121.79,17.45,0.99,4.07,0.0
20181215:1210,104.54,17.67,1.27,4.07,0.0
20181215:1310,91.18,15.43,1.62,4.34,0.0
20181215:1410,184.33,10.97,1.59,4.62,0.0
20181215:1510,22.33,4.66,1.38,4.83,0.0
20181215:1610,0.0,0.0,1.4,5.1,0.0
20181215:1710,0.0,0.0,1.51,5.31,0.0
20181215:1810,0.0,0.0,1.65,5.45,0.0
20181215:1910,0.0,0.0,1.55,5.72,0.0
20181215:2010,0.0,0.0,1.89,5.79,0.0
20181215:2110,0.0,0.0,2.43,5.17,0.0
20181215:2210,0.0,0.0,3.01,4.07,0.0
20181215:2310,0.0,0.0,3.62,2.9,0.0
20181216:0010,0.0,0.0,4.41,2.28,0.0
20181216:0110,0.0,0.0,5.34,2.34,0.0
20181216:0210,0.0,0.0,5.36,2.55,0.0
20181216:0310,0.0,0.0,5.11,2.83,0.0
20181216:0410,0.0,0.0,4.82,2.97,0.0
20181216:0510,0.0,0.0,4.75,3.31,0.0
20181216:0610,0.0,0.0,4.65,3.17,0.0
20181216:0710,0.0,0.0,4.95,2.9,0.0
20181216:0810,23.14,3.32,5.05,2.55,0.0
20181216:0910,68.06,9.92,5.24,2.48,0.0
20181216:1010,88.61,14.74,5.46,3.17,0.0
20181216:1110,74.29,17.39,5.77,4.0,0.0
20181216:1210,91.21,17.63,6.06,4.14,0.0
20181216:1310,48.61,15.41,6.5,3.86,0.0
20181216:1410,42.19,10.97,6.63,3.38,0.0
20181216:1510,21.47,4.67,6.58,2.83,0.0
20181216:1610,0.0,0.0,6.55,2.69,0.0
20181216:1710,0.0,0.0,6.62,3.1,0.0
20181216:1810,0.0,0.0,6.74,3.24,0.0
20181216:1910,0.0,0.0,7.21,3.45,0.0
20181216:2010,0.0,0.0,7.33,3.38,0.0
20181216:2110,0.0,0.0,7.34,3.31,0.0
20181216:2210,0.0,0.0,7.33,3.38,0.0
20181216:2310,0.0,0.0,7.19,3.38,0.0
20181217:0010,0.0,0.0,6.95,3.1,0.0
20181217:0110,0.0,0.0,6.46,3.03,0.0
20181217:0210,0.0,0.0,5.76,3.24,0.0
20181217:0310,0.0,0.0,5.04,3.31,0.0
20181217:0410,0.0,0.0,4.4,3.52,0.0
20181217:0510,0.0,0.0,4.24,3.59,0.0
20181217:0610,0.0,0.0,4.22,3.59,0.0
20181217:0710,0.0,0.0,4.43,3.59,0.0
20181217:0810,146.33,3.23,3.99,3.24,0.0
20181217:0910,453.88,9.83,4.39,3.03,0.0
20181217:1010,615.88,14.67,5.57,2.9,0.0
20181217:1110,689.43,17.34,6.85,3.59,0.0
20181217:1210,665.91,17.59,8.05,4.55,0.0
20181217:1310,578.81,15.4,8.7,4.14,0.0
20181217:1410,362.27,10.97,8.69,2.76,0.0
20181217:1510,24.04,4.69,8.16,2.28,0.0
20181217:1610,0.0,0.0,6.76,2.55,0.0
20181217:1710,0.0,0.0,5.8,2.76,0.0
20181217:1810,0.0,0.0,5.33,2.97,0.0
20181217:1910,0.0,0.0,5.54,3.03,0.0
20181217:2010,0.0,0.0,5.77,3.1,0.0
20181217:2110,0.0,0.0,5.97,3.17,0.0
20181217:2210,0.0,0.0,6.18,3.24,0.0
20181217:2310,0.0,0.0,6.13,3.38,0.0
20181218:0010,0.0,0.0,6.07,3.31,0.0
20181218:0110,0.0,0.0,5.64,3.17,0.0
20181218:0210,0.0,0.0,5.25,3.17,0.0
20181218:0310,0.0,0.0,4.99,3.31,0.0
20181218:0410,0.0,0.0,4.97,3.38,0.0
20181218:0510,0.0,0.0,4.96,3.38,0.0
20181218:0610,0.0,0.0,5.12,3.52,0.0
20181218:0710,0.0,0.0,4.12,3.45,0.0
20181218:0810,52.36,3.15,4.02,3.79,0.0
20181218:0910,398.57,9.76,4.97,4.41,0.0
20181218:1010,537.92,14.61,6.39,4.97,0.0
20181218:1110,514.71,17.3,7.69,4.41,0.0
20181218:1210,276.77,17.57,8.42,4.62,0.0
20181218:1310,431.07,15.39,8.85,4.62,0.0
20181218:1410,101.24,10.98,9.17,5.1,0.0
20181218:1510,22.33,4.72,8.75,4.62,0.0
20181218:1610,0.0,0.0,8.01,4.41,0.0
20181218:1710,0.0,0.0,7.64,4.34,0.0
20181218:1810,0.0,0.0,7.33,4.28,0.0
20181218:1910,0.0,0.0,7.18,4.21,0.0
20181218:2010,0.0,0.0,7.8,4.69,0.0
20181218:2110,0.0,0.0,8.55,5.31,0.0
20181218:2210,0.0,0.0,8.24,5.45,0.0
20181218:2310,0.0,0.0,8.21,5.79,0.0
20181219:0010,0.0,0.0,8.64,5.66,0.0
20181219:0110,0.0,0.0,8.7,5.24,0.0
20181219:0210,0.0,0.0,8.53,4.97,0.0
20181219:0310,0.0,0.0,8.01,4.83,0.0
20181219:0410,0.0,0.0,7.59,4.76,0.0
20181219:0510,0.0,0.0,7.58,4.83,0.0
20181219:0610,0.0,0.0,7.76,5.03,0.0
20181219:0710,0.0,0.0,8.65,5.24,0.0
20181219:0810,2.75,3.07,8.75,5.17,0.0
20181219:0910,102.11,9.69,8.89,5.59,0.0
20181219:1010,345.47,14.55,9.17,5.72,0.0
20181219:1110,260.48,17.26,9.53,5.1,0.0
20181219:1210,133.05,17.55,10.06,4.97,0.0
20181219:1310,109.98,15.39,10.19,4.21,0.0
20181219:1410,287.41,11.0,10.09,4.14,0.0
20181219:1510,24.9,4.75,9.49,3.66,0.0
20181219:1610,0.0,0.0,8.72,3.52,0.0
20181219:1710,0.0,0.0,8.06,3.45,0.0
20181219:1810,0.0,0.0,7.71,3.86,0.0
20181219:1910,0.0,0.0,7.48,3.72,0.0
20181219:2010,0.0,0.0,7.47,3.72,0.0
20181219:2110,0.0,0.0,7.38,3.79,0.0
20181219:2210,0.0,0.0,7.01,4.0,0.0
20181219:2310,0.0,0.0,6.65,4.34,0.0
20181220:0010,0.0,0.0,6.13,4.48,0.0
20181220:0110,0.0,0.0,5.98,4.62,0.0
20181220:0210,0.0,0.0,5.93,4.76,0.0
20181220:0310,0.0,0.0,5.97,4.9,0.0
20181220:0410,0.0,0.0,6.11,4.97,0.0
20181220:0510,0.0,0.0,6.64,5.17,0.0
20181220:0610,0.0,0.0,7.03,5.17,0.0
20181220:0710,0.0,0.0,7.04,5.03,0.0
20181220:0810,22.01,2.99,7.0,4.97,0.0
20181220:0910,422.67,9.63,7.26,4.97,0.0
20181220:1010,500.43,14.51,7.78,4.62,0.0
20181220:1110,421.65,17.23,8.66,5.79,0.0
20181220:1210,524.26,17.54,9.11,5.31,0.0
20181220:1310,337.34,15.4,9.47,4.9,0.0
20181220:1410,135.64,11.03,9.75,4.69,0.0
20181220:1510,22.33,4.79,9.71,4.28,0.0
20181220:1610,0.0,0.0,9.1,4.14,0.0
20181220:1710,0.0,0.0,8.18,4.0,0.0
20181220:1810,0.0,0.0,7.79,4.41,0.0
20181220:1910,0.0,0.0,7.76,4.76,0.0
20181220:2010,0.0,0.0,7.37,4.97,0.0
20181220:2110,0.0,0.0,7.75,5.38,0.0
20181220:2210,0.0,0.0,8.07,5.72,0.0
20181220:2310,0.0,0.0,8.69,6.0,0.0
20181221:0010,0.0,0.0,9.33,6.69,0.0
20181221:0110,0.0,0.0,9.64,7.24,0.0
20181221:0210,0.0,0.0,9.86,7.72,0.0
20181221:0310,0.0,0.0,10.31,7.79,0.0
20181221:0410,0.0,0.0,10.71,8.07,0.0
20181221:0510,0.0,0.0,10.96,8.62,0.0
20181221:0610,0.0,0.0,11.19,9.24,0.0
20181221:0710,0.0,0.0,11.55,8.9,0.0
20181221:0810,8.25,2.93,12.02,8.48,0.0
20181221:0910,39.44,9.57,12.34,8.07,0.0
20181221:1010,124.23,14.47,12.84,7.86,0.0
20181221:1110,134.76,17.21,13.14,7.86,0.0
20181221:1210,236.71,17.54,13.46,8.34,0.0
20181221:1310,125.19,15.42,13.49,7.52,0.0
20181221:1410,95.97,11.06,13.66,7.03,0.0
20181221:1510,24.04,4.84,13.47,6.28,0.0
20181221:1610,0.0,0.0,12.97,5.59,0.0
20181221:1710,0.0,0.0,12.39,4.97,0.0
20181221:1810,0.0,0.0,11.99,4.62,0.0
20181221:1910,0.0,0.0,12.55,5.38,0.0
20181221:2010,0.0,0.0,12.67,5.38,0.0
20181221:2110,0.0,0.0,12.64,6.07,0.0
20181221:2210,0.0,0.0,12.6,6.07,0.0
20181221:2310,0.0,0.0,12.38,6.07,0.0
20181222:0010,0.0,0.0,11.89,5.86,0.0
20181222:0110,0.0,0.0,11.24,6.83,0.0
20181222:0210,0.0,0.0,11.01,6.28,0.0
20181222:0310,0.0,0.0,10.69,6.41,0.0
20181222:0410,0.0,0.0,10.7,6.14,0.0
20181222:0510,0.0,0.0,10.57,5.79,0.0
20181222:0610,0.0,0.0,10.39,5.52,0.0
20181222:0710,0.0,0.0,10.47,5.45,0.0
20181222:0810,10.09,2.87,10.41,5.17,0.0
20181222:0910,247.84,9.53,10.49,5.03,0.0
20181222:1010,447.81,14.43,10.97,5.03,0.0
20181222:1110,319.74,17.19,11.64,4.69,0.0
20181222:1210,262.44,17.54,11.89,4.76,0.0
20181222:1310,87.49,15.44,12.15,4.62,0.0
20181222:1410,22.01,11.1,12.03,4.34,0.0
20181222:1510,11.16,4.89,11.68,4.0,0.0
20181222:1610,0.0,0.0,10.94,3.79,0.0
20181222:1710,0.0,0.0,10.42,3.59,0.0
20181222:1810,0.0,0.0,9.85,3.38,0.0
20181222:1910,0.0,0.0,9.34,3.24,0.0
20181222:2010,0.0,0.0,9.25,3.17,0.0
20181222:2110,0.0,0.0,8.56,2.83,0.0
20181222:2210,0.0,0.0,8.45,2.83,0.0
20181222:2310,0.0,0.0,8.3,2.9,0.0
20181223:0010,0.0,0.0,8.29,2.9,0.0
20181223:0110,0.0,0.0,8.26,2.76,0.0
20181223:0210,0.0,0.0,8.21,2.76,0.0
20181223:0310,0.0,0.0,8.11,2.69,0.0
20181223:0410,0.0,0.0,8.41,2.83,0.0
20181223:0510,0.0,0.0,8.67,3.03,0.0
20181223:0610,0.0,0.0,8.81,3.31,0.0
20181223:0710,0.0,0.0,9.36,3.66,0.0
20181223:0810,2.75,2.82,9.75,4.76,0.0
20181223:0910,56.5,9.49,10.47,5.24,0.0
20181223:1010,54.11,14.41,11.45,5.93,0.0
20181223:1110,107.0,17.19,11.99,6.48,0.0
20181223:1210,108.74,17.55,12.19,6.69,0.0
20181223:1310,95.54,15.47,12.41,6.62,0.0
20181223:1410,44.02,11.15,12.63,6.34,0.0
20181223:1510,19.75,4.95,12.76,5.93,0.0
20181223:1610,0.0,0.0,12.79,5.52,0.0
20181223:1710,0.0,0.0,12.79,5.17,0.0
20181223:1810,0.0,0.0,12.77,4.9,0.0
20181223:1910,0.0,0.0,12.21,5.52,0.0
20181223:2010,0.0,0.0,12.24,5.66,0.0
20181223:2110,0.0,0.0,12.27,5.72,0.0
20181223:2210,0.0,0.0,12.25,5.66,0.0
20181223:2310,0.0,0.0,12.26,5.66,0.0
20181224:0010,0.0,0.0,12.22,5.52,0.0
20181224:0110,0.0,0.0,12.1,5.31,0.0
20181224:0210,0.0,0.0,11.97,4.83,0.0
20181224:0310,0.0,0.0,11.7,3.93,0.0
20181224:0410,0.0,0.0,11.05,3.38,0.0
20181224:0510,0.0,0.0,9.82,3.72,0.0
20181224:0610,0.0,0.0,8.65,3.03,0.0
20181224:0710,0.0,0.0,7.78,2.55,0.0
20181224:0810,21.65,2.77,7.41,2.34,0.0
20181224:0910,71.17,9.45,7.44,1.93,0.0
20181224:1010,85.95,14.39,7.71,1.72,0.0
20181224:1110,153.88,17.19,8.16,2.07,0.0
20181224:1210,76.13,17.58,8.69,2.62,0.0
20181224:1310,266.64,15.51,9.09,2.48,0.0
20181224:1410,140.11,11.2,9.17,2.34,0.0
20181224:1510,24.9,5.02,8.99,2.14,0.0
20181224:1610,0.0,0.0,8.31,1.79,0.0
20181224:1710,0.0,0.0,7.5,1.93,0.0
20181224:1810,0.0,0.0,7.16,2.14,0.0
20181224:1910,0.0,0.0,5.95,2.41,0.0
20181224:2010,0.0,0.0,5.49,2.28,0.0
20181224:2110,0.0,0.0,4.71,2.21,0.0
20181224:2210,0.0,0.0,4.04,2.21,0.0
20181224:2310,0.0,0.0,3.21,2.07,0.0
20181225:0010,0.0,0.0,2.42,1.93,0.0
20181225:0110,0.0,0.0,1.43,1.79,0.0
20181225:0210,0.0,0.0,0.6,1.86,0.0
20181225:0310,0.0,0.0,-0.02,2.0,0.0
20181225:0410,0.0,0.0,-0.52,1.72,0.0
20181225:0510,0.0,0.0,-0.59,1.38,0.0
20181225:0610,0.0,0.0,-0.31,1.31,0.0
20181225:0710,0.0,0.0,-0.27,1.66,0.0
20181225:0810,53.52,2.73,-0.28,1.45,0.0
20181225:0910,475.58,9.43,0.34,1.17,0.0
20181225:1010,633.18,14.38,1.48,1.03,0.0
20181225:1110,736.44,17.2,2.61,0.9,0.0
20181225:1210,735.57,17.6,3.65,0.34,0.0
20181225:1310,628.27,15.56,4.37,0.76,0.0
20181225:1410,516.62,11.26,4.69,1.31,0.0
20181225:1510,24.9,5.09,4.66,1.52,0.0
20181225:1610,0.0,0.0,4.15,1.59,0.0
20181225:1710,0.0,0.0,3.51,1.59,0.0
20181225:1810,0.0,0.0,2.36,1.38,0.0
20181225:1910,0.0,0.0,0.55,1.66,0.0
20181225:2010,0.0,0.0,-0.31,1.66,0.0
20181225:2110,0.0,0.0,-1.18,1.93,0.0
20181225:2210,0.0,0.0,-1.64,1.86,0.0
20181225:2310,0.0,0.0,-1.95,1.72,0.0
20181226:0010,0.0,0.0,-2.27,1.79,0.0
20181226:0110,0.0,0.0,-2.49,1.79,0.0
20181226:0210,0.0,0.0,-2.61,1.66,0.0
20181226:0310,0.0,0.0,-2.59,1.52,0.0
20181226:0410,0.0,0.0,-2.55,1.38,0.0
20181226:0510,0.0,0.0,-2.42,1.24,0.0
20181226:0610,0.0,0.0,-2.73,1.31,0.0
20181226:0710,0.0,0.0,-2.9,1.24,0.0
20181226:0810,102.68,2.7,-2.42,1.17,0.0
20181226:0910,386.26,9.41,-1.69,1.24,0.0
20181226:1010,404.36,14.38,-0.2,1.31,0.0
20181226:1110,490.02,17.21,1.41,1.24,0.0
20181226:1210,732.81,17.64,3.12,1.1,0.0
20181226:1310,533.75,15.61,4.55,0.97,0.0
20181226:1410,474.24,11.33,5.22,1.17,0.0
20181226:1510,22.33,5.17,4.96,1.45,0.0
20181226:1610,0.0,0.0,3.76,2.14,0.0
20181226:1710,0.0,0.0,2.54,2.28,0.0
20181226:1810,0.0,0.0,1.63,2.28,0.0
20181226:1910,0.0,0.0,0.42,2.28,0.0
20181226:2010,0.0,0.0,0.03,2.14,0.0
20181226:2110,0.0,0.0,-0.41,2.0,0.0
20181226:2210,0.0,0.0,-1.03,1.86,0.0
20181226:2310,0.0,0.0,-1.6,1.93,0.0
20181227:0010,0.0,0.0,-1.96,1.93,0.0
20181227:0110,0.0,0.0,-2.14,1.86,0.0
20181227:0210,0.0,0.0,-2.06,1.72,0.0
20181227:0310,0.0,0.0,-2.48,1.79,0.0
20181227:0410,0.0,0.0,-2.78,1.79,0.0
20181227:0510,0.0,0.0,-2.86,1.66,0.0
20181227:0610,0.0,0.0,-2.68,1.38,0.0
20181227:0710,0.0,0.0,-2.86,1.38,0.0
20181227:0810,103.31,2.67,-2.71,1.52,0.0
20181227:0910,211.97,9.39,-1.12,1.31,0.0
20181227:1010,266.42,14.38,0.52,1.38,0.0
20181227:1110,275.03,17.24,1.78,1.31,0.0
20181227:1210,168.5,17.68,2.81,1.24,0.0
20181227:1310,151.97,15.67,3.53,1.1,0.0
20181227:1410,96.06,11.41,3.8,0.76,0.0
20181227:1510,22.33,5.26,3.72,0.62,0.0
20181227:1610,0.0,0.0,2.72,1.03,0.0
20181227:1710,0.0,0.0,1.16,1.52,0.0
20181227:1810,0.0,0.0,0.42,1.72,0.0
20181227:1910,0.0,0.0,-0.53,1.86,0.0
20181227:2010,0.0,0.0,-1.08,1.93,0.0
20181227:2110,0.0,0.0,-1.6,1.79,0.0
20181227:2210,0.0,0.0,-1.82,1.66,0.0
20181227:2310,0.0,0.0,-1.94,1.59,0.0
20181228:0010,0.0,0.0,-2.09,1.52,0.0
20181228:0110,0.0,0.0,-2.45,1.59,0.0
20181228:0210,0.0,0.0,-2.44,1.38,0.0
20181228:0310,0.0,0.0,-2.27,1.38,0.0
20181228:0410,0.0,0.0,-2.11,1.45,0.0
20181228:0510,0.0,0.0,-2.06,1.38,0.0
20181228:0610,0.0,0.0,-1.42,1.1,0.0
20181228:0710,0.0,0.0,-2.38,1.1,0.0
20181228:0810,10.09,2.65,-2.55,1.31,0.0
20181228:0910,79.63,9.39,-2.45,1.45,0.0
20181228:1010,75.01,14.4,-1.96,1.66,0.0
20181228:1110,110.67,17.27,-1.39,1.52,0.0
20181228:1210,146.06,17.73,-0.73,1.1,0.0
20181228:1310,194.02,15.74,-0.35,0.83,0.0
20181228:1410,126.43,11.49,-0.04,0.76,0.0
20181228:1510,24.04,5.35,-0.02,1.03,0.0
20181228:1610,0.0,0.0,-0.04,1.17,0.0
20181228:1710,0.0,0.0,0.0,0.62,0.0
20181228:1810,0.0,0.0,0.08,0.14,0.0
20181228:1910,0.0,0.0,-0.29,0.69,0.0
20181228:2010,0.0,0.0,-0.45,0.9,0.0
20181228:2110,0.0,0.0,-0.5,0.69,0.0
20181228:2210,0.0,0.0,-0.38,0.69,0.0
20181228:2310,0.0,0.0,-0.32,0.76,0.0
20181229:0010,0.0,0.0,-0.22,0.83,0.0
20181229:0110,0.0,0.0,-0.13,0.9,0.0
20181229:0210,0.0,0.0,0.06,0.97,0.0
20181229:0310,0.0,0.0,0.07,0.97,0.0
20181229:0410,0.0,0.0,0.12,1.03,0.0
20181229:0510,0.0,0.0,0.27,1.1,0.0
20181229:0610,0.0,0.0,0.37,1.17,0.0
20181229:0710,0.0,0.0,0.68,1.24,0.0
20181229:0810,3.67,2.64,0.95,1.59,0.0
20181229:0910,49.32,9.39,1.42,1.86,0.0
20181229:1010,47.69,14.42,2.13,2.14,0.0
20181229:1110,42.19,17.31,3.31,2.34,0.0
20181229:1210,139.83,17.79,4.16,2.48,0.0
20181229:1310,124.05,15.82,4.98,2.69,0.0
20181229:1410,76.08,11.58,5.48,2.62,0.0
20181229:1510,7.73,5.45,5.4,2.48,0.0
20181229:1610,0.0,0.0,5.48,2.69,0.0
20181229:1710,0.0,0.0,5.61,2.97,0.0
20181229:1810,0.0,0.0,5.89,3.1,0.0
20181229:1910,0.0,0.0,5.86,3.03,0.0
20181229:2010,0.0,0.0,6.18,2.97,0.0
20181229:2110,0.0,0.0,6.54,2.9,0.0
20181229:2210,0.0,0.0,6.87,2.62,0.0
20181229:2310,0.0,0.0,7.19,2.34,0.0
20181230:0010,0.0,0.0,7.38,2.21,0.0
20181230:0110,0.0,0.0,7.62,2.14,0.0
20181230:0210,0.0,0.0,7.71,2.0,0.0
20181230:0310,0.0,0.0,7.63,1.93,0.0
20181230:0410,0.0,0.0,7.49,1.86,0.0
20181230:0510,0.0,0.0,7.19,1.66,0.0
20181230:0610,0.0,0.0,6.95,1.24,0.0
20181230:0710,0.0,0.0,6.78,0.9,0.0
20181230:0810,32.07,2.63,6.64,0.69,0.0
20181230:0910,216.47,9.4,6.8,1.17,0.0
20181230:1010,41.27,14.44,7.62,1.52,0.0
20181230:1110,40.36,17.36,7.87,1.72,0.0
20181230:1210,61.45,17.86,8.37,1.86,0.0
20181230:1310,44.02,15.9,8.92,1.86,0.0
20181230:1410,38.52,11.68,9.08,1.52,0.0
20181230:1510,30.91,5.55,8.99,1.31,0.0
20181230:1610,0.0,0.0,8.68,1.31,0.0
20181230:1710,0.0,0.0,8.07,1.72,0.0
20181230:1810,0.0,0.0,7.96,1.66,0.0
20181230:1910,0.0,0.0,7.6,1.72,0.0
20181230:2010,0.0,0.0,7.77,1.86,0.0
20181230:2110,0.0,0.0,8.0,2.0,0.0
20181230:2210,0.0,0.0,8.15,1.93,0.0
20181230:2310,0.0,0.0,8.31,2.0,0.0
20181231:0010,0.0,0.0,8.43,2.07,0.0
20181231:0110,0.0,0.0,8.34,1.86,0.0
20181231:0210,0.0,0.0,8.28,1.79,0.0
20181231:0310,0.0,0.0,8.22,1.86,0.0
20181231:0410,0.0,0.0,8.13,1.86,0.0
20181231:0510,0.0,0.0,8.07,1.79,0.0
20181231:0610,0.0,0.0,8.03,1.72,0.0
20181231:0710,0.0,0.0,7.69,1.45,0.0
20181231:0810,3.67,2.63,7.59,1.45,0.0
20181231:0910,53.02,9.42,7.68,1.45,0.0
20181231:1010,54.11,14.48,8.23,1.79,0.0
20181231:1110,36.69,17.41,8.63,2.14,0.0
20181231:1210,103.54,17.93,8.89,1.93,0.0
20181231:1310,55.03,15.99,9.09,1.79,0.0
20181231:1410,68.26,11.78,9.07,1.38,0.0
20181231:1510,22.33,5.67,8.9,1.17,0.0
20181231:1610,0.0,0.0,8.56,1.24,0.0
20181231:1710,0.0,0.0,8.18,1.38,0.0
20181231:1810,0.0,0.0,7.96,1.45,0.0
20181231:1910,0.0,0.0,7.87,1.24,0.0
20181231:2010,0.0,0.0,7.66,1.31,0.0
20181231:2110,0.0,0.0,7.56,1.31,0.0
20181231:2210,0.0,0.0,7.41,1.38,0.0
20181231:2310,0.0,0.0,7.31,1.59,0.0
20190101:0010,0.0,0.0,7.09,1.79,0.0
20190101:0110,0.0,0.0,6.95,2.0,0.0
20190101:0210,0.0,0.0,6.75,2.0,0.0
20190101:0310,0.0,0.0,6.58,1.72,0.0
20190101:0410,0.0,0.0,6.33,1.59,0.0
20190101:0510,0.0,0.0,6.18,1.66,0.0
20190101:0610,0.0,0.0,6.15,1.86,0.0
20190101:0710,0.0,0.0,6.38,1.86,0.0
20190101:0810,3.67,2.64,6.58,1.93,0.0
20190101:0910,34.85,9.45,6.93,2.07,0.0
20190101:1010,49.53,14.53,7.59,2.07,0.0
20190101:1110,45.86,17.49,7.94,3.17,0.0
20190101:1210,43.11,18.04,8.09,3.45,0.0
20190101:1310,68.79,16.11,8.4,3.66,0.0
20190101:1410,48.61,11.92,8.46,2.97,0.0
20190101:1510,30.65,5.81,8.51,2.69,0.0
20190101:1610,0.0,0.0,8.03,2.48,0.0
20190101:1710,0.0,0.0,8.03,2.55,0.0
20190101:1810,0.0,0.0,8.07,2.62,0.0
20190101:1910,0.0,0.0,7.8,2.62,0.0
20190101:2010,0.0,0.0,7.74,2.62,0.0
20190101:2110,0.0,0.0,7.67,2.69,0.0
20190101:2210,0.0,0.0,7.79,3.17,0.0
20190101:2310,0.0,0.0,7.63,3.59,0.0
20190102:0010,0.0,0.0,7.23,3.72,0.0
20190102:0110,0.0,0.0,6.77,3.52,0.0
20190102:0210,0.0,0.0,6.26,3.38,0.0
20190102:0310,0.0,0.0,5.88,3.24,0.0
20190102:0410,0.0,0.0,5.68,3.17,0.0
20190102:0510,0.0,0.0,5.49,3.03,0.0
20190102:0610,0.0,0.0,5.16,2.76,0.0
20190102:0710,0.0,0.0,3.59,2.41,0.0
20190102:0810,9.17,2.66,3.31,2.28,0.0
20190102:0910,132.88,9.48,3.68,2.14,0.0
20190102:1010,155.11,14.58,4.84,2.48,0.0
20190102:1110,207.59,17.56,5.91,3.03,0.0
20190102:1210,211.1,18.13,6.65,3.31,0.0
20190102:1310,328.43,16.22,7.0,3.93,0.0
20190102:1410,112.53,12.03,7.02,4.0,0.0
20190102:1510,70.27,5.94,6.75,2.97,0.0
20190102:1610,0.0,0.0,5.99,2.41,0.0
20190102:1710,0.0,0.0,5.11,2.28,0.0
20190102:1810,0.0,0.0,4.31,2.41,0.0
20190102:1910,0.0,0.0,4.42,2.76,0.0
20190102:2010,0.0,0.0,3.99,2.76,0.0
20190102:2110,0.0,0.0,3.06,2.55,0.0
20190102:2210,0.0,0.0,2.37,2.48,0.0
20190102:2310,0.0,0.0,1.8,2.34,0.0
20190103:0010,0.0,0.0,1.27,2.34,0.0
20190103:0110,0.0,0.0,0.87,2.28,0.0
20190103:0210,0.0,0.0,0.57,2.28,0.0
20190103:0310,0.0,0.0,0.25,2.21,0.0
20190103:0410,0.0,0.0,0.21,2.07,0.0
20190103:0510,0.0,0.0,-0.05,2.0,0.0
20190103:0610,0.0,0.0,-0.29,1.93,0.0
20190103:0710,0.0,0.0,-0.21,1.93,0.0
20190103:0810,10.09,2.68,-0.37,2.0,0.0
20190103:0910,168.89,9.52,0.58,1.66,0.0
20190103:1010,146.66,14.64,3.23,1.79,0.0
20190103:1110,236.97,17.64,4.33,2.0,0.0
20190103:1210,218.27,18.22,5.24,2.34,0.0
20190103:1310,222.68,16.33,5.78,3.17,0.0
20190103:1410,128.98,12.16,5.97,3.1,0.0
20190103:1510,89.57,6.07,5.62,2.55,0.0
20190103:1610,0.0,0.0,4.69,2.34,0.0
20190103:1710,0.0,0.0,4.11,2.34,0.0
20190103:1810,0.0,0.0,3.33,2.41,0.0
20190103:1910,0.0,0.0,3.22,2.34,0.0
20190103:2010,0.0,0.0,3.0,2.28,0.0
20190103:2110,0.0,0.0,2.47,2.28,0.0
20190103:2210,0.0,0.0,1.63,2.34,0.0
20190103:2310,0.0,0.0,0.94,2.34,0.0
20190104:0010,0.0,0.0,0.38,2.28,0.0
20190104:0110,0.0,0.0,-0.14,2.28,0.0
20190104:0210,0.0,0.0,-0.55,2.21,0.0
20190104:0310,0.0,0.0,-0.96,2.14,0.0
20190104:0410,0.0,0.0,-1.37,2.07,0.0
20190104:0510,0.0,0.0,-1.71,2.14,0.0
20190104:0610,0.0,0.0,-1.65,2.21,0.0
20190104:0710,0.0,0.0,-1.11,2.21,0.0
20190104:0810,21.6,2.71,-1.34,2.14,0.0
20190104:0910,234.63,9.56,-0.2,1.93,0.0
20190104:1010,218.43,14.71,2.28,2.07,0.0
20190104:1110,215.49,17.73,3.92,2.41,0.0
20190104:1210,59.62,18.33,4.67,2.21,0.0
20190104:1310,358.44,16.45,5.29,2.41,0.0
20190104:1410,21.1,12.29,5.54,2.62,0.0
20190104:1510,11.01,6.21,5.29,2.07,0.0
20190104:1610,0.0,0.0,4.81,1.66,0.0
20190104:1710,0.0,0.0,4.08,1.66,0.0
20190104:1810,0.0,0.0,3.7,1.79,0.0
20190104:1910,0.0,0.0,3.07,1.93,0.0
20190104:2010,0.0,0.0,2.74,2.14,0.0
20190104:2110,0.0,0.0,2.32,2.48,0.0
20190104:2210,0.0,0.0,1.78,2.48,0.0
20190104:2310,0.0,0.0,1.13,2.21,0.0
20190105:0010,0.0,0.0,0.46,2.0,0.0
20190105:0110,0.0,0.0,0.16,2.0,0.0
20190105:0210,0.0,0.0,0.04,2.14,0.0
20190105:0310,0.0,0.0,-0.16,2.21,0.0
20190105:0410,0.0,0.0,0.43,2.14,0.0
20190105:0510,0.0,0.0,0.36,2.21,0.0
20190105:0610,0.0,0.0,0.6,2.28,0.0
20190105:0710,0.0,0.0,1.56,2.55,0.0
20190105:0810,4.59,2.75,1.68,2.41,0.0
20190105:0910,40.36,9.62,2.71,2.21,0.0
20190105:1010,54.11,14.78,3.38,2.34,0.0
20190105:1110,41.27,17.82,4.09,2.69,0.0
20190105:1210,117.61,18.44,5.14,3.31,0.0
20190105:1310,137.33,16.58,5.66,3.66,0.0
20190105:1410,94.25,12.43,5.86,3.66,0.0
20190105:1510,10.09,6.35,5.66,3.1,0.0
20190105:1610,0.0,0.0,5.13,2.69,0.0
20190105:1710,0.0,0.0,4.65,2.55,0.0
20190105:1810,0.0,0.0,4.44,2.55,0.0
20190105:1910,0.0,0.0,4.22,2.76,0.0
20190105:2010,0.0,0.0,3.84,2.69,0.0
20190105:2110,0.0,0.0,3.31,2.41,0.0
20190105:2210,0.0,0.0,3.16,2.14,0.0
20190105:2310,0.0,0.0,2.83,2.0,0.0
20190106:0010,0.0,0.0,2.73,2.0,0.0
20190106:0110,0.0,0.0,2.6,2.07,0.0
20190106:0210,0.0,0.0,2.6,1.93,0.0
20190106:0310,0.0,0.0,2.45,1.66,0.0
20190106:0410,0.0,0.0,2.14,1.59,0.0
20190106:0510,0.0,0.0,2.06,1.59,0.0
20190106:0610,0.0,0.0,2.06,1.66,0.0
20190106:0710,0.0,0.0,2.14,1.72,0.0
20190106:0810,1.83,2.79,2.38,1.72,0.0
20190106:0910,25.68,9.68,2.43,1.45,0.0
20190106:1010,41.27,14.86,3.41,1.59,0.0
20190106:1110,50.44,17.92,4.45,1.93,0.0
20190106:1210,50.44,18.56,5.18,2.14,0.0
20190106:1310,72.46,16.72,5.49,1.86,0.0
20190106:1410,39.44,12.57,5.94,1.59,0.0
20190106:1510,28.43,6.5,6.01,1.1,0.0
20190106:1610,0.0,0.0,5.52,1.31,0.0
20190106:1710,0.0,0.0,4.94,1.52,0.0
20190106:1810,0.0,0.0,4.69,1.52,0.0
20190106:1910,0.0,0.0,4.5,1.79,0.0
20190106:2010,0.0,0.0,3.99,1.93,0.0
20190106:2110,0.0,0.0,3.79,1.79,0.0
20190106:2210,0.0,0.0,3.84,1.72,0.0
20190106:2310,0.0,0.0,4.12,1.72,0.0
20190107:0010,0.0,0.0,4.27,1.86,0.0
20190107:0110,0.0,0.0,4.52,1.79,0.0
20190107:0210,0.0,0.0,4.37,1.86,0.0
20190107:0310,0.0,0.0,4.29,2.0,0.0
20190107:0410,0.0,0.0,4.23,1.93,0.0
20190107:0510,0.0,0.0,3.8,1.72,0.0
20190107:0610,0.0,0.0,3.15,1.59,0.0
20190107:0710,0.0,0.0,2.65,1.52,0.0
20190107:0810,4.59,2.84,2.73,1.38,0.0
20190107:0910,43.11,9.75,3.42,1.03,0.0
20190107:1010,108.04,14.95,5.23,1.1,0.0
20190107:1110,150.36,18.03,5.77,1.38,0.0
20190107:1210,63.29,18.69,6.19,1.59,0.0
20190107:1310,60.53,16.86,6.64,1.86,0.0
20190107:1410,44.94,12.72,6.81,2.14,0.0
20190107:1510,21.1,6.66,6.98,2.07,0.0
20190107:1610,0.0,0.0,6.97,2.28,0.0
20190107:1710,0.0,0.0,6.92,2.55,0.0
20190107:1810,0.0,0.0,7.12,2.76,0.0
20190107:1910,0.0,0.0,6.68,3.17,0.0
20190107:2010,0.0,0.0,6.85,3.52,0.0
20190107:2110,0.0,0.0,7.08,3.93,0.0
20190107:2210,0.0,0.0,7.27,4.14,0.0
20190107:2310,0.0,0.0,7.49,4.41,0.0
20190108:0010,0.0,0.0,7.75,4.55,0.0
20190108:0110,0.0,0.0,8.06,4.62,0.0
20190108:0210,0.0,0.0,8.18,4.69,0.0
20190108:0310,0.0,0.0,8.23,4.69,0.0
20190108:0410,0.0,0.0,8.32,4.55,0.0
20190108:0510,0.0,0.0,8.44,4.55,0.0
20190108:0610,0.0,0.0,8.42,4.62,0.0
20190108:0710,0.0,0.0,8.26,4.55,0.0
20190108:0810,69.45,2.9,7.76,4.21,0.0
20190108:0910,193.55,9.82,7.47,4.21,0.0
20190108:1010,559.45,15.05,7.55,4.34,0.0
20190108:1110,423.38,18.15,7.82,4.62,0.0
20190108:1210,229.32,18.83,8.01,5.1,0.0
20190108:1310,444.94,17.01,8.15,4.97,0.0
20190108:1410,187.62,12.88,8.27,4.62,0.0
20190108:1510,51.71,6.82,7.9,4.21,0.0
20190108:1610,0.0,0.0,7.1,4.07,0.0
20190108:1710,0.0,0.0,6.14,3.93,0.0
20190108:1810,0.0,0.0,5.92,4.0,0.0
20190108:1910,0.0,0.0,6.12,3.79,0.0
20190108:2010,0.0,0.0,5.33,3.45,0.0
20190108:2110,0.0,0.0,5.11,3.31,0.0
20190108:2210,0.0,0.0,4.55,3.17,0.0
20190108:2310,0.0,0.0,4.36,3.31,0.0
20190109:0010,0.0,0.0,4.09,3.45,0.0
20190109:0110,0.0,0.0,3.97,3.66,0.0
20190109:0210,0.0,0.0,3.9,3.86,0.0
20190109:0310,0.0,0.0,3.55,4.0,0.0
20190109:0410,0.0,0.0,3.62,4.21,0.0
20190109:0510,0.0,0.0,3.46,4.41,0.0
20190109:0610,0.0,0.0,3.39,4.55,0.0
20190109:0710,0.0,0.0,3.91,4.9,0.0
20190109:0810,19.76,2.96,3.82,4.83,0.0
20190109:0910,263.33,9.9,4.19,4.55,0.0
20190109:1010,200.47,15.15,4.67,5.1,0.0
20190109:1110,120.69,18.27,5.3,6.69,0.0
20190109:1210,150.92,18.97,5.55,6.48,0.0
20190109:1310,163.35,17.16,5.91,5.79,0.0
20190109:1410,431.97,13.04,5.8,5.45,0.0
20190109:1510,23.85,6.99,5.43,4.55,0.0
20190109:1610,0.0,0.0,4.76,4.28,0.0
20190109:1710,0.0,0.0,4.0,4.21,0.0
20190109:1810,0.0,0.0,3.58,4.21,0.0
20190109:1910,0.0,0.0,3.12,4.21,0.0
20190109:2010,0.0,0.0,2.9,4.07,0.0
20190109:2110,0.0,0.0,2.54,3.79,0.0
20190109:2210,0.0,0.0,2.05,3.72,0.0
20190109:2310,0.0,0.0,1.88,3.72,0.0
20190110:0010,0.0,0.0,1.65,3.59,0.0
20190110:0110,0.0,0.0,1.27,3.38,0.0
20190110:0210,0.0,0.0,1.13,3.31,0.0
20190110:0310,0.0,0.0,0.95,3.24,0.0
20190110:0410,0.0,0.0,0.73,3.1,0.0
20190110:0510,0.0,0.0,0.55,2.9,0.0
20190110:0610,0.0,0.0,0.26,2.83,0.0
20190110:0710,0.0,0.0,-0.53,2.83,0.0
20190110:0810,119.14,3.03,-0.76,2.76,0.0
20190110:0910,226.68,9.99,0.12,2.48,0.0
20190110:1010,89.19,15.26,1.67,2.83,0.0
20190110:1110,195.12,18.4,2.82,3.52,0.0
20190110:1210,248.95,19.12,3.29,3.72,0.0
20190110:1310,279.43,17.32,3.86,3.86,0.0
20190110:1410,157.7,13.21,4.09,3.72,0.0
20190110:1510,96.47,7.16,4.02,3.59,0.0
20190110:1610,0.0,0.0,3.01,2.55,0.0
20190110:1710,0.0,0.0,1.99,2.41,0.0
20190110:1810,0.0,0.0,1.53,2.34,0.0
20190110:1910,0.0,0.0,1.99,1.79,0.0
20190110:2010,0.0,0.0,1.37,1.66,0.0
20190110:2110,0.0,0.0,1.04,1.38,0.0
20190110:2210,0.0,0.0,1.54,0.97,0.0
20190110:2310,0.0,0.0,2.41,0.48,0.0
20190111:0010,0.0,0.0,2.51,0.21,0.0
20190111:0110,0.0,0.0,2.19,0.55,0.0
20190111:0210,0.0,0.0,2.03,0.83,0.0
20190111:0310,0.0,0.0,2.28,0.9,0.0
20190111:0410,0.0,0.0,2.52,0.97,0.0
20190111:0510,0.0,0.0,2.69,1.17,0.0
20190111:0610,0.0,0.0,2.86,1.38,0.0
20190111:0710,0.0,0.0,2.7,1.59,0.0
20190111:0810,48.61,3.11,2.91,1.66,0.0
20190111:0910,135.26,10.09,3.36,1.79,0.0
20190111:1010,47.69,15.38,3.89,1.86,0.0
20190111:1110,139.19,18.54,4.48,2.0,0.0
20190111:1210,81.63,19.27,5.11,2.28,0.0
20190111:1310,158.34,17.49,5.85,2.62,0.0
20190111:1410,258.34,13.39,6.61,2.83,0.0
20190111:1510,22.93,7.33,6.98,2.76,0.0
20190111:1610,0.0,0.0,6.87,2.83,0.0
20190111:1710,0.0,0.0,6.1,2.76,0.0
20190111:1810,0.0,0.0,6.0,2.62,0.0
20190111:1910,0.0,0.0,6.02,2.62,0.0
20190111:2010,0.0,0.0,5.64,2.48,0.0
20190111:2110,0.0,0.0,5.13,2.34,0.0
20190111:2210,0.0,0.0,4.65,2.14,0.0
20190111:2310,0.0,0.0,4.12,2.0,0.0
20190112:0010,0.0,0.0,3.83,2.0,0.0
20190112:0110,0.0,0.0,3.49,2.14,0.0
20190112:0210,0.0,0.0,3.52,2.28,0.0
20190112:0310,0.0,0.0,3.86,2.34,0.0
20190112:0410,0.0,0.0,4.13,2.48,0.0
20190112:0510,0.0,0.0,4.34,2.62,0.0
20190112:0610,0.0,0.0,4.58,2.76,0.0
20190112:0710,0.0,0.0,4.72,2.62,0.0
20190112:0810,20.06,3.19,4.83,2.69,0.0
20190112:0910,53.54,10.19,5.33,3.03,0.0
20190112:1010,30.27,15.5,6.14,3.38,0.0
20190112:1110,320.66,18.69,6.78,3.79,0.0
20190112:1210,90.8,19.44,7.3,4.0,0.0
20190112:1310,58.7,17.67,8.15,5.45,0.0
20190112:1410,44.94,13.57,8.19,4.48,0.0
20190112:1510,22.01,7.52,8.18,4.62,0.0
20190112:1610,0.0,0.0,8.14,4.62,0.0
20190112:1710,0.0,0.0,8.28,4.55,0.0
20190112:1810,0.0,0.0,8.42,4.48,0.0
20190112:1910,0.0,0.0,8.18,4.48,0.0
20190112:2010,0.0,0.0,8.36,4.48,0.0
20190112:2110,0.0,0.0,8.41,4.41,0.0
20190112:2210,0.0,0.0,8.26,4.34,0.0
20190112:2310,0.0,0.0,8.1,4.48,0.0
20190113:0010,0.0,0.0,8.01,4.83,0.0
20190113:0110,0.0,0.0,8.0,5.1,0.0
20190113:0210,0.0,0.0,8.19,5.24,0.0
20190113:0310,0.0,0.0,8.4,5.31,0.0
20190113:0410,0.0,0.0,8.59,5.38,0.0
20190113:0510,0.0,0.0,8.72,5.17,0.0
20190113:0610,0.0,0.0,8.8,5.03,0.0
20190113:0710,0.0,0.0,8.83,4.97,0.0
20190113:0810,11.92,3.28,8.94,4.97,0.0
20190113:0910,44.94,10.3,9.17,5.24,0.0
20190113:1010,109.13,15.63,9.62,5.72,0.0
20190113:1110,47.69,18.84,9.96,6.28,0.0
20190113:1210,204.27,19.61,10.21,6.41,0.0
20190113:1310,158.53,17.85,10.19,6.34,0.0
20190113:1410,232.45,13.76,10.08,6.28,0.0
20190113:1510,89.95,7.7,9.87,6.14,0.0
20190113:1610,0.0,0.0,9.65,6.0,0.0
20190113:1710,0.0,0.0,9.48,6.0,0.0
20190113:1810,0.0,0.0,9.41,6.0,0.0
20190113:1910,0.0,0.0,9.36,6.0,0.0
20190113:2010,0.0,0.0,9.49,5.72,0.0
20190113:2110,0.0,0.0,9.55,5.66,0.0
20190113:2210,0.0,0.0,9.54,5.66,0.0
20190113:2310,0.0,0.0,9.46,5.59,0.0
20190114:0010,0.0,0.0,9.3,5.52,0.0
20190114:0110,0.0,0.0,9.19,5.79,0.0
20190114:0210,0.0,0.0,8.76,5.52,0.0
20190114:0310,0.0,0.0,8.32,4.9,0.0
20190114:0410,0.0,0.0,7.96,4.55,0.0
20190114:0510,0.0,0.0,7.39,4.48,0.0
20190114:0610,0.0,0.0,7.02,4.34,0.0
20190114:0710,0.0,0.0,6.74,4.0,0.0
20190114:0810,20.55,3.38,6.56,3.86,0.0
20190114:0910,98.85,10.42,7.02,3.79,0.0
20190114:1010,243.6,15.77,7.52,3.59,0.0
20190114:1110,196.09,19.0,8.03,4.83,0.0
20190114:1210,122.6,19.78,8.39,4.9,0.0
20190114:1310,107.0,18.04,8.75,4.76,0.0
20190114:1410,101.8,13.95,8.84,3.93,0.0
20190114:1510,58.26,7.9,8.52,3.17,0.0
20190114:1610,0.0,0.0,8.01,2.9,0.0
20190114:1710,0.0,0.0,6.9,2.9,0.0
20190114:1810,0.0,0.0,6.71,2.97,0.0
20190114:1910,0.0,0.0,6.09,2.41,0.0
20190114:2010,0.0,0.0,5.5,2.28,0.0
20190114:2110,0.0,0.0,4.57,2.34,0.0
20190114:2210,0.0,0.0,4.03,2.14,0.0
20190114:2310,0.0,0.0,3.49,2.0,0.0
20190115:0010,0.0,0.0,3.21,1.86,0.0
20190115:0110,0.0,0.0,3.15,1.79,0.0
20190115:0210,0.0,0.0,3.38,1.86,0.0
20190115:0310,0.0,0.0,3.79,1.86,0.0
20190115:0410,0.0,0.0,4.16,1.93,0.0
20190115:0510,0.0,0.0,4.38,1.93,0.0
20190115:0610,0.0,0.0,4.62,1.93,0.0
20190115:0710,0.0,0.0,4.26,1.93,0.0
20190115:0810,9.17,3.48,3.85,2.0,0.0
20190115:0910,98.41,10.54,4.23,1.93,0.0
20190115:1010,114.48,15.92,5.83,2.14,0.0
20190115:1110,93.55,19.16,7.21,2.41,0.0
20190115:1210,81.63,19.96,8.08,2.69,0.0
20190115:1310,81.63,18.23,8.37,3.38,0.0
20190115:1410,48.61,14.15,8.35,3.03,0.0
20190115:1510,52.33,8.1,8.04,2.34,0.0
20190115:1610,0.0,0.0,7.56,1.66,0.0
20190115:1710,0.0,0.0,6.88,1.45,0.0
20190115:1810,0.0,0.0,6.43,1.59,0.0
20190115:1910,0.0,0.0,5.86,1.59,0.0
20190115:2010,0.0,0.0,5.14,1.86,0.0
20190115:2110,0.0,0.0,4.7,2.0,0.0
20190115:2210,0.0,0.0,4.95,2.21,0.0
20190115:2310,0.0,0.0,4.79,2.34,0.0
20190116:0010,0.0,0.0,4.64,2.34,0.0
20190116:0110,0.0,0.0,4.03,2.21,0.0
20190116:0210,0.0,0.0,3.9,2.07,0.0
20190116:0310,0.0,0.0,3.36,2.14,0.0
20190116:0410,0.0,0.0,2.81,2.14,0.0
20190116:0510,0.0,0.0,2.21,2.07,0.0
20190116:0610,0.0,0.0,1.8,2.07,0.0
20190116:0710,0.0,0.0,1.9,2.28,0.0
20190116:0810,94.16,3.6,2.15,2.28,0.0
20190116:0910,451.25,10.68,2.65,2.14,0.0
20190116:1010,634.14,16.07,3.93,2.69,0.0
20190116:1110,738.07,19.34,5.3,2.97,0.0
20190116:1210,585.23,20.15,6.41,3.45,0.0
20190116:1310,657.16,18.43,7.11,3.86,0.0
20190116:1410,203.43,14.35,7.33,4.0,0.0
20190116:1510,57.57,8.3,7.14,4.21,0.0
20190116:1610,0.0,0.0,6.36,4.0,0.0
20190116:1710,0.0,0.0,5.9,4.14,0.0
20190116:1810,0.0,0.0,5.85,4.41,0.0
20190116:1910,0.0,0.0,5.34,4.9,0.0
20190116:2010,0.0,0.0,5.66,5.17,0.0
20190116:2110,0.0,0.0,5.92,5.31,0.0
20190116:2210,0.0,0.0,6.04,5.24,0.0
20190116:2310,0.0,0.0,6.0,5.24,0.0
20190117:0010,0.0,0.0,6.16,4.9,0.0
20190117:0110,0.0,0.0,6.53,4.21,0.0
20190117:0210,0.0,0.0,6.54,3.59,0.0
20190117:0310,0.0,0.0,6.34,3.59,0.0
20190117:0410,0.0,0.0,6.01,3.86,0.0
20190117:0510,0.0,0.0,5.46,4.28,0.0
20190117:0610,0.0,0.0,5.36,4.69,0.0
20190117:0710,0.0,0.0,4.94,5.31,0.0
20190117:0810,32.78,3.71,5.13,5.45,0.0
20190117:0910,67.35,10.81,5.35,5.59,0.0
20190117:1010,177.19,16.23,5.46,6.41,0.0
20190117:1110,129.24,19.52,5.9,5.59,0.0
20190117:1210,30.27,20.35,6.63,4.97,0.0
20190117:1310,68.79,18.64,6.75,4.83,0.0
20190117:1410,185.79,14.56,6.08,5.24,0.0
20190117:1510,178.54,8.51,5.25,4.28,0.0
20190117:1610,0.0,0.0,4.18,3.79,0.0
20190117:1710,0.0,0.0,3.26,3.03,0.0
20190117:1810,0.0,0.0,2.05,2.62,0.0
20190117:1910,0.0,0.0,1.46,2.83,0.0
20190117:2010,0.0,0.0,0.57,2.41,0.0
20190117:2110,0.0,0.0,-0.11,2.41,0.0
20190117:2210,0.0,0.0,-0.7,2.21,0.0
20190117:2310,0.0,0.0,-1.33,2.07,0.0
20190118:0010,0.0,0.0,-1.89,2.14,0.0
20190118:0110,0.0,0.0,-2.18,1.93,0.0
20190118:0210,0.0,0.0,-2.63,1.86,0.0
20190118:0310,0.0,0.0,-2.78,1.79,0.0
20190118:0410,0.0,0.0,-2.56,1.52,0.0
20190118:0510,0.0,0.0,-2.15,1.31,0.0
20190118:0610,0.0,0.0,-2.12,1.24,0.0
20190118:0710,0.0,0.0,-1.0,0.41,0.0
20190118:0810,131.56,3.84,-1.14,0.69,0.0
20190118:0910,436.8,10.96,-1.21,0.9,0.0
20190118:1010,675.9,16.39,1.24,1.24,0.0
20190118:1110,694.7,19.7,2.66,1.72,0.0
20190118:1210,824.69,20.55,3.65,2.14,0.0
20190118:1310,677.88,18.85,4.42,2.62,0.0
20190118:1410,588.53,14.77,4.54,2.62,0.0
20190118:1510,367.09,8.72,4.31,2.34,0.0
20190118:1610,0.0,0.0,3.38,2.07,0.0
20190118:1710,0.0,0.0,1.99,2.41,0.0
20190118:1810,0.0,0.0,0.84,2.62,0.0
20190118:1910,0.0,0.0,0.35,2.83,0.0
20190118:2010,0.0,0.0,-0.14,3.03,0.0
20190118:2110,0.0,0.0,-0.48,3.1,0.0
20190118:2210,0.0,0.0,-0.78,2.97,0.0
20190118:2310,0.0,0.0,-0.98,2.9,0.0
20190119:0010,0.0,0.0,-1.1,2.97,0.0
20190119:0110,0.0,0.0,-1.41,2.97,0.0
20190119:0210,0.0,0.0,-1.59,2.97,0.0
20190119:0310,0.0,0.0,-1.78,2.97,0.0
20190119:0410,0.0,0.0,-1.89,2.76,0.0
20190119:0510,0.0,0.0,-1.8,2.76,0.0
20190119:0610,0.0,0.0,-1.72,3.1,0.0
20190119:0710,0.0,0.0,-2.02,3.1,0.0
20190119:0810,110.16,3.97,-2.02,3.17,0.0
20190119:0910,245.77,11.11,-0.93,2.97,0.0
20190119:1010,572.11,16.57,0.9,3.24,0.0
20190119:1110,505.24,19.9,2.09,3.31,0.0
20190119:1210,322.82,20.76,2.72,3.24,0.0
20190119:1310,42.19,19.07,2.79,2.9,0.0
20190119:1410,63.29,14.99,2.59,3.31,0.0
20190119:1510,30.27,8.93,2.4,3.17,0.0
20190119:1610,0.0,0.0,2.3,3.1,0.0
20190119:1710,0.0,0.0,2.21,2.97,0.0
20190119:1810,0.0,0.0,2.19,2.76,0.0
20190119:1910,0.0,0.0,2.38,2.21,0.0
20190119:2010,0.0,0.0,2.49,2.14,0.0
20190119:2110,0.0,0.0,2.58,1.93,0.0
20190119:2210,0.0,0.0,2.54,1.79,0.0
20190119:2310,0.0,0.0,2.52,1.86,0.0
20190120:0010,0.0,0.0,2.5,1.86,0.0
20190120:0110,0.0,0.0,2.49,1.79,0.0
20190120:0210,0.0,0.0,2.43,1.72,0.0
20190120:0310,0.0,0.0,2.35,1.66,0.0
20190120:0410,0.0,0.0,2.25,1.66,0.0
20190120:0510,0.0,0.0,2.16,1.72,0.0
20190120:0610,0.0,0.0,2.01,1.66,0.0
20190120:0710,0.0,0.0,1.75,1.45,0.0
20190120:0810,88.56,4.11,1.81,1.59,0.0
20190120:0910,97.24,11.26,2.02,2.76,0.0
20190120:1010,103.72,16.75,2.48,3.03,0.0
20190120:1110,83.46,20.1,2.68,3.17,0.0
20190120:1210,74.29,20.98,2.93,3.45,0.0
20190120:1310,77.96,19.29,3.17,3.66,0.0
20190120:1410,67.87,15.22,3.19,3.52,0.0
20190120:1510,73.31,9.16,3.1,3.17,0.0
20190120:1610,0.0,0.0,2.94,2.55,0.0
20190120:1710,0.0,0.0,2.72,2.41,0.0
20190120:1810,0.0,0.0,2.43,2.55,0.0
20190120:1910,0.0,0.0,2.0,2.62,0.0
20190120:2010,0.0,0.0,2.01,2.76,0.0
20190120:2110,0.0,0.0,1.74,2.76,0.0
20190120:2210,0.0,0.0,1.44,2.69,0.0
20190120:2310,0.0,0.0,0.92,2.48,0.0
20190121:0010,0.0,0.0,0.0,2.34,0.0
20190121:0110,0.0,0.0,-0.82,2.28,0.0
20190121:0210,0.0,0.0,-1.54,2.41,0.0
20190121:0310,0.0,0.0,-2.4,2.48,0.0
20190121:0410,0.0,0.0,-3.0,2.34,0.0
20190121:0510,0.0,0.0,-3.62,2.21,0.0
20190121:0610,0.0,0.0,-4.08,1.93,0.0
20190121:0710,0.0,0.0,-4.37,1.79,0.0
20190121:0810,201.54,4.25,-4.51,1.72,0.0
20190121:0910,455.61,11.43,-3.16,1.72,0.0
20190121:1010,673.26,16.93,-1.72,1.72,0.0
20190121:1110,812.0,20.3,-0.38,1.52,0.0
20190121:1210,746.33,21.2,0.75,1.31,0.0
20190121:1310,800.15,19.52,1.55,1.17,0.0
20190121:1410,601.27,15.45,1.96,1.31,0.0
20190121:1510,385.79,9.38,1.85,0.97,0.0
20190121:1610,1.72,1.78,1.35,0.28,0.0
20190121:1710,0.0,0.0,0.65,0.48,0.0
20190121:1810,0.0,0.0,-1.2,1.1,0.0
20190121:1910,0.0,0.0,-2.9,1.45,0.0
20190121:2010,0.0,0.0,-3.46,1.59,0.0
20190121:2110,0.0,0.0,-4.11,2.07,0.0
20190121:2210,0.0,0.0,-4.04,2.34,0.0
20190121:2310,0.0,0.0,-3.69,2.48,0.0
20190122:0010,0.0,0.0,-3.28,2.69,0.0
20190122:0110,0.0,0.0,-2.83,2.97,0.0
20190122:0210,0.0,0.0,-2.59,3.17,0.0
20190122:0310,0.0,0.0,-2.27,3.31,0.0
20190122:0410,0.0,0.0,-1.87,3.52,0.0
20190122:0510,0.0,0.0,-1.55,3.79,0.0
20190122:0610,0.0,0.0,-1.08,4.07,0.0
20190122:0710,0.0,0.0,-1.47,3.93,0.0
20190122:0810,55.21,4.4,-1.05,3.93,0.0
20190122:0910,64.13,11.6,-0.51,4.0,0.0
20190122:1010,107.24,17.12,-0.11,3.31,0.0
20190122:1110,89.88,20.52,0.31,3.03,0.0
20190122:1210,74.29,21.43,0.63,2.76,0.0
20190122:1310,70.62,19.75,1.15,2.83,0.0
20190122:1410,66.95,15.68,1.93,2.97,0.0
20190122:1510,39.44,9.61,2.11,1.66,0.0
20190122:1610,0.0,0.0,1.9,1.86,0.0
20190122:1710,0.0,0.0,1.17,2.21,0.0
20190122:1810,0.0,0.0,0.99,2.41,0.0
20190122:1910,0.0,0.0,1.19,2.76,0.0
20190122:2010,0.0,0.0,0.92,3.03,0.0
20190122:2110,0.0,0.0,0.9,3.59,0.0
20190122:2210,0.0,0.0,0.63,3.86,0.0
20190122:2310,0.0,0.0,0.68,3.72,0.0
20190123:0010,0.0,0.0,1.13,3.31,0.0
20190123:0110,0.0,0.0,1.68,3.1,0.0
20190123:0210,0.0,0.0,1.7,3.03,0.0
20190123:0310,0.0,0.0,1.68,2.97,0.0
20190123:0410,0.0,0.0,1.5,2.97,0.0
20190123:0510,0.0,0.0,1.22,3.1,0.0
20190123:0610,0.0,0.0,0.73,3.17,0.0
20190123:0710,0.0,0.0,0.38,3.24,0.0
20190123:0810,3.67,4.56,0.48,3.24,0.0
20190123:0910,36.69,11.78,0.77,3.66,0.0
20190123:1010,33.02,17.32,1.22,3.31,0.0
20190123:1110,42.19,20.73,1.81,4.28,0.0
20190123:1210,60.53,21.66,2.0,3.93,0.0
20190123:1310,94.47,19.99,1.75,4.41,0.0
20190123:1410,29.35,15.92,1.44,5.03,0.0
20190123:1510,115.81,9.84,1.36,4.55,0.0
20190123:1610,2.58,2.23,1.27,4.62,0.0
20190123:1710,0.0,0.0,1.0,4.69,0.0
20190123:1810,0.0,0.0,0.83,4.55,0.0
20190123:1910,0.0,0.0,0.43,3.93,0.0
20190123:2010,0.0,0.0,0.03,3.45,0.0
20190123:2110,0.0,0.0,-0.25,3.17,0.0
20190123:2210,0.0,0.0,-0.45,2.97,0.0
20190123:2310,0.0,0.0,-0.64,2.97,0.0
20190124:0010,0.0,0.0,-0.74,2.83,0.0
20190124:0110,0.0,0.0,-0.98,2.76,0.0
20190124:0210,0.0,0.0,-1.14,2.76,0.0
20190124:0310,0.0,0.0,-1.38,2.55,0.0
20190124:0410,0.0,0.0,-1.66,2.28,0.0
20190124:0510,0.0,0.0,-1.69,2.14,0.0
20190124:0610,0.0,0.0,-1.76,1.79,0.0
20190124:0710,0.0,0.0,-1.39,1.52,0.0
20190124:0810,8.25,4.72,-1.33,1.31,0.0
20190124:0910,80.37,11.96,-0.62,1.1,0.0
20190124:1010,189.52,17.53,-0.06,1.45,0.0
20190124:1110,95.39,20.96,0.75,1.93,0.0
20190124:1210,189.83,21.9,1.11,2.07,0.0
20190124:1310,394.74,20.24,1.4,1.86,0.0
20190124:1410,192.24,16.17,2.11,2.21,0.0
20190124:1510,98.77,10.08,1.83,1.66,0.0
20190124:1610,2.58,2.46,1.27,1.79,0.0
20190124:1710,0.0,0.0,0.61,1.86,0.0
20190124:1810,0.0,0.0,-0.11,2.07,0.0
20190124:1910,0.0,0.0,0.86,2.14,0.0
20190124:2010,0.0,0.0,0.65,2.21,0.0
20190124:2110,0.0,0.0,0.73,2.41,0.0
20190124:2210,0.0,0.0,0.77,2.55,0.0
20190124:2310,0.0,0.0,0.82,2.48,0.0
20190125:0010,0.0,0.0,0.86,2.34,0.0
20190125:0110,0.0,0.0,1.02,2.21,0.0
20190125:0210,0.0,0.0,1.17,1.79,0.0
20190125:0310,0.0,0.0,1.27,1.31,0.0
20190125:0410,0.0,0.0,1.28,0.76,0.0
20190125:0510,0.0,0.0,1.16,0.62,0.0
20190125:0610,0.0,0.0,0.64,0.41,0.0
20190125:0710,0.0,0.0,0.91,0.76,0.0
20190125:0810,85.09,4.89,1.04,0.55,0.0
20190125:0910,31.18,12.15,1.71,0.55,0.0
20190125:1010,101.22,17.74,2.84,0.97,0.0
20190125:1110,195.02,21.19,3.05,1.59,0.0
20190125:1210,142.06,22.15,3.37,2.07,0.0
20190125:1310,224.82,20.49,3.4,2.34,0.0
20190125:1410,72.46,16.42,3.61,2.34,0.0
20190125:1510,72.95,10.32,3.63,2.62,0.0
20190125:1610,1.72,2.69,3.75,2.76,0.0
20190125:1710,0.0,0.0,3.94,2.97,0.0
20190125:1810,0.0,0.0,4.26,2.97,0.0
20190125:1910,0.0,0.0,4.95,2.9,0.0
20190125:2010,0.0,0.0,5.49,2.83,0.0
20190125:2110,0.0,0.0,6.15,2.83,0.0
20190125:2210,0.0,0.0,6.65,2.83,0.0
20190125:2310,0.0,0.0,7.11,3.03,0.0
20190126:0010,0.0,0.0,7.4,3.1,0.0
20190126:0110,0.0,0.0,7.49,3.1,0.0
20190126:0210,0.0,0.0,7.56,3.24,0.0
20190126:0310,0.0,0.0,7.46,3.38,0.0
20190126:0410,0.0,0.0,7.28,3.38,0.0
20190126:0510,0.0,0.0,7.09,3.38,0.0
20190126:0610,0.0,0.0,6.9,3.31,0.0
20190126:0710,0.0,0.0,7.13,3.03,0.0
20190126:0810,43.22,5.06,7.1,3.03,0.0
20190126:0910,49.53,12.35,7.21,3.31,0.0
20190126:1010,207.06,17.96,7.37,3.86,0.0
20190126:1110,206.84,21.43,7.68,4.41,0.0
20190126:1210,187.22,22.4,7.89,4.83,0.0
20190126:1310,74.29,20.75,7.97,4.83,0.0
20190126:1410,77.96,16.67,8.1,4.83,0.0
20190126:1510,81.12,10.57,8.12,4.55,0.0
20190126:1610,2.58,2.93,7.81,4.69,0.0
20190126:1710,0.0,0.0,7.58,4.9,0.0
20190126:1810,0.0,0.0,7.66,5.31,0.0
20190126:1910,0.0,0.0,8.19,6.0,0.0
20190126:2010,0.0,0.0,8.12,6.28,0.0
20190126:2110,0.0,0.0,8.02,6.41,0.0
20190126:2210,0.0,0.0,8.02,6.69,0.0
20190126:2310,0.0,0.0,7.87,7.03,0.0
20190127:0010,0.0,0.0,7.7,7.03,0.0
20190127:0110,0.0,0.0,7.75,7.24,0.0
20190127:0210,0.0,0.0,7.65,7.52,0.0
20190127:0310,0.0,0.0,7.22,6.9,0.0
20190127:0410,0.0,0.0,6.69,6.9,0.0
20190127:0510,0.0,0.0,6.39,6.28,0.0
20190127:0610,0.0,0.0,6.37,6.34,0.0
20190127:0710,0.0,0.0,6.55,6.21,0.0
20190127:0810,4.59,5.24,6.61,6.9,0.0
20190127:0910,67.54,12.55,6.78,6.41,0.0
20190127:1010,212.12,18.18,7.13,5.93,0.0
20190127:1110,58.7,21.67,6.93,5.72,0.0
20190127:1210,50.44,22.65,6.13,6.83,0.0
20190127:1310,99.06,21.01,4.95,6.48,0.0
20190127:1410,182.76,16.93,4.78,6.34,0.0
20190127:1510,61.28,10.82,4.93,6.28,0.0
20190127:1610,6.01,3.16,4.63,6.55,0.0
20190127:1710,0.0,0.0,4.31,6.21,0.0
20190127:1810,0.0,0.0,3.81,6.07,0.0
20190127:1910,0.0,0.0,3.29,5.86,0.0
20190127:2010,0.0,0.0,3.25,5.93,0.0
20190127:2110,0.0,0.0,3.21,5.52,0.0
20190127:2210,0.0,0.0,2.82,5.45,0.0
20190127:2310,0.0,0.0,2.82,5.31,0.0
20190128:0010,0.0,0.0,2.82,5.1,0.0
20190128:0110,0.0,0.0,2.8,4.9,0.0
20190128:0210,0.0,0.0,2.5,4.62,0.0
20190128:0310,0.0,0.0,2.3,4.34,0.0
20190128:0410,0.0,0.0,2.08,4.21,0.0
20190128:0510,0.0,0.0,2.36,4.14,0.0
20190128:0610,0.0,0.0,2.42,3.93,0.0
20190128:0710,0.0,0.0,2.48,3.79,0.0
20190128:0810,228.29,5.43,2.84,3.79,0.0
20190128:0910,145.73,12.76,3.48,3.52,0.0
20190128:1010,680.35,18.41,4.35,5.38,0.0
20190128:1110,402.84,21.92,5.18,5.93,0.0
20190128:1210,64.2,22.92,5.64,5.72,0.0
20190128:1310,68.79,21.27,5.73,5.38,0.0
20190128:1410,42.19,17.19,5.76,5.1,0.0
20190128:1510,28.43,11.07,5.42,4.28,0.0
20190128:1610,10.3,3.41,4.84,3.86,0.0
20190128:1710,0.0,0.0,3.66,3.45,0.0
20190128:1810,0.0,0.0,2.56,3.31,0.0
20190128:1910,0.0,0.0,1.98,2.97,0.0
20190128:2010,0.0,0.0,1.14,2.76,0.0
20190128:2110,0.0,0.0,0.46,2.48,0.0
20190128:2210,0.0,0.0,-0.19,2.41,0.0
20190128:2310,0.0,0.0,-0.83,2.28,0.0
20190129:0010,0.0,0.0,-1.44,2.28,0.0
20190129:0110,0.0,0.0,-2.02,2.14,0.0
20190129:0210,0.0,0.0,-2.7,2.0,0.0
20190129:0310,0.0,0.0,-3.17,2.07,0.0
20190129:0410,0.0,0.0,-3.37,2.14,0.0
20190129:0510,0.0,0.0,-3.42,2.14,0.0
20190129:0610,0.0,0.0,-3.24,2.21,0.0
20190129:0710,0.0,0.0,-2.13,2.14,0.0
20190129:0810,96.0,5.62,-1.41,2.48,0.0
20190129:0910,260.08,12.97,0.1,2.76,0.0
20190129:1010,306.71,18.65,1.92,3.31,0.0
20190129:1110,519.91,22.18,3.34,3.79,0.0
20190129:1210,442.16,23.18,4.06,4.14,0.0
20190129:1310,272.63,21.54,4.37,4.41,0.0
20190129:1410,90.9,17.45,4.45,4.62,0.0
20190129:1510,89.16,11.33,4.25,4.76,0.0
20190129:1610,7.73,3.65,3.66,4.83,0.0
20190129:1710,0.0,0.0,2.95,4.62,0.0
20190129:1810,0.0,0.0,1.91,4.28,0.0
20190129:1910,0.0,0.0,2.29,4.41,0.0
20190129:2010,0.0,0.0,1.84,4.34,0.0
20190129:2110,0.0,0.0,1.56,4.14,0.0
20190129:2210,0.0,0.0,1.24,3.45,0.0
20190129:2310,0.0,0.0,1.01,2.76,0.0
20190130:0010,0.0,0.0,0.85,2.76,0.0
20190130:0110,0.0,0.0,0.69,3.66,0.0
20190130:0210,0.0,0.0,0.6,4.34,0.0
20190130:0310,0.0,0.0,0.78,5.31,0.0
20190130:0410,0.0,0.0,1.11,6.9,0.0
20190130:0510,0.0,0.0,1.33,7.24,0.0
20190130:0610,0.0,0.0,1.31,6.55,0.0
20190130:0710,0.0,0.0,1.35,5.52,0.0
20190130:0810,92.13,5.82,1.01,4.76,0.0
20190130:0910,337.41,13.19,0.85,4.28,0.0
20190130:1010,479.17,18.89,1.23,3.52,0.0
20190130:1110,589.11,22.44,1.85,3.66,0.0
20190130:1210,258.98,23.46,2.48,4.0,0.0
20190130:1310,601.05,21.82,2.99,4.34,0.0
20190130:1410,472.2,17.72,3.18,4.14,0.0
20190130:1510,45.86,11.59,2.76,2.76,0.0
20190130:1610,6.01,3.9,2.13,2.34,0.0
20190130:1710,0.0,0.0,1.4,2.28,0.0
20190130:1810,0.0,0.0,0.4,2.14,0.0
20190130:1910,0.0,0.0,-0.23,2.28,0.0
20190130:2010,0.0,0.0,-0.46,2.07,0.0
20190130:2110,0.0,0.0,-0.5,2.0,0.0
20190130:2210,0.0,0.0,-0.75,2.21,0.0
20190130:2310,0.0,0.0,-1.01,2.21,0.0
20190131:0010,0.0,0.0,-1.49,2.0,0.0
20190131:0110,0.0,0.0,-2.2,2.0,0.0
20190131:0210,0.0,0.0,-2.58,2.0,0.0
20190131:0310,0.0,0.0,-3.14,1.93,0.0
20190131:0410,0.0,0.0,-4.06,1.86,0.0
20190131:0510,0.0,0.0,-3.81,1.59,0.0
20190131:0610,0.0,0.0,-3.18,1.38,0.0
20190131:0710,0.0,0.0,-1.24,1.1,0.0
20190131:0810,34.22,6.03,-2.57,1.79,0.0
20190131:0910,115.56,13.42,-1.33,3.38,0.0
20190131:1010,504.01,19.14,-0.38,3.79,0.0
20190131:1110,375.23,22.7,0.4,4.21,0.0
20190131:1210,485.35,23.73,0.93,4.28,0.0
20190131:1310,187.34,22.1,1.45,4.62,0.0
20190131:1410,48.61,18.0,2.12,5.1,0.0
20190131:1510,32.1,11.85,2.29,4.62,0.0
20190131:1610,3.43,4.15,2.0,4.76,0.0
20190131:1710,0.0,0.0,1.62,5.03,0.0
20190131:1810,0.0,0.0,1.48,5.24,0.0
20190131:1910,0.0,0.0,2.49,5.31,0.0
20190131:2010,0.0,0.0,2.93,4.83,0.0
20190131:2110,0.0,0.0,3.66,3.79,0.0
20190131:2210,0.0,0.0,5.27,4.69,0.0
20190131:2310,0.0,0.0,4.8,4.9,0.0
20190201:0010,0.0,0.0,3.66,4.0,0.0
20190201:0110,0.0,0.0,2.85,3.59,0.0
20190201:0210,0.0,0.0,2.2,3.31,0.0
20190201:0310,0.0,0.0,2.25,3.1,0.0
20190201:0410,0.0,0.0,2.09,3.1,0.0
20190201:0510,0.0,0.0,2.39,3.1,0.0
20190201:0610,0.0,0.0,3.0,3.03,0.0
20190201:0710,0.0,0.0,3.61,2.55,0.0
20190201:0810,63.76,6.24,4.24,2.41,0.0
20190201:0910,77.76,13.65,5.01,2.9,0.0
20190201:1010,255.15,19.39,5.81,3.1,0.0
20190201:1110,60.53,22.98,6.73,3.59,0.0
20190201:1210,240.23,24.02,7.8,3.1,0.0
20190201:1310,186.9,22.38,8.54,2.21,0.0
20190201:1410,191.03,18.27,8.87,1.66,0.0
20190201:1510,76.89,12.11,8.03,0.76,0.0
20190201:1610,10.3,4.4,7.4,1.17,0.0
20190201:1710,0.0,0.0,6.38,1.52,0.0
20190201:1810,0.0,0.0,5.31,1.66,0.0
20190201:1910,0.0,0.0,4.79,0.62,0.0
20190201:2010,0.0,0.0,4.99,0.34,0.0
20190201:2110,0.0,0.0,4.77,0.48,0.0
20190201:2210,0.0,0.0,4.72,1.03,0.0
20190201:2310,0.0,0.0,4.86,1.59,0.0
20190202:0010,0.0,0.0,4.82,1.86,0.0
20190202:0110,0.0,0.0,4.74,2.48,0.0
20190202:0210,0.0,0.0,4.56,3.03,0.0
20190202:0310,0.0,0.0,4.33,3.17,0.0
20190202:0410,0.0,0.0,4.07,3.17,0.0
20190202:0510,0.0,0.0,3.8,3.17,0.0
20190202:0610,0.0,0.0,3.6,3.24,0.0
20190202:0710,0.0,0.0,3.7,3.52,0.0
20190202:0810,46.82,6.46,3.61,3.59,0.0
20190202:0910,44.94,13.88,3.71,3.93,0.0
20190202:1010,189.74,19.65,4.07,4.76,0.0
20190202:1110,87.13,23.25,4.47,5.72,0.0
20190202:1210,62.37,24.3,5.2,5.93,0.0
20190202:1310,76.13,22.67,5.75,6.14,0.0
20190202:1410,45.86,18.55,5.31,6.21,0.0
20190202:1510,89.81,12.38,5.17,6.07,0.0
20190202:1610,6.87,4.66,4.65,5.66,0.0
20190202:1710,0.0,0.0,3.79,5.03,0.0
20190202:1810,0.0,0.0,3.29,4.97,0.0
20190202:1910,0.0,0.0,2.79,5.03,0.0
20190202:2010,0.0,0.0,2.66,5.24,0.0
20190202:2110,0.0,0.0,2.51,5.45,0.0
20190202:2210,0.0,0.0,2.18,5.38,0.0
20190202:2310,0.0,0.0,1.97,5.17,0.0
20190203:0010,0.0,0.0,1.79,4.9,0.0
20190203:0110,0.0,0.0,1.94,4.97,0.0
20190203:0210,0.0,0.0,1.89,5.1,0.0
20190203:0310,0.0,0.0,2.03,5.17,0.0
20190203:0410,0.0,0.0,2.13,5.03,0.0
20190203:0510,0.0,0.0,2.26,4.76,0.0
20190203:0610,0.0,0.0,2.1,4.41,0.0
20190203:0710,0.0,0.0,2.25,4.14,0.0
20190203:0810,198.83,6.68,2.46,3.79,0.0
20190203:0910,427.04,14.13,2.91,5.03,0.0
20190203:1010,573.87,19.91,3.68,5.31,0.0
20190203:1110,400.29,23.54,4.4,4.41,0.0
20190203:1210,322.57,24.6,5.05,4.0,0.0
20190203:1310,111.9,22.96,5.29,3.72,0.0
20190203:1410,375.81,18.84,5.49,3.66,0.0
20190203:1510,31.18,12.65,5.39,3.45,0.0
20190203:1610,24.9,4.91,4.87,2.41,0.0
20190203:1710,0.0,0.0,3.59,1.86,0.0
20190203:1810,0.0,0.0,2.12,2.0,0.0
20190203:1910,0.0,0.0,0.38,1.66,0.0
20190203:2010,0.0,0.0,-1.1,1.86,0.0
20190203:2110,0.0,0.0,-1.67,1.72,0.0
20190203:2210,0.0,0.0,-2.41,1.79,0.0
20190203:2310,0.0,0.0,-3.11,2.14,0.0
20190204:0010,0.0,0.0,-3.1,2.28,0.0
20190204:0110,0.0,0.0,-2.8,2.34,0.0
20190204:0210,0.0,0.0,-2.34,2.48,0.0
20190204:0310,0.0,0.0,-1.79,2.69,0.0
20190204:0410,0.0,0.0,-1.37,2.9,0.0
20190204:0510,0.0,0.0,-1.05,3.1,0.0
20190204:0610,0.0,0.0,-0.75,3.38,0.0
20190204:0710,0.0,0.0,-0.1,3.59,0.0
20190204:0810,33.56,6.91,0.47,3.86,0.0
20190204:0910,55.03,14.38,1.48,4.28,0.0
20190204:1010,127.09,20.18,2.34,3.79,0.0
20190204:1110,99.97,23.82,2.94,4.21,0.0
20190204:1210,112.81,24.89,3.57,4.41,0.0
20190204:1310,85.3,23.26,3.58,4.34,0.0
20190204:1410,51.36,19.13,3.31,4.55,0.0
20190204:1510,96.09,12.93,2.73,4.21,0.0
20190204:1610,8.25,5.17,2.06,3.86,0.0
20190204:1710,0.0,0.0,1.53,3.72,0.0
20190204:1810,0.0,0.0,1.2,3.86,0.0
20190204:1910,0.0,0.0,2.26,3.24,0.0
20190204:2010,0.0,0.0,2.37,3.31,0.0
20190204:2110,0.0,0.0,2.36,3.17,0.0
20190204:2210,0.0,0.0,2.35,2.97,0.0
20190204:2310,0.0,0.0,2.48,2.76,0.0
20190205:0010,0.0,0.0,2.34,2.48,0.0
20190205:0110,0.0,0.0,2.32,2.34,0.0
20190205:0210,0.0,0.0,2.14,2.21,0.0
20190205:0310,0.0,0.0,2.02,1.93,0.0
20190205:0410,0.0,0.0,1.41,1.66,0.0
20190205:0510,0.0,0.0,0.52,1.52,0.0
20190205:0610,0.0,0.0,-0.57,1.52,0.0
20190205:0710,0.0,0.0,-0.29,1.1,0.0
20190205:0810,100.14,7.14,-1.1,1.38,0.0
20190205:0910,136.73,14.63,1.23,1.17,0.0
20190205:1010,211.0,20.46,3.48,1.31,0.0
20190205:1110,766.01,24.12,4.98,1.52,0.0
20190205:1210,829.7,25.2,6.01,2.0,0.0
20190205:1310,747.42,23.56,6.67,2.41,0.0
20190205:1410,479.9,19.42,6.91,2.41,0.0
20190205:1510,393.78,13.2,7.03,2.34,0.0
20190205:1610,84.25,5.43,6.69,1.66,0.0
20190205:1710,0.0,0.0,6.0,1.59,0.0
20190205:1810,0.0,0.0,5.28,1.79,0.0
20190205:1910,0.0,0.0,4.2,2.28,0.0
20190205:2010,0.0,0.0,4.11,2.41,0.0
20190205:2110,0.0,0.0,4.08,2.48,0.0
20190205:2210,0.0,0.0,4.33,2.48,0.0
20190205:2310,0.0,0.0,4.45,2.55,0.0
20190206:0010,0.0,0.0,4.87,2.62,0.0
20190206:0110,0.0,0.0,5.11,2.62,0.0
20190206:0210,0.0,0.0,5.38,2.69,0.0
20190206:0310,0.0,0.0,5.38,2.69,0.0
20190206:0410,0.0,0.0,5.71,2.69,0.0
20190206:0510,0.0,0.0,5.86,2.69,0.0
20190206:0610,0.0,0.0,5.93,2.76,0.0
20190206:0710,0.0,0.0,5.53,2.69,0.0
20190206:0810,76.29,7.38,5.89,2.55,0.0
20190206:0910,44.94,14.89,6.45,2.62,0.0
20190206:1010,58.7,20.74,7.19,2.48,0.0
20190206:1110,65.12,24.41,8.1,3.66,0.0
20190206:1210,59.62,25.5,8.79,4.0,0.0
20190206:1310,153.73,23.87,9.59,4.07,0.0
20190206:1410,64.2,19.71,10.07,4.21,0.0
20190206:1510,115.27,13.48,10.17,3.66,0.0
20190206:1610,28.32,5.7,9.84,3.38,0.0
20190206:1710,0.0,0.0,9.46,3.59,0.0
20190206:1810,0.0,0.0,9.28,3.86,0.0
20190206:1910,0.0,0.0,9.67,4.14,0.0
20190206:2010,0.0,0.0,9.67,4.41,0.0
20190206:2110,0.0,0.0,9.72,4.48,0.0
20190206:2210,0.0,0.0,9.73,4.55,0.0
20190206:2310,0.0,0.0,9.65,4.76,0.0
20190207:0010,0.0,0.0,9.62,5.03,0.0
20190207:0110,0.0,0.0,9.74,5.45,0.0
20190207:0210,0.0,0.0,9.82,5.79,0.0
20190207:0310,0.0,0.0,9.94,6.0,0.0
20190207:0410,0.0,0.0,9.98,6.34,0.0
20190207:0510,0.0,0.0,9.56,6.34,0.0
20190207:0610,0.0,0.0,8.58,4.97,0.0
20190207:0710,0.0,0.0,7.35,3.79,0.0
20190207:0810,255.19,7.62,6.4,3.72,0.0
20190207:0910,488.49,15.15,6.95,3.79,0.0
20190207:1010,672.08,21.02,7.95,4.62,0.0
20190207:1110,829.23,24.72,8.93,5.59,0.0
20190207:1210,605.3,25.81,9.91,6.9,0.0
20190207:1310,602.09,24.18,10.23,6.48,0.0
20190207:1410,309.95,20.01,10.14,6.21,0.0
20190207:1510,244.39,13.76,10.12,5.45,0.0
20190207:1610,150.25,5.96,9.19,4.48,0.0
20190207:1710,0.0,0.0,8.31,4.0,0.0
20190207:1810,0.0,0.0,7.37,3.79,0.0
20190207:1910,0.0,0.0,6.91,3.86,0.0
20190207:2010,0.0,0.0,6.57,3.86,0.0
20190207:2110,0.0,0.0,6.32,3.93,0.0
20190207:2210,0.0,0.0,5.92,3.93,0.0
20190207:2310,0.0,0.0,5.76,4.14,0.0
20190208:0010,0.0,0.0,5.74,4.28,0.0
20190208:0110,0.0,0.0,5.88,4.41,0.0
20190208:0210,0.0,0.0,6.28,4.48,0.0
20190208:0310,0.0,0.0,6.72,4.48,0.0
20190208:0410,0.0,0.0,7.09,4.62,0.0
20190208:0510,0.0,0.0,7.39,4.83,0.0
20190208:0610,0.0,0.0,7.6,5.1,0.0
20190208:0710,0.0,0.0,7.86,5.24,0.0
20190208:0810,30.27,7.87,8.01,5.52,0.0
20190208:0910,105.04,15.42,8.36,5.79,0.0
20190208:1010,173.07,21.32,8.63,6.41,0.0
20190208:1110,89.88,25.02,9.05,7.66,0.0
20190208:1210,117.4,26.13,9.39,7.31,0.0
20190208:1310,64.2,24.49,9.65,7.38,0.0
20190208:1410,120.5,20.31,9.96,7.03,0.0
20190208:1510,106.09,14.05,10.08,7.72,0.0
20190208:1610,37.06,6.23,9.94,7.45,0.0
20190208:1710,0.0,0.0,9.85,7.45,0.0
20190208:1810,0.0,0.0,9.85,7.72,0.0
20190208:1910,0.0,0.0,9.54,7.79,0.0
20190208:2010,0.0,0.0,9.46,8.07,0.0
20190208:2110,0.0,0.0,9.3,8.41,0.0
20190208:2210,0.0,0.0,8.82,8.62,0.0
20190208:2310,0.0,0.0,8.97,8.41,0.0
20190209:0010,0.0,0.0,8.84,8.21,0.0
20190209:0110,0.0,0.0,8.33,6.97,0.0
20190209:0210,0.0,0.0,7.97,6.62,0.0
20190209:0310,0.0,0.0,7.37,6.55,0.0
20190209:0410,0.0,0.0,7.01,6.48,0.0
20190209:0510,0.0,0.0,6.93,6.21,0.0
20190209:0610,0.0,0.0,6.94,5.93,0.0
20190209:0710,0.0,0.0,6.91,6.14,0.0
20190209:0810,241.57,8.13,7.36,6.28,0.0
20190209:0910,241.09,15.7,8.29,6.48,0.0
20190209:1010,507.87,21.61,9.44,7.38,0.0
20190209:1110,291.1,25.34,10.49,7.93,0.0
20190209:1210,482.41,26.45,11.0,7.45,0.0
20190209:1310,389.57,24.8,11.5,7.52,0.0
20190209:1410,303.91,20.61,11.48,6.76,0.0
20190209:1510,224.39,14.33,11.46,5.52,0.0
20190209:1610,128.03,6.5,10.74,4.55,0.0
20190209:1710,0.0,0.0,9.96,4.41,0.0
20190209:1810,0.0,0.0,9.31,4.55,0.0
20190209:1910,0.0,0.0,9.43,4.69,0.0
20190209:2010,0.0,0.0,9.13,4.76,0.0
20190209:2110,0.0,0.0,8.9,4.97,0.0
20190209:2210,0.0,0.0,8.63,5.38,0.0
20190209:2310,0.0,0.0,8.33,6.83,0.0
20190210:0010,0.0,0.0,9.14,7.59,0.0
20190210:0110,0.0,0.0,9.79,7.93,0.0
20190210:0210,0.0,0.0,10.16,8.41,0.0
20190210:0310,0.0,0.0,10.18,8.97,0.0
20190210:0410,0.0,0.0,10.08,9.24,0.0
20190210:0510,0.0,0.0,10.01,9.17,0.0
20190210:0610,0.0,0.0,10.09,9.24,0.0
20190210:0710,0.0,0.0,10.38,9.38,0.0
20190210:0810,60.45,8.39,10.19,8.21,0.0
20190210:0910,51.36,15.98,9.14,6.21,0.0
20190210:1010,127.55,21.91,8.29,6.07,0.0
20190210:1110,130.74,25.65,8.18,7.38,0.0
20190210:1210,308.84,26.77,7.26,7.52,0.0
20190210:1310,364.45,25.12,7.43,8.21,0.0
20190210:1410,702.32,20.92,7.35,9.31,0.0
20190210:1510,70.64,14.62,7.3,8.76,0.0
20190210:1610,223.42,6.77,7.29,7.79,0.0
20190210:1710,0.0,0.0,6.76,6.55,0.0
20190210:1810,0.0,0.0,6.29,6.76,0.0
20190210:1910,0.0,0.0,5.51,6.41,0.0
20190210:2010,0.0,0.0,5.32,5.86,0.0
20190210:2110,0.0,0.0,4.94,5.38,0.0
20190210:2210,0.0,0.0,4.55,5.03,0.0
20190210:2310,0.0,0.0,4.27,4.55,0.0
20190211:0010,0.0,0.0,4.01,4.21,0.0
20190211:0110,0.0,0.0,3.73,4.0,0.0
20190211:0210,0.0,0.0,3.51,3.93,0.0
20190211:0310,0.0,0.0,3.5,3.38,0.0
20190211:0410,0.0,0.0,3.32,3.1,0.0
20190211:0510,0.0,0.0,3.29,3.17,0.0
20190211:0610,0.0,0.0,3.21,2.83,0.0
20190211:0710,0.0,0.0,3.16,2.48,0.0
20190211:0810,125.24,8.65,3.62,2.34,0.0
20190211:0910,191.4,16.26,4.66,2.07,0.0
20190211:1010,161.2,22.22,5.61,2.07,0.0
20190211:1110,196.12,25.97,7.17,3.17,0.0
20190211:1210,190.45,27.1,8.38,3.86,0.0
20190211:1310,184.0,25.44,9.08,4.28,0.0
20190211:1410,403.75,21.22,9.43,4.28,0.0
20190211:1510,167.22,14.91,9.18,3.66,0.0
20190211:1610,126.76,7.04,8.63,2.76,0.0
20190211:1710,0.0,0.0,7.16,2.34,0.0
20190211:1810,0.0,0.0,5.78,2.55,0.0
20190211:1910,0.0,0.0,4.76,2.41,0.0
20190211:2010,0.0,0.0,3.67,2.21,0.0
20190211:2110,0.0,0.0,2.39,1.93,0.0
20190211:2210,0.0,0.0,1.23,1.86,0.0
20190211:2310,0.0,0.0,0.3,1.93,0.0
20190212:0010,0.0,0.0,1.14,1.17,0.0
20190212:0110,0.0,0.0,1.63,0.48,0.0
20190212:0210,0.0,0.0,-0.49,1.38,0.0
20190212:0310,0.0,0.0,-0.55,1.17,0.0
20190212:0410,0.0,0.0,-0.9,0.76,0.0
20190212:0510,0.0,0.0,-2.29,0.69,0.0
20190212:0610,0.0,0.0,-2.01,0.69,0.0
20190212:0710,0.0,0.0,-1.75,0.83,0.0
20190212:0810,21.1,8.92,-1.19,0.69,0.0
20190212:0910,71.54,16.55,0.14,0.55,0.0
20190212:1010,156.61,22.53,1.88,0.55,0.0
20190212:1110,271.71,26.3,3.63,0.62,0.0
20190212:1210,200.55,27.43,5.6,0.69,0.0
20190212:1310,152.86,25.77,6.77,0.9,0.0
20190212:1410,248.84,21.53,7.2,0.83,0.0
20190212:1510,323.81,15.2,7.07,0.62,0.0
20190212:1610,210.58,7.31,6.87,0.34,0.0
20190212:1710,0.0,0.0,6.48,0.48,0.0
20190212:1810,0.0,0.0,5.45,1.17,0.0
20190212:1910,0.0,0.0,4.57,1.59,0.0
20190212:2010,0.0,0.0,3.87,1.72,0.0
20190212:2110,0.0,0.0,3.15,1.79,0.0
20190212:2210,0.0,0.0,2.76,1.72,0.0
20190212:2310,0.0,0.0,2.26,1.79,0.0
20190213:0010,0.0,0.0,1.7,1.86,0.0
20190213:0110,0.0,0.0,1.25,1.86,0.0
20190213:0210,0.0,0.0,0.93,1.79,0.0
20190213:0310,0.0,0.0,0.75,1.72,0.0
20190213:0410,0.0,0.0,0.18,1.79,0.0
20190213:0510,0.0,0.0,-0.01,1.86,0.0
20190213:0610,0.0,0.0,-0.45,2.07,0.0
20190213:0710,0.0,0.0,-0.59,1.93,0.0
20190213:0810,106.91,9.2,-0.2,1.66,0.0
20190213:0910,290.82,16.84,2.78,1.38,0.0
20190213:1010,584.43,22.84,5.4,1.45,0.0
20190213:1110,787.73,26.63,7.0,2.14,0.0
20190213:1210,820.15,27.77,7.96,2.34,0.0
20190213:1310,771.51,26.1,8.73,1.93,0.0
20190213:1410,604.0,21.85,9.2,1.38,0.0
20190213:1510,495.78,15.49,9.37,1.1,0.0
20190213:1610,189.36,7.59,8.94,1.24,0.0
20190213:1710,0.0,0.0,7.61,2.14,0.0
20190213:1810,0.0,0.0,5.6,2.41,0.0
20190213:1910,0.0,0.0,4.45,2.48,0.0
20190213:2010,0.0,0.0,3.65,2.41,0.0
20190213:2110,0.0,0.0,2.94,2.34,0.0
20190213:2210,0.0,0.0,2.28,2.34,0.0
20190213:2310,0.0,0.0,1.77,2.41,0.0
20190214:0010,0.0,0.0,1.5,2.55,0.0
20190214:0110,0.0,0.0,1.21,2.48,0.0
20190214:0210,0.0,0.0,0.74,2.34,0.0
20190214:0310,0.0,0.0,0.17,2.21,0.0
20190214:0410,0.0,0.0,-0.38,2.14,0.0
20190214:0510,0.0,0.0,-0.9,2.14,0.0
20190214:0610,0.0,0.0,-1.41,2.07,0.0
20190214:0710,0.0,0.0,-1.73,2.0,0.0
20190214:0810,279.98,9.47,-1.24,1.52,0.0
20190214:0910,538.88,17.14,2.38,1.38,0.0
20190214:1010,737.12,23.16,4.87,1.38,0.0
20190214:1110,844.53,26.96,7.24,1.45,0.0
20190214:1210,877.07,28.1,9.3,1.45,0.0
20190214:1310,690.28,26.43,10.81,1.59,0.0
20190214:1410,591.49,22.16,11.77,1.79,0.0
20190214:1510,447.7,15.78,12.02,2.0,0.0
20190214:1610,203.13,7.86,11.28,1.93,0.0
20190214:1710,0.0,0.0,9.27,2.62,0.0
20190214:1810,0.0,0.0,7.28,2.69,0.0
20190214:1910,0.0,0.0,6.55,2.55,0.0
20190214:2010,0.0,0.0,5.41,2.55,0.0
20190214:2110,0.0,0.0,4.59,2.62,0.0
20190214:2210,0.0,0.0,3.93,2.62,0.0
20190214:2310,0.0,0.0,3.4,2.69,0.0
20190215:0010,0.0,0.0,2.95,2.69,0.0
20190215:0110,0.0,0.0,2.47,2.62,0.0
20190215:0210,0.0,0.0,1.92,2.48,0.0
20190215:0310,0.0,0.0,1.33,2.41,0.0
20190215:0410,0.0,0.0,0.76,2.41,0.0
20190215:0510,0.0,0.0,0.25,2.41,0.0
20190215:0610,0.0,0.0,-0.19,2.34,0.0
20190215:0710,0.0,0.0,-0.36,2.21,0.0
20190215:0810,304.26,9.76,0.14,1.79,0.0
20190215:0910,554.19,17.45,4.2,1.59,0.0
20190215:1010,732.89,23.48,7.14,1.86,0.0
20190215:1110,854.52,27.3,9.47,2.0,0.0
20190215:1210,901.99,28.45,11.33,2.0,0.0
20190215:1310,837.73,26.76,12.61,1.93,0.0
20190215:1410,679.08,22.48,13.35,2.0,0.0
20190215:1510,502.21,16.08,13.54,2.07,0.0
20190215:1610,239.02,8.14,12.8,1.79,0.0
20190215:1710,0.0,0.0,11.12,2.41,0.0
20190215:1810,0.0,0.0,8.96,2.48,0.0
20190215:1910,0.0,0.0,7.89,2.14,0.0
20190215:2010,0.0,0.0,5.66,2.28,0.0
20190215:2110,0.0,0.0,4.12,2.41,0.0
20190215:2210,0.0,0.0,2.97,2.34,0.0
20190215:2310,0.0,0.0,2.09,2.34,0.0
20190216:0010,0.0,0.0,1.4,2.28,0.0
20190216:0110,0.0,0.0,0.78,2.21,0.0
20190216:0210,0.0,0.0,0.3,2.14,0.0
20190216:0310,0.0,0.0,-0.21,2.07,0.0
20190216:0410,0.0,0.0,-0.65,2.14,0.0
20190216:0510,0.0,0.0,-0.86,2.21,0.0
20190216:0610,0.0,0.0,-0.95,2.28,0.0
20190216:0710,0.0,0.0,-0.78,2.34,0.0
20190216:0810,287.77,10.05,0.42,2.14,0.0
20190216:0910,540.56,17.75,4.52,2.0,0.0
20190216:1010,737.22,23.81,7.66,2.14,0.0
20190216:1110,858.43,27.64,10.12,2.14,0.0
20190216:1210,898.99,28.79,11.95,2.07,0.0
20190216:1310,818.28,27.1,13.2,2.21,0.0
20190216:1410,537.79,22.79,13.91,2.28,0.0
20190216:1510,475.77,16.38,14.07,2.14,0.0
20190216:1610,252.02,8.41,13.33,1.86,0.0
20190216:1710,0.0,0.0,11.19,2.62,0.0
20190216:1810,0.0,0.0,9.11,2.69,0.0
20190216:1910,0.0,0.0,8.1,2.48,0.0
20190216:2010,0.0,0.0,6.76,2.55,0.0
20190216:2110,0.0,0.0,5.75,2.62,0.0
20190216:2210,0.0,0.0,4.89,2.55,0.0
20190216:2310,0.0,0.0,4.0,2.48,0.0
20190217:0010,0.0,0.0,3.2,2.48,0.0
20190217:0110,0.0,0.0,2.55,2.41,0.0
20190217:0210,0.0,0.0,2.07,2.41,0.0
20190217:0310,0.0,0.0,1.81,2.48,0.0
20190217:0410,0.0,0.0,1.85,2.69,0.0
20190217:0510,0.0,0.0,2.05,2.83,0.0
20190217:0610,0.0,0.0,2.22,2.97,0.0
20190217:0710,0.0,0.0,2.66,3.31,0.0
20190217:0810,279.34,10.34,3.62,3.24,0.0
20190217:0910,550.74,18.06,6.09,2.9,0.0
20190217:1010,746.74,24.14,8.73,3.52,0.0
20190217:1110,861.25,27.99,10.88,3.93,0.0
20190217:1210,910.29,29.14,12.56,4.28,0.0
20190217:1310,836.69,27.44,13.76,4.41,0.0
20190217:1410,680.47,23.11,14.4,4.21,0.0
20190217:1510,520.0,16.67,14.45,3.45,0.0
20190217:1610,249.6,8.69,13.59,2.97,0.0
20190217:1710,0.0,0.0,11.49,2.97,0.0
20190217:1810,0.0,0.0,9.5,2.9,0.0
20190217:1910,0.0,0.0,8.88,2.69,0.0
20190217:2010,0.0,0.0,7.4,2.62,0.0
20190217:2110,0.0,0.0,6.14,2.62,0.0
20190217:2210,0.0,0.0,5.27,2.62,0.0
20190217:2310,0.0,0.0,4.75,2.69,0.0
20190218:0010,0.0,0.0,4.43,2.69,0.0
20190218:0110,0.0,0.0,4.09,2.62,0.0
20190218:0210,0.0,0.0,3.65,2.41,0.0
20190218:0310,0.0,0.0,3.01,2.34,0.0
20190218:0410,0.0,0.0,2.39,2.34,0.0
20190218:0510,0.0,0.0,1.91,2.34,0.0
20190218:0610,0.0,0.0,1.61,2.48,0.0
20190218:0710,1.72,1.77,1.51,2.69,0.0
20190218:0810,280.31,10.63,2.71,2.48,0.0
20190218:0910,533.6,18.38,5.79,2.34,0.0
20190218:1010,712.35,24.47,8.4,2.69,0.0
20190218:1110,822.18,28.34,10.29,3.1,0.0
20190218:1210,878.2,29.49,11.6,3.66,0.0
20190218:1310,836.59,27.78,12.46,3.93,0.0
20190218:1410,707.59,23.44,13.01,3.93,0.0
20190218:1510,505.91,16.97,13.17,3.72,0.0
20190218:1610,180.14,8.97,12.6,2.9,0.0
20190218:1710,0.0,0.0,10.88,2.69,0.0
20190218:1810,0.0,0.0,9.52,2.41,0.0
20190218:1910,0.0,0.0,8.81,2.28,0.0
20190218:2010,0.0,0.0,8.26,2.14,0.0
20190218:2110,0.0,0.0,7.8,2.07,0.0
20190218:2210,0.0,0.0,7.65,1.93,0.0
20190218:2310,0.0,0.0,7.25,1.93,0.0
20190219:0010,0.0,0.0,7.11,2.07,0.0
20190219:0110,0.0,0.0,7.11,2.07,0.0
20190219:0210,0.0,0.0,7.06,1.93,0.0
20190219:0310,0.0,0.0,6.85,1.72,0.0
20190219:0410,0.0,0.0,6.65,1.72,0.0
20190219:0510,0.0,0.0,6.34,1.79,0.0
20190219:0610,0.0,0.0,5.73,1.86,0.0
20190219:0710,4.29,2.05,4.39,2.0,0.0
20190219:0810,97.27,10.93,4.64,1.31,0.0
20190219:0910,131.74,18.7,6.7,1.03,0.0
20190219:1010,224.46,24.81,8.37,0.97,0.0
20190219:1110,664.17,28.69,9.63,0.83,0.0
20190219:1210,841.78,29.85,10.62,1.31,0.0
20190219:1310,779.93,28.12,11.42,2.0,0.0
20190219:1410,611.92,23.76,11.45,2.07,0.0
20190219:1510,512.26,17.27,11.46,2.14,0.0
20190219:1610,228.38,9.25,11.23,1.52,0.0
20190219:1710,0.0,0.0,10.55,1.38,0.0
20190219:1810,0.0,0.0,8.72,1.59,0.0
20190219:1910,0.0,0.0,7.08,1.66,0.0
20190219:2010,0.0,0.0,6.13,1.79,0.0
20190219:2110,0.0,0.0,5.56,1.66,0.0
20190219:2210,0.0,0.0,5.54,1.38,0.0
20190219:2310,0.0,0.0,5.44,1.38,0.0
20190220:0010,0.0,0.0,5.61,1.24,0.0
20190220:0110,0.0,0.0,5.36,1.24,0.0
20190220:0210,0.0,0.0,5.01,1.24,0.0
20190220:0310,0.0,0.0,4.82,1.31,0.0
20190220:0410,0.0,0.0,4.8,1.31,0.0
20190220:0510,0.0,0.0,4.7,1.17,0.0
20190220:0610,0.0,0.0,4.77,0.97,0.0
20190220:0710,5.15,2.34,1.7,1.1,0.0
20190220:0810,85.02,11.24,2.56,0.55,0.0
20190220:0910,214.7,19.02,4.97,0.76,0.0
20190220:1010,735.0,25.15,7.29,0.83,0.0
20190220:1110,881.13,29.04,9.83,1.17,0.0
20190220:1210,946.82,30.2,11.75,1.66,0.0
20190220:1310,371.58,28.47,13.01,2.48,0.0
20190220:1410,444.75,24.08,13.28,2.55,0.0
20190220:1510,478.18,17.57,13.27,2.14,0.0
20190220:1610,255.74,9.53,12.96,0.97,0.0
20190220:1710,0.0,0.0,12.38,1.31,0.0
20190220:1810,0.0,0.0,10.93,2.07,0.0
20190220:1910,0.0,0.0,8.79,2.07,0.0
20190220:2010,0.0,0.0,7.22,2.0,0.0
20190220:2110,0.0,0.0,5.96,2.0,0.0
20190220:2210,0.0,0.0,5.05,1.86,0.0
20190220:2310,0.0,0.0,4.24,1.86,0.0
20190221:0010,0.0,0.0,3.54,1.79,0.0
20190221:0110,0.0,0.0,3.01,1.72,0.0
20190221:0210,0.0,0.0,2.83,1.66,0.0
20190221:0310,0.0,0.0,2.68,1.52,0.0
20190221:0410,0.0,0.0,2.57,1.45,0.0
20190221:0510,0.0,0.0,2.28,1.45,0.0
20190221:0610,0.0,0.0,1.85,1.52,0.0
20190221:0710,6.87,2.63,1.67,1.72,0.0
20190221:0810,326.89,11.55,3.01,1.1,0.0
20190221:0910,511.7,19.35,6.58,1.03,0.0
20190221:1010,638.86,25.5,9.29,1.31,0.0
20190221:1110,784.2,29.4,11.44,1.59,0.0
20190221:1210,957.24,30.57,12.96,1.86,0.0
20190221:1310,887.32,28.82,13.6,2.0,0.0
20190221:1410,721.66,24.41,13.57,1.86,0.0
20190221:1510,536.16,17.88,13.5,1.66,0.0
20190221:1610,270.93,9.81,13.16,1.45,0.0
20190221:1710,0.0,0.0,12.0,1.59,0.0
20190221:1810,0.0,0.0,9.92,1.86,0.0
20190221:1910,0.0,0.0,8.71,1.45,0.0
20190221:2010,0.0,0.0,7.92,1.31,0.0
20190221:2110,0.0,0.0,8.32,0.9,0.0
20190221:2210,0.0,0.0,7.54,0.62,0.0
20190221:2310,0.0,0.0,6.67,0.97,0.0
20190222:0010,0.0,0.0,5.93,1.03,0.0
20190222:0110,0.0,0.0,5.47,0.97,0.0
20190222:0210,0.0,0.0,2.77,1.59,0.0
20190222:0310,0.0,0.0,1.82,1.79,0.0
20190222:0410,0.0,0.0,1.64,1.72,0.0
20190222:0510,0.0,0.0,2.02,1.45,0.0
20190222:0610,0.0,0.0,3.29,0.9,0.0
20190222:0710,9.45,2.93,1.13,1.17,0.0
20190222:0810,342.96,11.86,2.65,0.69,0.0
20190222:0910,582.26,19.68,5.08,0.69,0.0
20190222:1010,772.18,25.85,7.8,0.83,0.0
20190222:1110,892.53,29.77,10.85,1.17,0.0
20190222:1210,940.16,30.93,12.99,1.45,0.0
20190222:1310,887.08,29.17,14.11,1.31,0.0
20190222:1410,708.26,24.74,14.68,1.45,0.0
20190222:1510,537.13,18.18,14.78,1.86,0.0
20190222:1610,279.82,10.09,14.24,1.86,0.0
20190222:1710,0.0,0.0,12.6,2.34,0.0
20190222:1810,0.0,0.0,10.63,2.55,0.0
20190222:1910,0.0,0.0,9.97,2.48,0.0
20190222:2010,0.0,0.0,8.91,2.48,0.0
20190222:2110,0.0,0.0,8.29,2.55,0.0
20190222:2210,0.0,0.0,7.9,2.62,0.0
20190222:2310,0.0,0.0,7.63,2.69,0.0
20190223:0010,0.0,0.0,7.32,2.83,0.0
20190223:0110,0.0,0.0,6.88,2.83,0.0
20190223:0210,0.0,0.0,6.4,2.83,0.0
20190223:0310,0.0,0.0,5.93,2.83,0.0
20190223:0410,0.0,0.0,5.47,2.76,0.0
20190223:0510,0.0,0.0,5.06,2.76,0.0
20190223:0610,0.0,0.0,4.72,2.76,0.0
20190223:0710,12.02,3.23,4.86,3.03,0.0
20190223:0810,353.47,12.18,5.71,2.69,0.0
20190223:0910,589.3,20.02,7.79,2.9,0.0
20190223:1010,769.14,26.2,9.6,3.31,0.0
20190223:1110,882.01,30.13,11.13,3.17,0.0
20190223:1210,891.12,31.29,12.35,2.9,0.0
20190223:1310,869.87,29.52,13.22,2.83,0.0
20190223:1410,713.28,25.07,13.68,2.76,0.0
20190223:1510,541.09,18.48,13.71,2.9,0.0
20190223:1610,289.51,10.37,13.13,2.48,0.0
20190223:1710,0.0,0.0,11.4,2.48,0.0
20190223:1810,0.0,0.0,9.35,2.55,0.0
20190223:1910,0.0,0.0,8.76,2.62,0.0
20190223:2010,0.0,0.0,7.5,2.62,0.0
20190223:2110,0.0,0.0,6.36,2.69,0.0
20190223:2210,0.0,0.0,5.34,2.62,0.0
20190223:2310,0.0,0.0,4.47,2.69,0.0
20190224:0010,0.0,0.0,3.75,2.62,0.0
20190224:0110,0.0,0.0,3.07,2.55,0.0
20190224:0210,0.0,0.0,2.41,2.48,0.0
20190224:0310,0.0,0.0,1.85,2.41,0.0
20190224:0410,0.0,0.0,1.33,2.34,0.0
20190224:0510,0.0,0.0,0.85,2.34,0.0
20190224:0610,0.0,0.0,0.37,2.21,0.0
20190224:0710,14.6,3.54,0.3,2.34,0.0
20190224:0810,373.33,12.49,1.76,1.79,0.0
20190224:0910,604.66,20.35,5.48,2.0,0.0
20190224:1010,790.67,26.56,7.56,2.34,0.0
20190224:1110,904.99,30.5,9.48,2.41,0.0
20190224:1210,907.29,31.66,11.03,2.41,0.0
20190224:1310,885.8,29.87,12.19,2.62,0.0
20190224:1410,734.98,25.4,12.9,2.83,0.0
20190224:1510,498.81,18.78,13.1,2.9,0.0
20190224:1610,317.65,10.65,12.57,2.28,0.0
20190224:1710,0.0,0.0,10.94,2.41,0.0
20190224:1810,0.0,0.0,9.0,2.55,0.0
20190224:1910,0.0,0.0,8.16,2.62,0.0
20190224:2010,0.0,0.0,7.02,2.55,0.0
20190224:2110,0.0,0.0,5.98,2.55,0.0
20190224:2210,0.0,0.0,5.09,2.55,0.0
20190224:2310,0.0,0.0,4.27,2.48,0.0
20190225:0010,0.0,0.0,3.52,2.41,0.0
20190225:0110,0.0,0.0,2.92,2.48,0.0
20190225:0210,0.0,0.0,2.41,2.41,0.0
20190225:0310,0.0,0.0,1.94,2.34,0.0
20190225:0410,0.0,0.0,1.48,2.28,0.0
20190225:0510,0.0,0.0,1.07,2.21,0.0
20190225:0610,0.0,0.0,0.72,2.21,0.0
20190225:0710,16.32,3.85,0.57,2.34,0.0
20190225:0810,376.92,12.82,2.47,2.07,0.0
20190225:0910,626.27,20.69,6.37,2.21,0.0
20190225:1010,799.81,26.92,8.79,2.48,0.0
20190225:1110,914.0,30.87,10.92,2.62,0.0
20190225:1210,909.67,32.03,12.61,2.14,0.0
20190225:1310,901.56,30.23,13.83,1.66,0.0
20190225:1410,750.97,25.73,14.6,2.28,0.0
20190225:1510,570.29,19.09,14.78,2.83,0.0
20190225:1610,311.44,10.93,14.17,2.41,0.0
20190225:1710,1.72,1.78,12.45,2.48,0.0
20190225:1810,0.0,0.0,10.33,2.62,0.0
20190225:1910,0.0,0.0,9.48,2.69,0.0
20190225:2010,0.0,0.0,8.33,2.69,0.0
20190225:2110,0.0,0.0,7.41,2.76,0.0
20190225:2210,0.0,0.0,6.76,2.76,0.0
20190225:2310,0.0,0.0,6.05,2.62,0.0
20190226:0010,0.0,0.0,5.19,2.48,0.0
20190226:0110,0.0,0.0,4.38,2.41,0.0
20190226:0210,0.0,0.0,3.73,2.41,0.0
20190226:0310,0.0,0.0,3.09,2.34,0.0
20190226:0410,0.0,0.0,2.43,2.14,0.0
20190226:0510,0.0,0.0,1.84,2.0,0.0
20190226:0610,0.0,0.0,1.24,2.0,0.0
20190226:0710,18.89,4.16,0.81,2.07,0.0
20190226:0810,396.19,13.14,2.71,1.66,0.0
20190226:0910,635.43,21.04,7.1,1.86,0.0
20190226:1010,806.92,27.28,9.68,1.86,0.0
20190226:1110,929.15,31.24,12.02,1.72,0.0
20190226:1210,915.45,32.4,13.95,1.79,0.0
20190226:1310,915.29,30.58,15.36,1.93,0.0
20190226:1410,751.55,26.06,16.26,2.07,0.0
20190226:1510,577.09,19.39,16.55,2.21,0.0
20190226:1610,321.13,11.21,16.0,1.79,0.0
20190226:1710,3.43,2.04,14.35,2.28,0.0
20190226:1810,0.0,0.0,12.04,2.41,0.0
20190226:1910,0.0,0.0,10.21,2.07,0.0
20190226:2010,0.0,0.0,8.13,2.07,0.0
20190226:2110,0.0,0.0,6.6,2.14,0.0
20190226:2210,0.0,0.0,5.46,2.21,0.0
20190226:2310,0.0,0.0,4.73,2.07,0.0
20190227:0010,0.0,0.0,4.21,1.93,0.0
20190227:0110,0.0,0.0,3.39,2.0,0.0
20190227:0210,0.0,0.0,2.75,2.0,0.0
20190227:0310,0.0,0.0,2.4,1.93,0.0
20190227:0410,0.0,0.0,2.07,1.86,0.0
20190227:0510,0.0,0.0,1.63,1.86,0.0
20190227:0610,0.0,0.0,1.23,1.86,0.0
20190227:0710,35.95,4.47,0.98,1.79,0.0
20190227:0810,391.5,13.47,3.64,1.03,0.0
20190227:0910,625.59,21.39,7.81,0.83,0.0
20190227:1010,811.8,27.65,10.96,0.9,0.0
20190227:1110,933.52,31.62,13.59,1.1,0.0
20190227:1210,922.86,32.78,15.59,1.38,0.0
20190227:1310,926.42,30.94,16.87,1.72,0.0
20190227:1410,763.0,26.39,17.56,2.0,0.0
20190227:1510,585.41,19.69,17.76,2.0,0.0
20190227:1610,320.66,11.49,17.24,1.45,0.0
20190227:1710,4.29,2.31,15.91,1.59,0.0
20190227:1810,0.0,0.0,12.71,1.72,0.0
20190227:1910,0.0,0.0,11.07,1.52,0.0
20190227:2010,0.0,0.0,9.71,1.52,0.0
20190227:2110,0.0,0.0,8.13,1.66,0.0
20190227:2210,0.0,0.0,5.97,2.21,0.0
20190227:2310,0.0,0.0,5.06,2.34,0.0
20190228:0010,0.0,0.0,4.88,2.55,0.0
20190228:0110,0.0,0.0,4.96,2.69,0.0
20190228:0210,0.0,0.0,5.33,2.97,0.0
20190228:0310,0.0,0.0,5.97,3.17,0.0
20190228:0410,0.0,0.0,6.5,3.31,0.0
20190228:0510,0.0,0.0,6.9,3.45,0.0
20190228:0610,0.0,0.0,7.24,3.86,0.0
20190228:0710,38.0,4.79,7.51,3.86,0.0
20190228:0810,370.99,13.8,8.36,3.93,0.0
20190228:0910,591.67,21.74,10.0,4.69,0.0
20190228:1010,353.7,28.01,10.88,6.76,0.0
20190228:1110,165.25,32.0,12.05,6.62,0.0
20190228:1210,121.98,33.16,12.88,6.21,0.0
20190228:1310,531.12,31.3,13.29,5.31,0.0
20190228:1410,63.29,26.72,13.5,4.62,0.0
20190228:1510,245.57,20.0,13.49,5.45,0.0
20190228:1610,58.38,11.77,13.13,5.66,0.0
20190228:1710,1.72,2.57,12.38,5.52,0.0
20190228:1810,0.0,0.0,11.36,5.24,0.0
20190228:1910,0.0,0.0,10.02,4.48,0.0
20190228:2010,0.0,0.0,9.89,4.62,0.0
20190228:2110,0.0,0.0,9.69,4.9,0.0
20190228:2210,0.0,0.0,9.62,4.97,0.0
20190228:2310,0.0,0.0,9.67,5.24,0.0
20190301:0010,0.0,0.0,9.62,5.86,0.0
20190301:0110,0.0,0.0,9.55,6.14,0.0
20190301:0210,0.0,0.0,9.38,5.93,0.0
20190301:0310,0.0,0.0,9.24,5.59,0.0
20190301:0410,0.0,0.0,8.8,5.24,0.0
20190301:0510,0.0,0.0,8.44,5.03,0.0
20190301:0610,0.0,0.0,8.34,4.62,0.0
20190301:0710,68.46,5.11,8.07,4.14,0.0
20190301:0810,88.19,14.14,8.74,4.14,0.0
20190301:0910,181.39,22.09,9.33,3.52,0.0
20190301:1010,55.95,28.38,10.12,3.45,0.0
20190301:1110,241.58,32.38,10.9,3.17,0.0
20190301:1210,44.94,33.53,11.37,2.83,0.0
20190301:1310,45.86,31.66,11.73,2.83,0.0
20190301:1410,78.88,27.05,11.81,2.76,0.0
20190301:1510,136.22,20.3,11.89,2.83,0.0
20190301:1610,49.53,12.05,11.71,2.48,0.0
20190301:1710,7.73,2.83,11.14,1.86,0.0
20190301:1810,0.0,0.0,10.54,1.59,0.0
20190301:1910,0.0,0.0,9.58,1.31,0.0
20190301:2010,0.0,0.0,9.23,1.31,0.0
20190301:2110,0.0,0.0,9.04,1.38,0.0
20190301:2210,0.0,0.0,8.96,1.66,0.0
20190301:2310,0.0,0.0,8.91,2.07,0.0
20190302:0010,0.0,0.0,8.83,2.62,0.0
20190302:0110,0.0,0.0,8.85,3.31,0.0
20190302:0210,0.0,0.0,8.6,3.38,0.0
20190302:0310,0.0,0.0,8.19,3.24,0.0
20190302:0410,0.0,0.0,7.91,3.45,0.0
20190302:0510,0.0,0.0,7.81,3.72,0.0
20190302:0610,0.0,0.0,7.57,3.93,0.0
20190302:0710,35.52,5.44,7.4,3.93,0.0
20190302:0810,62.37,14.48,7.5,3.38,0.0
20190302:0910,124.3,22.44,8.22,2.55,0.0
20190302:1010,203.18,28.76,9.78,4.0,0.0
20190302:1110,215.99,32.76,11.17,5.59,0.0
20190302:1210,106.39,33.91,12.49,5.24,0.0
20190302:1310,141.25,32.02,12.83,4.97,0.0
20190302:1410,196.94,27.39,12.81,4.21,0.0
20190302:1510,121.0,20.61,12.78,4.14,0.0
20190302:1610,90.19,12.33,12.66,4.0,0.0
20190302:1710,12.88,3.1,12.13,3.79,0.0
20190302:1810,0.0,0.0,11.06,3.79,0.0
20190302:1910,0.0,0.0,10.27,4.07,0.0
20190302:2010,0.0,0.0,9.73,4.28,0.0
20190302:2110,0.0,0.0,9.28,4.69,0.0
20190302:2210,0.0,0.0,8.86,5.1,0.0
20190302:2310,0.0,0.0,8.65,5.31,0.0
20190303:0010,0.0,0.0,8.93,5.17,0.0
20190303:0110,0.0,0.0,9.47,5.17,0.0
20190303:0210,0.0,0.0,9.8,5.24,0.0
20190303:0310,0.0,0.0,10.01,5.24,0.0
20190303:0410,0.0,0.0,10.19,5.24,0.0
20190303:0510,0.0,0.0,10.21,5.31,0.0
20190303:0610,0.0,0.0,10.17,5.52,0.0
20190303:0710,15.59,5.76,10.8,5.66,0.0
20190303:0810,38.52,14.82,10.94,5.79,0.0
20190303:0910,138.51,22.8,11.05,6.07,0.0
20190303:1010,77.96,29.13,11.45,5.79,0.0
20190303:1110,93.55,33.15,11.97,7.93,0.0
20190303:1210,80.71,34.3,13.29,9.17,0.0
20190303:1310,247.04,32.39,14.22,9.1,0.0
20190303:1410,64.2,27.72,14.52,7.38,0.0
20190303:1510,97.22,20.91,14.13,7.03,0.0
20190303:1610,13.76,12.61,13.92,6.69,0.0
20190303:1710,4.29,3.36,13.94,6.62,0.0
20190303:1810,0.0,0.0,13.98,6.9,0.0
20190303:1910,0.0,0.0,13.19,6.97,0.0
20190303:2010,0.0,0.0,12.95,6.97,0.0
20190303:2110,0.0,0.0,12.86,6.48,0.0
20190303:2210,0.0,0.0,13.12,7.03,0.0
20190303:2310,0.0,0.0,11.96,8.28,0.0
20190304:0010,0.0,0.0,11.61,9.24,0.0
20190304:0110,0.0,0.0,11.58,8.48,0.0
20190304:0210,0.0,0.0,11.38,8.83,0.0
20190304:0310,0.0,0.0,11.06,9.86,0.0
20190304:0410,0.0,0.0,9.78,9.79,0.0
20190304:0510,0.0,0.0,9.03,9.38,0.0
20190304:0610,0.0,0.0,8.35,9.59,0.0
20190304:0710,54.37,6.09,8.76,9.59,0.0
20190304:0810,82.31,15.16,8.83,9.79,0.0
20190304:0910,32.1,23.16,8.54,9.52,0.0
20190304:1010,271.48,29.51,8.68,9.1,0.0
20190304:1110,113.73,33.54,8.46,9.03,0.0
20190304:1210,285.55,34.68,7.6,7.79,0.0
20190304:1310,276.88,32.75,7.14,6.28,0.0
20190304:1410,137.69,28.05,8.13,6.48,0.0
20190304:1510,263.46,21.21,8.9,6.69,0.0
20190304:1610,71.48,12.89,8.46,7.38,0.0
20190304:1710,16.32,3.62,7.77,6.34,0.0
20190304:1810,0.0,0.0,7.17,5.17,0.0
20190304:1910,0.0,0.0,7.32,4.9,0.0
20190304:2010,0.0,0.0,7.18,4.9,0.0
20190304:2110,0.0,0.0,6.78,5.03,0.0
20190304:2210,0.0,0.0,6.49,5.1,0.0
20190304:2310,0.0,0.0,5.99,5.03,0.0
20190305:0010,0.0,0.0,5.61,5.17,0.0
20190305:0110,0.0,0.0,5.27,5.03,0.0
20190305:0210,0.0,0.0,5.04,4.9,0.0
20190305:0310,0.0,0.0,4.97,5.17,0.0
20190305:0410,0.0,0.0,5.13,5.59,0.0
20190305:0510,0.0,0.0,5.54,5.72,0.0
20190305:0610,0.0,0.0,5.96,5.72,0.0
20190305:0710,31.14,6.43,6.18,5.59,0.0
20190305:0810,90.84,15.51,6.5,5.45,0.0
20190305:0910,97.22,23.52,6.64,5.17,0.0
20190305:1010,149.59,29.89,6.83,4.97,0.0
20190305:1110,97.22,33.93,7.37,4.07,0.0
20190305:1210,101.81,35.06,7.81,3.45,0.0
20190305:1310,226.03,33.11,8.43,3.1,0.0
20190305:1410,400.4,28.39,9.13,3.31,0.0
20190305:1510,179.54,21.52,9.61,3.38,0.0
20190305:1610,133.0,13.16,9.94,3.31,0.0
20190305:1710,18.03,3.89,9.88,3.1,0.0
20190305:1810,0.0,0.0,9.32,3.03,0.0
20190305:1910,0.0,0.0,9.05,3.31,0.0
20190305:2010,0.0,0.0,8.67,3.66,0.0
20190305:2110,0.0,0.0,8.34,3.79,0.0
20190305:2210,0.0,0.0,7.88,3.86,0.0
20190305:2310,0.0,0.0,7.76,4.21,0.0
20190306:0010,0.0,0.0,7.75,4.62,0.0
20190306:0110,0.0,0.0,7.8,5.03,0.0
20190306:0210,0.0,0.0,7.94,5.24,0.0
20190306:0310,0.0,0.0,8.04,5.03,0.0
20190306:0410,0.0,0.0,7.84,4.62,0.0
20190306:0510,0.0,0.0,7.92,4.9,0.0
20190306:0610,0.0,0.0,7.98,4.97,0.0
20190306:0710,33.79,6.76,8.95,4.55,0.0
20190306:0810,42.19,15.85,9.92,4.69,0.0
20190306:0910,52.28,23.89,11.25,4.62,0.0
20190306:1010,66.95,30.27,12.19,5.31,0.0
20190306:1110,80.71,34.32,12.85,5.52,0.0
20190306:1210,62.37,35.45,13.58,5.66,0.0
20190306:1310,88.05,33.48,12.81,5.45,0.0
20190306:1410,196.76,28.72,13.4,5.79,0.0
20190306:1510,118.64,21.82,13.07,5.1,0.0
20190306:1610,23.85,13.44,12.24,4.48,0.0
20190306:1710,12.02,4.15,11.89,3.86,0.0
20190306:1810,0.0,0.0,11.46,3.93,0.0
20190306:1910,0.0,0.0,11.3,4.07,0.0
20190306:2010,0.0,0.0,11.22,4.28,0.0
20190306:2110,0.0,0.0,11.09,4.69,0.0
20190306:2210,0.0,0.0,10.97,4.62,0.0
20190306:2310,0.0,0.0,10.94,4.69,0.0
20190307:0010,0.0,0.0,10.61,5.1,0.0
20190307:0110,0.0,0.0,10.14,6.76,0.0
20190307:0210,0.0,0.0,9.07,6.21,0.0
20190307:0310,0.0,0.0,8.62,6.07,0.0
20190307:0410,0.0,0.0,8.28,6.69,0.0
20190307:0510,0.0,0.0,7.71,6.21,0.0
20190307:0610,0.0,0.0,7.35,4.83,0.0
20190307:0710,150.51,7.1,6.88,5.52,0.0
20190307:0810,351.33,16.2,7.3,5.38,0.0
20190307:0910,143.61,24.26,8.18,8.41,0.0
20190307:1010,389.47,30.65,9.02,8.41,0.0
20190307:1110,397.41,34.71,9.89,8.28,0.0
20190307:1210,360.99,35.84,10.74,7.79,0.0
20190307:1310,302.49,33.84,11.13,7.59,0.0
20190307:1410,292.11,29.06,11.34,7.38,0.0
20190307:1510,291.57,22.12,11.36,7.1,0.0
20190307:1610,61.45,13.72,10.5,6.48,0.0
20190307:1710,20.61,4.41,9.73,6.21,0.0
20190307:1810,0.0,0.0,8.88,5.72,0.0
20190307:1910,0.0,0.0,8.52,5.38,0.0
20190307:2010,0.0,0.0,8.14,5.17,0.0
20190307:2110,0.0,0.0,7.54,5.1,0.0
20190307:2210,0.0,0.0,7.02,4.97,0.0
20190307:2310,0.0,0.0,6.59,4.83,0.0
20190308:0010,0.0,0.0,6.22,4.69,0.0
20190308:0110,0.0,0.0,6.04,4.55,0.0
20190308:0210,0.0,0.0,5.93,4.41,0.0
20190308:0310,0.0,0.0,5.58,4.21,0.0
20190308:0410,0.0,0.0,5.2,4.0,0.0
20190308:0510,0.0,0.0,4.83,3.79,0.0
20190308:0610,0.0,0.0,4.36,3.59,0.0
20190308:0710,128.48,7.44,4.55,3.59,0.0
20190308:0810,383.63,16.56,5.71,3.24,0.0
20190308:0910,597.49,24.62,7.69,3.79,0.0
20190308:1010,644.73,31.04,9.44,4.69,0.0
20190308:1110,415.76,35.1,10.54,4.62,0.0
20190308:1210,506.87,36.22,11.48,5.24,0.0
20190308:1310,630.04,34.21,11.86,5.59,0.0
20190308:1410,462.25,29.39,11.98,5.52,0.0
20190308:1510,185.62,22.43,11.63,4.76,0.0
20190308:1610,115.7,14.0,11.03,4.55,0.0
20190308:1710,18.03,4.67,9.94,3.66,0.0
20190308:1810,0.0,0.0,9.25,3.93,0.0
20190308:1910,0.0,0.0,9.08,4.55,0.0
20190308:2010,0.0,0.0,8.99,5.24,0.0
20190308:2110,0.0,0.0,8.79,5.79,0.0
20190308:2210,0.0,0.0,8.59,6.14,0.0
20190308:2310,0.0,0.0,8.19,6.48,0.0
20190309:0010,0.0,0.0,8.04,6.83,0.0
20190309:0110,0.0,0.0,8.21,7.03,0.0
20190309:0210,0.0,0.0,8.72,6.76,0.0
20190309:0310,0.0,0.0,9.24,6.0,0.0
20190309:0410,0.0,0.0,9.64,5.17,0.0
20190309:0510,0.0,0.0,9.72,4.41,0.0
20190309:0610,0.0,0.0,9.64,4.0,0.0
20190309:0710,26.6,7.78,9.69,4.14,0.0
20190309:0810,61.45,16.91,10.14,4.62,0.0
20190309:0910,120.2,24.99,10.39,4.62,0.0
20190309:1010,69.71,31.43,10.25,5.24,0.0
20190309:1110,268.34,35.5,10.68,6.76,0.0
20190309:1210,99.97,36.61,11.39,7.59,0.0
20190309:1310,238.32,34.57,11.94,7.38,0.0
20190309:1410,315.75,29.72,12.6,6.07,0.0
20190309:1510,309.07,22.73,13.16,6.28,0.0
20190309:1610,88.08,14.27,13.55,5.72,0.0
20190309:1710,6.87,4.93,12.92,4.76,0.0
20190309:1810,0.0,0.0,12.32,4.28,0.0
20190309:1910,0.0,0.0,11.79,4.07,0.0
20190309:2010,0.0,0.0,11.49,3.1,0.0
20190309:2110,0.0,0.0,10.91,1.93,0.0
20190309:2210,0.0,0.0,10.4,2.07,0.0
20190309:2310,0.0,0.0,10.55,2.83,0.0
20190310:0010,0.0,0.0,10.83,4.48,0.0
20190310:0110,0.0,0.0,11.1,5.66,0.0
20190310:0210,0.0,0.0,11.33,6.9,0.0
20190310:0310,0.0,0.0,11.64,7.03,0.0
20190310:0410,0.0,0.0,11.41,7.79,0.0
20190310:0510,0.0,0.0,10.9,7.59,0.0
20190310:0610,0.0,0.0,10.62,7.45,0.0
20190310:0710,18.34,8.12,10.71,8.41,0.0
20190310:0810,409.66,17.26,11.18,8.55,0.0
20190310:0910,616.12,25.37,11.74,9.45,0.0
20190310:1010,699.43,31.81,12.08,9.79,0.0
20190310:1110,567.42,35.9,12.06,9.79,0.0
20190310:1210,449.91,37.0,12.41,9.66,0.0
20190310:1310,824.63,34.94,12.38,9.52,0.0
20190310:1410,592.49,30.06,11.75,9.03,0.0
20190310:1510,482.36,23.03,11.01,8.62,0.0
20190310:1610,246.53,14.55,10.3,7.66,0.0
20190310:1710,24.04,5.19,9.51,6.76,0.0
20190310:1810,0.0,0.0,8.56,5.86,0.0
20190310:1910,0.0,0.0,7.69,5.31,0.0
20190310:2010,0.0,0.0,7.02,4.83,0.0
20190310:2110,0.0,0.0,6.55,4.9,0.0
20190310:2210,0.0,0.0,6.39,5.45,0.0
20190310:2310,0.0,0.0,6.18,5.66,0.0
20190311:0010,0.0,0.0,5.99,5.79,0.0
20190311:0110,0.0,0.0,5.63,5.52,0.0
20190311:0210,0.0,0.0,5.05,5.38,0.0
20190311:0310,0.0,0.0,4.65,5.52,0.0
20190311:0410,0.0,0.0,4.41,5.86,0.0
20190311:0510,0.0,0.0,3.78,6.28,0.0
20190311:0610,0.0,0.0,3.11,6.28,0.0
20190311:0710,117.25,8.47,3.72,5.79,0.0
20190311:0810,425.23,17.62,4.69,5.52,0.0
20190311:0910,654.06,25.74,5.6,5.72,0.0
20190311:1010,736.22,32.2,6.92,6.14,0.0
20190311:1110,777.36,36.29,8.1,6.83,0.0
20190311:1210,664.26,37.39,8.75,7.24,0.0
20190311:1310,610.77,35.3,9.25,6.97,0.0
20190311:1410,424.9,30.39,9.34,6.76,0.0
20190311:1510,524.46,23.33,9.24,6.34,0.0
20190311:1610,371.04,14.82,8.94,6.07,0.0
20190311:1710,28.34,5.45,8.26,4.62,0.0
20190311:1810,0.0,0.0,7.09,3.24,0.0
20190311:1910,0.0,0.0,5.83,2.34,0.0
20190311:2010,0.0,0.0,4.94,2.21,0.0
20190311:2110,0.0,0.0,4.15,2.21,0.0
20190311:2210,0.0,0.0,3.33,2.34,0.0
20190311:2310,0.0,0.0,2.84,2.41,0.0
20190312:0010,0.0,0.0,3.1,2.55,0.0
20190312:0110,0.0,0.0,3.24,3.03,0.0
20190312:0210,0.0,0.0,3.46,3.38,0.0
20190312:0310,0.0,0.0,3.63,3.38,0.0
20190312:0410,0.0,0.0,4.0,3.52,0.0
20190312:0510,0.0,0.0,4.15,4.14,0.0
20190312:0610,0.0,0.0,4.29,4.48,0.0
20190312:0710,124.49,8.81,5.62,5.24,0.0
20190312:0810,268.95,17.98,6.55,5.24,0.0
20190312:0910,514.02,26.11,7.63,5.72,0.0
20190312:1010,699.46,32.59,8.95,6.69,0.0
20190312:1110,760.81,36.69,10.19,7.24,0.0
20190312:1210,640.81,37.78,11.24,7.79,0.0
20190312:1310,295.73,35.67,11.65,7.93,0.0
20190312:1410,306.96,30.72,11.66,7.31,0.0
20190312:1510,97.22,23.63,11.72,7.24,0.0
20190312:1610,19.26,15.1,11.75,8.0,0.0
20190312:1710,6.01,5.7,11.32,8.41,0.0
20190312:1810,0.0,0.0,8.11,8.83,0.0
20190312:1910,0.0,0.0,5.85,6.55,0.0
20190312:2010,0.0,0.0,4.9,5.31,0.0
20190312:2110,0.0,0.0,4.67,5.24,0.0
20190312:2210,0.0,0.0,4.95,5.38,0.0
20190312:2310,0.0,0.0,5.04,5.52,0.0
20190313:0010,0.0,0.0,4.71,5.66,0.0
20190313:0110,0.0,0.0,4.62,5.86,0.0
20190313:0210,0.0,0.0,4.59,5.86,0.0
20190313:0310,0.0,0.0,4.53,5.86,0.0
20190313:0410,0.0,0.0,4.43,5.79,0.0
20190313:0510,0.0,0.0,4.3,5.72,0.0
20190313:0610,0.0,0.0,4.35,5.79,0.0
20190313:0710,164.09,9.16,4.61,5.86,0.0
20190313:0810,329.75,18.34,5.52,5.1,0.0
20190313:0910,553.27,26.49,7.26,8.69,0.0
20190313:1010,487.71,32.99,8.1,8.62,0.0
20190313:1110,383.66,37.09,8.84,7.31,0.0
20190313:1210,266.11,38.18,10.1,7.31,0.0
20190313:1310,495.42,36.04,10.96,7.24,0.0
20190313:1410,742.68,31.05,10.75,7.59,0.0
20190313:1510,465.5,23.93,9.08,7.1,0.0
20190313:1610,208.44,15.37,9.33,6.07,0.0
20190313:1710,30.06,5.96,9.03,6.34,0.0
20190313:1810,0.0,0.0,8.16,6.07,0.0
20190313:1910,0.0,0.0,7.4,5.72,0.0
20190313:2010,0.0,0.0,7.07,5.24,0.0
20190313:2110,0.0,0.0,6.77,4.9,0.0
20190313:2210,0.0,0.0,6.47,4.62,0.0
20190313:2310,0.0,0.0,6.25,4.34,0.0
20190314:0010,0.0,0.0,5.81,4.28,0.0
20190314:0110,0.0,0.0,6.01,4.48,0.0
20190314:0210,0.0,0.0,6.18,4.62,0.0
20190314:0310,0.0,0.0,6.52,4.9,0.0
20190314:0410,0.0,0.0,6.73,5.17,0.0
20190314:0510,0.0,0.0,6.89,5.59,0.0
20190314:0610,0.0,0.0,6.98,5.86,0.0
20190314:0710,30.27,9.51,7.01,6.41,0.0
20190314:0810,66.95,18.7,7.05,7.03,0.0
20190314:0910,74.29,26.87,7.24,7.52,0.0
20190314:1010,98.14,33.38,7.7,8.0,0.0
20190314:1110,153.17,37.49,8.24,8.48,0.0
20190314:1210,260.35,38.57,8.78,8.41,0.0
20190314:1310,88.97,36.4,9.36,8.14,0.0
20190314:1410,107.31,31.38,9.94,7.86,0.0
20190314:1510,147.68,24.22,10.38,7.93,0.0
20190314:1610,90.04,15.64,10.58,7.79,0.0
20190314:1710,22.33,6.22,10.72,7.66,0.0
20190314:1810,0.0,0.0,10.75,7.72,0.0
20190314:1910,0.0,0.0,10.46,6.83,0.0
20190314:2010,0.0,0.0,10.4,5.93,0.0
20190314:2110,0.0,0.0,10.13,5.38,0.0
20190314:2210,0.0,0.0,10.17,4.62,0.0
20190314:2310,0.0,0.0,10.01,3.79,0.0
20190315:0010,0.0,0.0,10.14,4.41,0.0
20190315:0110,0.0,0.0,10.34,5.31,0.0
20190315:0210,0.0,0.0,10.41,5.86,0.0
20190315:0310,0.0,0.0,10.45,6.55,0.0
20190315:0410,0.0,0.0,10.43,6.62,0.0
20190315:0510,0.0,0.0,10.39,6.69,0.0
20190315:0610,0.0,0.0,10.34,6.76,0.0
20190315:0710,51.54,9.86,10.36,7.03,0.0
20190315:0810,67.87,19.06,10.58,6.9,0.0
20190315:0910,103.64,27.25,10.82,7.03,0.0
20190315:1010,91.72,33.77,11.57,8.21,0.0
20190315:1110,88.05,37.9,12.13,7.66,0.0
20190315:1210,121.07,38.96,12.45,7.66,0.0
20190315:1310,99.97,36.77,12.65,7.66,0.0
20190315:1410,66.04,31.71,12.45,6.9,0.0
20190315:1510,60.53,24.52,12.36,6.69,0.0
20190315:1610,49.53,15.91,12.07,6.34,0.0
20190315:1710,18.89,6.47,11.94,6.21,0.0
20190315:1810,0.0,0.0,11.79,5.93,0.0
20190315:1910,0.0,0.0,11.97,6.34,0.0
20190315:2010,0.0,0.0,11.92,6.07,0.0
20190315:2110,0.0,0.0,11.79,5.86,0.0
20190315:2210,0.0,0.0,11.65,5.86,0.0
20190315:2310,0.0,0.0,11.26,5.72,0.0
20190316:0010,0.0,0.0,10.99,5.66,0.0
20190316:0110,0.0,0.0,10.54,5.45,0.0
20190316:0210,0.0,0.0,10.36,5.38,0.0
20190316:0310,0.0,0.0,10.14,5.31,0.0
20190316:0410,0.0,0.0,9.96,5.31,0.0
20190316:0510,0.0,0.0,9.81,5.31,0.0
20190316:0610,0.0,0.0,9.63,5.38,0.0
20190316:0710,55.12,10.21,9.23,5.72,0.0
20190316:0810,87.13,19.42,9.58,6.55,0.0
20190316:0910,136.58,27.62,10.11,7.45,0.0
20190316:1010,163.26,34.17,10.81,7.1,0.0
20190316:1110,224.42,38.3,11.38,7.45,0.0
20190316:1210,271.06,39.35,11.91,7.31,0.0
20190316:1310,617.77,37.13,12.36,7.17,0.0
20190316:1410,751.29,32.04,13.23,7.59,0.0
20190316:1510,573.42,24.82,13.29,7.1,0.0
20190316:1610,362.88,16.18,13.2,6.83,0.0
20190316:1710,31.77,6.73,12.44,5.93,0.0
20190316:1810,0.0,0.0,11.51,5.86,0.0
20190316:1910,0.0,0.0,10.72,6.07,0.0
20190316:2010,0.0,0.0,9.97,6.14,0.0
20190316:2110,0.0,0.0,9.41,6.41,0.0
20190316:2210,0.0,0.0,8.76,6.48,0.0
20190316:2310,0.0,0.0,8.44,6.48,0.0
20190317:0010,0.0,0.0,8.2,6.41,0.0
20190317:0110,0.0,0.0,8.31,6.28,0.0
20190317:0210,0.0,0.0,8.43,6.34,0.0
20190317:0310,0.0,0.0,8.75,6.48,0.0
20190317:0410,0.0,0.0,9.03,6.28,0.0
20190317:0510,0.0,0.0,8.33,5.66,0.0
20190317:0610,0.0,0.0,7.2,4.9,0.0
20190317:0710,163.99,10.56,7.21,4.62,0.0
20190317:0810,201.15,19.79,7.07,4.34,0.0
20190317:0910,490.68,28.0,7.33,5.38,0.0
20190317:1010,423.54,34.56,8.59,5.79,0.0
20190317:1110,953.0,38.7,9.39,5.59,0.0
20190317:1210,128.4,39.74,9.8,5.93,0.0
20190317:1310,930.32,37.5,7.57,6.83,0.0
20190317:1410,776.8,32.37,8.81,6.28,0.0
20190317:1510,84.38,25.11,9.26,6.07,0.0
20190317:1610,107.17,16.45,8.34,6.28,0.0
20190317:1710,37.72,6.98,7.37,4.55,0.0
20190317:1810,0.0,0.0,6.48,4.0,0.0
20190317:1910,0.0,0.0,5.7,3.17,0.0
20190317:2010,0.0,0.0,5.27,2.83,0.0
20190317:2110,0.0,0.0,4.74,3.03,0.0
20190317:2210,0.0,0.0,4.49,3.24,0.0
20190317:2310,0.0,0.0,4.43,3.52,0.0
20190318:0010,0.0,0.0,4.52,3.45,0.0
20190318:0110,0.0,0.0,4.32,3.59,0.0
20190318:0210,0.0,0.0,4.12,3.66,0.0
20190318:0310,0.0,0.0,4.06,3.52,0.0
20190318:0410,0.0,0.0,3.87,3.31,0.0
20190318:0510,0.0,0.0,3.9,3.17,0.0
20190318:0610,0.0,0.0,3.93,2.83,0.0
20190318:0710,205.07,10.91,4.29,2.62,0.0
20190318:0810,444.51,20.15,5.9,2.83,0.0
20190318:0910,541.05,28.38,7.46,3.86,0.0
20190318:1010,385.95,34.96,8.76,4.41,0.0
20190318:1110,736.72,39.1,9.47,4.48,0.0
20190318:1210,691.41,40.14,10.19,4.69,0.0
20190318:1310,537.7,37.86,10.47,4.62,0.0
20190318:1410,415.67,32.7,10.56,4.34,0.0
20190318:1510,235.83,25.4,10.56,4.07,0.0
20190318:1610,264.27,16.72,9.8,3.93,0.0
20190318:1710,128.31,7.24,8.91,3.03,0.0
20190318:1810,0.0,0.0,7.92,2.28,0.0
20190318:1910,0.0,0.0,6.86,2.21,0.0
20190318:2010,0.0,0.0,5.96,2.14,0.0
20190318:2110,0.0,0.0,4.88,2.14,0.0
20190318:2210,0.0,0.0,4.01,2.14,0.0
20190318:2310,0.0,0.0,3.29,2.0,0.0
20190319:0010,0.0,0.0,2.4,1.86,0.0
20190319:0110,0.0,0.0,1.68,1.72,0.0
20190319:0210,0.0,0.0,1.23,1.59,0.0
20190319:0310,0.0,0.0,0.8,1.66,0.0
20190319:0410,0.0,0.0,0.55,1.52,0.0
20190319:0510,0.0,0.0,0.58,1.31,0.0
20190319:0610,0.0,0.0,1.18,0.97,0.0
20190319:0710,210.74,11.26,0.35,0.28,0.0
20190319:0810,465.55,20.51,2.34,0.34,0.0
20190319:0910,658.41,28.76,5.35,0.28,0.0
20190319:1010,679.78,35.35,7.27,0.21,0.0
20190319:1110,640.24,39.51,8.34,0.21,0.0
20190319:1210,413.37,40.53,9.78,0.28,0.0
20190319:1310,470.18,38.22,10.41,0.28,0.0
20190319:1410,479.72,33.02,10.55,0.28,0.0
20190319:1510,382.75,25.7,10.85,0.28,0.0
20190319:1610,238.76,16.99,10.82,0.34,0.0
20190319:1710,118.74,7.49,10.61,0.48,0.0
20190319:1810,0.0,0.0,9.14,1.03,0.0
20190319:1910,0.0,0.0,7.12,1.93,0.0
20190319:2010,0.0,0.0,5.7,2.07,0.0
20190319:2110,0.0,0.0,4.84,1.93,0.0
20190319:2210,0.0,0.0,4.54,1.72,0.0
20190319:2310,0.0,0.0,4.79,1.45,0.0
20190320:0010,0.0,0.0,6.2,0.83,0.0
20190320:0110,0.0,0.0,5.82,0.55,0.0
20190320:0210,0.0,0.0,4.72,1.03,0.0
20190320:0310,0.0,0.0,3.34,1.31,0.0
20190320:0410,0.0,0.0,3.36,1.17,0.0
20190320:0510,0.0,0.0,3.65,0.97,0.0
20190320:0610,1.72,1.86,4.07,0.69,0.0
20190320:0710,208.49,11.62,3.88,0.34,0.0
20190320:0810,242.34,20.88,6.34,0.14,0.0
20190320:0910,296.23,29.14,8.94,0.21,0.0
20190320:1010,341.26,35.75,10.63,0.48,0.0
20190320:1110,698.22,39.91,11.46,0.76,0.0
20190320:1210,486.78,40.92,11.83,0.34,0.0
20190320:1310,501.91,38.59,12.1,0.41,0.0
20190320:1410,253.5,33.35,12.29,0.97,0.0
20190320:1510,209.39,25.99,12.28,0.97,0.0
20190320:1610,214.35,17.25,12.11,1.03,0.0
20190320:1710,128.09,7.74,11.78,1.1,0.0
20190320:1810,0.0,0.0,10.79,1.72,0.0
20190320:1910,0.0,0.0,9.22,1.79,0.0
20190320:2010,0.0,0.0,7.34,1.86,0.0
20190320:2110,0.0,0.0,6.01,2.0,0.0
20190320:2210,0.0,0.0,5.18,1.93,0.0
20190320:2310,0.0,0.0,4.7,1.86,0.0
20190321:0010,0.0,0.0,4.36,1.72,0.0
20190321:0110,0.0,0.0,4.24,1.72,0.0
20190321:0210,0.0,0.0,4.24,1.79,0.0
20190321:0310,0.0,0.0,4.1,1.86,0.0
20190321:0410,0.0,0.0,3.72,1.86,0.0
20190321:0510,0.0,0.0,3.3,1.93,0.0
20190321:0610,4.29,2.21,2.98,2.0,0.0
20190321:0710,211.43,11.97,4.06,1.66,0.0
20190321:0810,465.51,21.24,7.88,1.72,0.0
20190321:0910,692.91,29.52,10.44,2.07,0.0
20190321:1010,855.65,36.15,12.3,2.62,0.0
20190321:1110,964.66,40.31,13.53,2.9,0.0
20190321:1210,988.71,41.31,14.32,3.03,0.0
20190321:1310,903.15,38.95,14.75,3.03,0.0
20190321:1410,792.08,33.67,15.1,3.31,0.0
20190321:1510,591.6,26.28,15.09,3.31,0.0
20190321:1610,366.02,17.52,14.78,3.17,0.0
20190321:1710,124.88,7.99,13.98,2.41,0.0
20190321:1810,0.0,0.0,12.14,2.41,0.0
20190321:1910,0.0,0.0,10.71,2.62,0.0
20190321:2010,0.0,0.0,9.4,2.62,0.0
20190321:2110,0.0,0.0,8.27,2.55,0.0
20190321:2210,0.0,0.0,7.22,2.41,0.0
20190321:2310,0.0,0.0,6.28,2.28,0.0
20190322:0010,0.0,0.0,5.3,2.07,0.0
20190322:0110,0.0,0.0,4.34,2.0,0.0
20190322:0210,0.0,0.0,3.58,1.86,0.0
20190322:0310,0.0,0.0,3.1,1.72,0.0
20190322:0410,0.0,0.0,2.69,1.66,0.0
20190322:0510,0.0,0.0,2.15,1.72,0.0
20190322:0610,4.29,2.56,1.76,1.72,0.0
20190322:0710,148.02,12.32,4.35,0.62,0.0
20190322:0810,459.51,21.61,6.74,0.48,0.0
20190322:0910,715.32,29.9,9.67,0.48,0.0
20190322:1010,878.89,36.54,12.11,0.62,0.0
20190322:1110,1002.09,40.71,14.1,0.9,0.0
20190322:1210,1039.21,41.7,15.47,1.31,0.0
20190322:1310,960.15,39.31,16.2,1.45,0.0
20190322:1410,834.95,34.0,16.6,1.66,0.0
20190322:1510,623.16,26.57,16.71,1.79,0.0
20190322:1610,378.12,17.78,16.53,1.72,0.0
20190322:1710,128.83,8.24,15.76,1.38,0.0
20190322:1810,0.0,0.0,14.01,1.72,0.0
20190322:1910,0.0,0.0,10.83,1.79,0.0
20190322:2010,0.0,0.0,8.96,1.72,0.0
20190322:2110,0.0,0.0,8.14,1.59,0.0
20190322:2210,0.0,0.0,7.75,1.38,0.0
20190322:2310,0.0,0.0,7.15,1.31,0.0
20190323:0010,0.0,0.0,5.66,1.45,0.0
20190323:0110,0.0,0.0,4.15,1.79,0.0
20190323:0210,0.0,0.0,3.25,2.0,0.0
20190323:0310,0.0,0.0,2.94,2.14,0.0
20190323:0410,0.0,0.0,2.84,2.07,0.0
20190323:0510,0.0,0.0,3.18,1.93,0.0
20190323:0610,3.43,2.91,3.92,2.14,0.0
20190323:0710,62.12,12.68,4.37,2.07,0.0
20190323:0810,93.55,21.97,5.24,2.14,0.0
20190323:0910,309.43,30.28,6.44,2.28,0.0
20190323:1010,286.44,36.94,7.83,2.41,0.0
20190323:1110,923.72,41.12,9.58,2.41,0.0
20190323:1210,882.09,42.09,11.27,2.34,0.0
20190323:1310,441.52,39.67,12.73,2.0,0.0
20190323:1410,518.09,34.32,13.2,2.07,0.0
20190323:1510,255.38,26.85,13.34,2.34,0.0
20190323:1610,360.81,18.05,12.94,2.62,0.0
20190323:1710,133.51,8.49,12.14,2.41,0.0
20190323:1810,0.0,0.0,10.84,2.48,0.0
20190323:1910,0.0,0.0,10.53,2.76,0.0
20190323:2010,0.0,0.0,9.96,2.55,0.0
20190323:2110,0.0,0.0,9.58,2.14,0.0
20190323:2210,0.0,0.0,9.31,1.93,0.0
20190323:2310,0.0,0.0,8.51,2.0,0.0
20190324:0010,0.0,0.0,8.02,2.07,0.0
20190324:0110,0.0,0.0,7.48,2.14,0.0
20190324:0210,0.0,0.0,7.38,2.07,0.0
20190324:0310,0.0,0.0,7.12,2.21,0.0
20190324:0410,0.0,0.0,6.79,2.21,0.0
20190324:0510,0.0,0.0,6.7,2.28,0.0
20190324:0610,3.43,3.26,6.98,2.41,0.0
20190324:0710,86.56,13.03,7.14,2.07,0.0
20190324:0810,103.64,22.34,8.09,2.55,0.0
20190324:0910,179.98,30.66,9.15,2.55,0.0
20190324:1010,195.91,37.33,9.92,2.9,0.0
20190324:1110,359.84,41.52,10.27,3.52,0.0
20190324:1210,199.94,42.48,10.56,3.86,0.0
20190324:1310,279.57,40.03,11.2,3.93,0.0
20190324:1410,220.7,34.64,11.47,3.79,0.0
20190324:1510,409.69,27.14,11.35,3.86,0.0
20190324:1610,232.86,18.31,11.25,3.24,0.0
20190324:1710,126.51,8.74,10.98,2.34,0.0
20190324:1810,0.0,0.0,9.9,2.07,0.0
20190324:1910,0.0,0.0,8.32,2.41,0.0
20190324:2010,0.0,0.0,7.13,2.55,0.0
20190324:2110,0.0,0.0,6.16,2.83,0.0
20190324:2210,0.0,0.0,5.38,3.03,0.0
20190324:2310,0.0,0.0,4.67,2.9,0.0
20190325:0010,0.0,0.0,3.96,2.62,0.0
20190325:0110,0.0,0.0,3.46,2.55,0.0
20190325:0210,0.0,0.0,3.17,2.55,0.0
20190325:0310,0.0,0.0,3.15,2.55,0.0
20190325:0410,0.0,0.0,3.37,2.62,0.0
20190325:0510,0.0,0.0,3.46,2.83,0.0
20190325:0610,14.6,3.61,3.56,2.9,0.0
20190325:0710,251.0,13.38,4.56,2.76,0.0
20190325:0810,504.57,22.7,6.82,3.52,0.0
20190325:0910,480.86,31.04,8.24,5.38,0.0
20190325:1010,730.48,37.73,8.45,5.38,0.0
20190325:1110,854.85,41.92,8.98,5.38,0.0
20190325:1210,983.43,42.87,9.99,5.59,0.0
20190325:1310,744.97,40.39,10.59,5.66,0.0
20190325:1410,717.28,34.96,10.48,5.59,0.0
20190325:1510,532.38,27.42,10.65,5.59,0.0
20190325:1610,390.38,18.57,10.44,4.83,0.0
20190325:1710,130.78,8.99,9.92,4.48,0.0
20190325:1810,0.0,0.0,8.49,4.21,0.0
20190325:1910,0.0,0.0,7.16,4.21,0.0
20190325:2010,0.0,0.0,6.26,4.0,0.0
20190325:2110,0.0,0.0,5.53,3.86,0.0
20190325:2210,0.0,0.0,4.96,3.79,0.0
20190325:2310,0.0,0.0,4.5,3.59,0.0
20190326:0010,0.0,0.0,4.16,3.31,0.0
20190326:0110,0.0,0.0,3.81,3.1,0.0
20190326:0210,0.0,0.0,3.58,3.03,0.0
20190326:0310,0.0,0.0,3.69,3.1,0.0
20190326:0410,0.0,0.0,3.87,3.03,0.0
20190326:0510,0.0,0.0,4.0,2.62,0.0
20190326:0610,9.45,3.95,4.09,2.34,0.0
20190326:0710,147.22,13.74,4.18,1.79,0.0
20190326:0810,432.71,23.06,5.89,2.62,0.0
20190326:0910,698.86,31.42,6.7,3.31,0.0
20190326:1010,873.41,38.12,7.49,3.1,0.0
20190326:1110,995.32,42.32,8.63,3.03,0.0
20190326:1210,1008.89,43.26,9.63,3.03,0.0
20190326:1310,942.5,40.74,10.47,3.38,0.0
20190326:1410,838.81,35.27,10.79,3.31,0.0
20190326:1510,631.55,27.71,10.84,3.45,0.0
20190326:1610,362.72,18.83,10.56,3.45,0.0
20190326:1710,102.87,9.23,10.09,2.76,0.0
20190326:1810,0.0,0.0,9.47,2.14,0.0
20190326:1910,0.0,0.0,9.01,2.21,0.0
20190326:2010,0.0,0.0,8.36,2.07,0.0
20190326:2110,0.0,0.0,7.77,2.28,0.0
20190326:2210,0.0,0.0,7.05,2.48,0.0
20190326:2310,0.0,0.0,6.02,2.62,0.0
20190327:0010,0.0,0.0,5.6,2.55,0.0
20190327:0110,0.0,0.0,4.94,2.41,0.0
20190327:0210,0.0,0.0,4.49,2.21,0.0
20190327:0310,0.0,0.0,3.79,2.21,0.0
20190327:0410,0.0,0.0,3.45,2.21,0.0
20190327:0510,0.0,0.0,3.42,2.21,0.0
20190327:0610,14.6,4.3,3.17,2.21,0.0
20190327:0710,199.77,14.09,4.86,2.14,0.0
20190327:0810,496.98,23.42,6.81,2.62,0.0
20190327:0910,713.26,31.8,8.55,3.17,0.0
20190327:1010,640.87,38.52,9.92,4.07,0.0
20190327:1110,776.63,42.72,10.66,4.07,0.0
20190327:1210,919.28,43.65,11.18,3.79,0.0
20190327:1310,730.72,41.1,11.32,3.52,0.0
20190327:1410,484.86,35.59,11.48,3.45,0.0
20190327:1510,445.62,27.99,11.47,3.45,0.0
20190327:1610,306.37,19.08,11.16,3.38,0.0
20190327:1710,133.26,9.48,10.82,2.69,0.0
20190327:1810,0.0,0.0,10.1,2.34,0.0
20190327:1910,0.0,0.0,9.45,2.62,0.0
20190327:2010,0.0,0.0,8.62,2.62,0.0
20190327:2110,0.0,0.0,8.01,2.62,0.0
20190327:2210,0.0,0.0,7.64,2.69,0.0
20190327:2310,0.0,0.0,7.36,2.76,0.0
20190328:0010,0.0,0.0,6.85,2.69,0.0
20190328:0110,0.0,0.0,6.32,2.55,0.0
20190328:0210,0.0,0.0,5.61,2.62,0.0
20190328:0310,0.0,0.0,5.09,2.62,0.0
20190328:0410,0.0,0.0,5.21,2.62,0.0
20190328:0510,0.0,0.0,5.1,2.62,0.0
20190328:0610,20.61,4.65,5.07,2.55,0.0
20190328:0710,259.92,14.44,5.93,2.41,0.0
20190328:0810,494.31,23.79,7.78,3.17,0.0
20190328:0910,722.88,32.17,9.46,3.45,0.0
20190328:1010,881.04,38.91,10.62,3.59,0.0
20190328:1110,1019.79,43.12,11.95,4.0,0.0
20190328:1210,948.6,44.04,12.34,3.72,0.0
20190328:1310,796.25,41.45,12.54,3.52,0.0
20190328:1410,600.15,35.9,12.57,3.45,0.0
20190328:1510,492.53,28.27,12.59,3.24,0.0
20190328:1610,377.22,19.34,12.73,3.17,0.0
20190328:1710,141.9,9.72,12.19,2.62,0.0
20190328:1810,0.0,0.0,11.11,2.76,0.0
20190328:1910,0.0,0.0,9.82,3.03,0.0
20190328:2010,0.0,0.0,8.48,3.1,0.0
20190328:2110,0.0,0.0,7.65,3.1,0.0
20190328:2210,0.0,0.0,6.97,3.03,0.0
20190328:2310,0.0,0.0,6.44,2.97,0.0
20190329:0010,0.0,0.0,5.98,2.83,0.0
20190329:0110,0.0,0.0,5.61,2.69,0.0
20190329:0210,0.0,0.0,5.31,2.55,0.0
20190329:0310,0.0,0.0,5.04,2.55,0.0
20190329:0410,0.0,0.0,4.79,2.48,0.0
20190329:0510,0.0,0.0,4.51,2.48,0.0
20190329:0610,23.19,4.99,4.28,2.34,0.0
20190329:0710,265.75,14.79,5.54,1.59,0.0
20190329:0810,518.29,24.15,8.87,1.93,0.0
20190329:0910,748.06,32.55,11.16,2.14,0.0
20190329:1010,904.77,39.3,13.25,2.14,0.0
20190329:1110,1017.47,43.52,14.98,2.21,0.0
20190329:1210,1058.63,44.42,16.3,2.28,0.0
20190329:1310,951.26,41.8,17.05,2.41,0.0
20190329:1410,809.8,36.22,17.47,2.76,0.0
20190329:1510,558.75,28.55,17.29,2.55,0.0
20190329:1610,374.41,19.59,16.78,2.07,0.0
20190329:1710,120.09,9.96,16.03,1.79,0.0
20190329:1810,0.0,0.0,14.53,2.07,0.0
20190329:1910,0.0,0.0,12.7,2.0,0.0
20190329:2010,0.0,0.0,10.41,1.86,0.0
20190329:2110,0.0,0.0,8.92,1.72,0.0
20190329:2210,0.0,0.0,7.55,1.93,0.0
20190329:2310,0.0,0.0,6.51,2.0,0.0
20190330:0010,0.0,0.0,5.69,2.0,0.0
20190330:0110,0.0,0.0,5.14,2.14,0.0
20190330:0210,0.0,0.0,4.77,2.14,0.0
20190330:0310,0.0,0.0,4.43,2.0,0.0
20190330:0410,0.0,0.0,4.09,2.0,0.0
20190330:0510,0.0,0.0,3.88,2.14,0.0
20190330:0610,25.76,5.34,4.1,2.14,0.0
20190330:0710,270.1,15.14,6.78,1.93,0.0
20190330:0810,534.88,24.5,10.21,2.07,0.0
20190330:0910,755.72,32.92,12.3,2.14,0.0
20190330:1010,917.59,39.69,14.17,2.07,0.0
20190330:1110,940.96,43.92,15.72,2.21,0.0
20190330:1210,964.65,44.8,17.02,2.34,0.0
20190330:1310,964.19,42.15,17.85,2.41,0.0
20190330:1410,853.51,36.53,18.31,2.69,0.0
20190330:1510,644.16,28.82,18.33,2.83,0.0
20190330:1610,408.49,19.85,18.04,2.83,0.0
20190330:1710,155.68,10.21,17.02,2.14,0.0
20190330:1810,0.0,0.0,15.07,2.41,0.0
20190330:1910,0.0,0.0,13.95,1.03,0.0
20190330:2010,0.0,0.0,13.72,0.97,0.0
20190330:2110,0.0,0.0,12.54,0.9,0.0
20190330:2210,0.0,0.0,11.53,0.83,0.0
20190330:2310,0.0,0.0,10.59,0.83,0.0
20190331:0010,0.0,0.0,9.74,0.83,0.0
20190331:0110,0.0,0.0,8.97,0.76,0.0
20190331:0210,0.0,0.0,8.37,0.55,0.0
20190331:0310,0.0,0.0,7.84,0.55,0.0
20190331:0410,0.0,0.0,7.18,1.03,0.0
20190331:0510,0.0,0.0,4.03,1.72,0.0
20190331:0610,35.11,5.68,3.29,1.86,0.0
20190331:0710,270.79,15.48,6.42,0.83,0.0
20190331:0810,523.55,24.86,9.78,0.9,0.0
20190331:0910,760.58,33.3,12.61,1.1,0.0
20190331:1010,916.98,40.08,15.05,1.38,0.0
20190331:1110,1042.48,44.31,16.87,1.66,0.0
20190331:1210,1079.85,45.19,18.01,1.79,0.0
20190331:1310,974.12,42.5,18.55,1.79,0.0
20190331:1410,846.48,36.84,18.68,2.07,0.0
20190331:1510,618.28,29.1,18.69,2.48,0.0
20190331:1610,375.95,20.1,18.3,2.83,0.0
20190331:1710,146.86,10.45,17.16,2.76,0.0
20190331:1810,0.0,0.0,15.11,3.24,0.0
20190331:1910,0.0,0.0,13.37,4.55,0.0
20190331:2010,0.0,0.0,12.29,4.76,0.0
20190331:2110,0.0,0.0,11.45,4.48,0.0
20190331:2210,0.0,0.0,10.82,4.07,0.0
20190331:2310,0.0,0.0,10.26,3.79,0.0
20190401:0010,0.0,0.0,9.69,3.52,0.0
20190401:0110,0.0,0.0,9.02,3.31,0.0
20190401:0210,0.0,0.0,8.4,3.17,0.0
20190401:0310,0.0,0.0,7.83,3.03,0.0
20190401:0410,0.0,0.0,7.3,2.97,0.0
20190401:0510,0.0,0.0,6.83,2.9,0.0
20190401:0610,47.9,6.03,6.58,2.9,0.0
20190401:0710,252.45,15.83,7.89,2.21,0.0
20190401:0810,497.36,25.22,10.29,2.62,0.0
20190401:0910,725.51,33.67,12.26,2.55,0.0
20190401:1010,921.19,40.47,14.17,2.34,0.0
20190401:1110,1014.78,44.71,15.53,2.21,0.0
20190401:1210,1020.91,45.57,16.92,2.14,0.0
20190401:1310,930.48,42.85,18.12,2.14,0.0
20190401:1410,797.19,37.14,18.82,2.14,0.0
20190401:1510,502.27,29.37,19.11,2.21,0.0
20190401:1610,339.06,20.35,18.75,2.21,0.0
20190401:1710,102.74,10.69,18.08,2.0,0.0
20190401:1810,0.0,0.0,16.23,2.07,0.0
20190401:1910,0.0,0.0,14.39,2.41,0.0
20190401:2010,0.0,0.0,12.92,2.34,0.0
20190401:2110,0.0,0.0,11.55,2.41,0.0
20190401:2210,0.0,0.0,10.75,2.48,0.0
20190401:2310,0.0,0.0,10.37,2.48,0.0
20190402:0010,0.0,0.0,10.23,2.48,0.0
20190402:0110,0.0,0.0,10.1,2.48,0.0
20190402:0210,0.0,0.0,10.01,2.62,0.0
20190402:0310,0.0,0.0,10.24,2.69,0.0
20190402:0410,0.0,0.0,10.5,2.69,0.0
20190402:0510,0.0,0.0,10.54,2.83,0.0
20190402:0610,29.23,6.37,10.03,2.97,0.0
20190402:0710,44.02,16.17,10.42,3.17,0.0
20190402:0810,124.36,25.57,12.03,4.07,0.0
20190402:0910,504.0,34.04,13.42,4.48,0.0
20190402:1010,927.48,40.85,14.9,4.97,0.0
20190402:1110,887.96,45.1,15.88,5.59,0.0
20190402:1210,874.03,45.95,15.08,6.69,0.0
20190402:1310,777.19,43.2,14.2,6.62,0.0
20190402:1410,496.92,37.45,14.02,6.62,0.0
20190402:1510,59.62,29.64,13.69,6.9,0.0
20190402:1610,65.12,20.6,13.05,6.34,0.0
20190402:1710,31.18,10.93,11.55,4.55,0.0
20190402:1810,0.0,0.0,9.77,3.93,0.0
20190402:1910,0.0,0.0,8.72,2.21,0.0
20190402:2010,0.0,0.0,7.97,2.21,0.0
20190402:2110,0.0,0.0,7.49,2.34,0.0
20190402:2210,0.0,0.0,6.97,2.41,0.0
20190402:2310,0.0,0.0,6.58,2.62,0.0
20190403:0010,0.0,0.0,6.0,2.83,0.0
20190403:0110,0.0,0.0,5.45,3.03,0.0
20190403:0210,0.0,0.0,5.03,3.45,0.0
20190403:0310,0.0,0.0,4.75,3.45,0.0
20190403:0410,0.0,0.0,4.29,3.17,0.0
20190403:0510,0.0,0.0,3.79,3.03,0.0
20190403:0610,65.64,6.71,3.77,2.9,0.0
20190403:0710,210.84,16.52,4.69,3.1,0.0
20190403:0810,251.32,25.93,5.73,3.17,0.0
20190403:0910,635.94,34.41,6.91,3.03,0.0
20190403:1010,156.84,41.24,7.79,3.24,0.0
20190403:1110,651.98,45.49,8.36,3.45,0.0
20190403:1210,141.25,46.32,8.13,3.52,0.0
20190403:1310,432.92,43.54,8.8,3.03,0.0
20190403:1410,466.89,37.75,9.12,2.9,0.0
20190403:1510,347.18,29.91,8.86,2.9,0.0
20190403:1610,88.97,20.85,8.56,2.97,0.0
20190403:1710,134.98,11.16,7.44,3.03,0.0
20190403:1810,0.0,0.0,6.36,2.41,0.0
20190403:1910,0.0,0.0,5.68,1.93,0.0
20190403:2010,0.0,0.0,4.71,1.72,0.0
20190403:2110,0.0,0.0,3.93,1.72,0.0
20190403:2210,0.0,0.0,3.18,1.72,0.0
20190403:2310,0.0,0.0,2.33,1.93,0.0
20190404:0010,0.0,0.0,1.68,1.86,0.0
20190404:0110,0.0,0.0,1.09,1.86,0.0
20190404:0210,0.0,0.0,0.73,1.79,0.0
20190404:0310,0.0,0.0,0.23,1.86,0.0
20190404:0410,0.0,0.0,0.09,1.79,0.0
20190404:0510,0.0,0.0,-0.36,2.0,0.0
20190404:0610,68.53,7.04,-0.36,1.79,0.0
20190404:0710,302.42,16.86,2.2,1.66,0.0
20190404:0810,548.47,26.28,4.56,2.14,0.0
20190404:0910,767.32,34.77,6.5,2.48,0.0
20190404:1010,904.95,41.62,8.08,3.17,0.0
20190404:1110,760.33,45.88,9.15,3.72,0.0
20190404:1210,555.98,46.7,9.84,4.21,0.0
20190404:1310,344.93,43.88,10.42,3.93,0.0
20190404:1410,643.33,38.06,11.0,3.79,0.0
20190404:1510,592.5,30.18,11.17,3.72,0.0
20190404:1610,359.86,21.1,10.94,3.59,0.0
20190404:1710,155.51,11.4,10.49,3.17,0.0
20190404:1810,0.0,0.0,9.3,2.55,0.0
20190404:1910,0.0,0.0,7.55,2.69,0.0
20190404:2010,0.0,0.0,6.42,2.9,0.0
20190404:2110,0.0,0.0,5.65,3.03,0.0
20190404:2210,0.0,0.0,5.06,3.03,0.0
20190404:2310,0.0,0.0,4.52,3.03,0.0
20190405:0010,0.0,0.0,4.06,3.03,0.0
20190405:0110,0.0,0.0,3.66,3.03,0.0
20190405:0210,0.0,0.0,3.35,3.1,0.0
20190405:0310,0.0,0.0,3.23,3.17,0.0
20190405:0410,0.0,0.0,3.01,3.1,0.0
20190405:0510,0.0,0.0,2.67,3.03,0.0
20190405:0610,61.95,7.38,2.74,2.9,0.0
20190405:0710,207.69,17.2,4.73,3.03,0.0
20190405:0810,429.02,26.62,6.71,3.38,0.0
20190405:0910,605.73,35.14,9.31,3.72,0.0
20190405:1010,896.67,42.0,11.1,4.07,0.0
20190405:1110,991.25,46.27,12.06,3.79,0.0
20190405:1210,924.7,47.08,12.64,3.79,0.0
20190405:1310,453.88,44.22,12.83,3.79,0.0
20190405:1410,354.36,38.35,12.69,3.66,0.0
20190405:1510,268.36,30.45,12.43,3.52,0.0
20190405:1610,88.97,21.34,12.19,3.59,0.0
20190405:1710,57.95,11.64,11.65,3.1,0.0
20190405:1810,1.72,1.79,10.61,2.9,0.0
20190405:1910,0.0,0.0,9.85,2.48,0.0
20190405:2010,0.0,0.0,8.87,2.69,0.0
20190405:2110,0.0,0.0,7.67,2.83,0.0
20190405:2210,0.0,0.0,7.01,2.9,0.0
20190405:2310,0.0,0.0,6.32,2.9,0.0
20190406:0010,0.0,0.0,5.85,2.83,0.0
20190406:0110,0.0,0.0,5.28,2.76,0.0
20190406:0210,0.0,0.0,4.82,2.76,0.0
20190406:0310,0.0,0.0,4.55,2.76,0.0
20190406:0410,0.0,0.0,4.48,2.69,0.0
20190406:0510,0.0,0.0,4.52,2.69,0.0
20190406:0610,71.75,7.71,4.71,2.76,0.0
20190406:0710,292.03,17.53,6.1,2.55,0.0
20190406:0810,470.65,26.97,8.04,3.17,0.0
20190406:0910,458.84,35.5,10.43,3.52,0.0
20190406:1010,433.31,42.38,12.46,4.0,0.0
20190406:1110,1031.0,46.66,13.98,4.41,0.0
20190406:1210,984.96,47.45,15.07,4.48,0.0
20190406:1310,917.25,44.56,15.84,4.21,0.0
20190406:1410,549.8,38.65,15.89,3.59,0.0
20190406:1510,319.3,30.71,15.89,3.31,0.0
20190406:1610,174.78,21.59,15.78,3.38,0.0
20190406:1710,120.36,11.87,14.89,2.48,0.0
20190406:1810,0.86,2.02,13.57,2.34,0.0
20190406:1910,0.0,0.0,12.24,2.76,0.0
20190406:2010,0.0,0.0,11.64,2.76,0.0
20190406:2110,0.0,0.0,10.49,2.62,0.0
20190406:2210,0.0,0.0,9.18,2.48,0.0
20190406:2310,0.0,0.0,7.97,2.28,0.0
20190407:0010,0.0,0.0,6.86,2.07,0.0
20190407:0110,0.0,0.0,6.13,1.93,0.0
20190407:0210,0.0,0.0,5.8,2.0,0.0
20190407:0310,0.0,0.0,5.69,2.0,0.0
20190407:0410,0.0,0.0,5.76,1.93,0.0
20190407:0510,0.0,0.0,5.81,1.86,0.0
20190407:0610,34.66,8.05,5.96,1.79,0.0
20190407:0710,107.18,17.87,7.88,2.62,0.0
20190407:0810,222.16,27.32,9.04,2.97,0.0
20190407:0910,290.29,35.86,10.82,3.17,0.0
20190407:1010,438.01,42.76,12.23,2.83,0.0
20190407:1110,423.65,47.04,13.21,2.55,0.0
20190407:1210,606.12,47.82,13.7,2.69,0.0
20190407:1310,471.42,44.9,14.45,2.9,0.0
20190407:1410,188.58,38.95,14.91,3.1,0.0
20190407:1510,222.47,30.98,14.86,3.17,0.0
20190407:1610,221.09,21.83,14.72,3.03,0.0
20190407:1710,122.35,12.11,14.28,2.48,0.0
20190407:1810,4.29,2.26,13.2,2.07,0.0
20190407:1910,0.0,0.0,12.02,1.79,0.0
20190407:2010,0.0,0.0,10.73,1.86,0.0
20190407:2110,0.0,0.0,9.75,1.86,0.0
20190407:2210,0.0,0.0,9.18,1.86,0.0
20190407:2310,0.0,0.0,8.86,1.93,0.0
20190408:0010,0.0,0.0,8.43,2.0,0.0
20190408:0110,0.0,0.0,8.5,1.79,0.0
20190408:0210,0.0,0.0,7.88,1.86,0.0
20190408:0310,0.0,0.0,7.42,1.86,0.0
20190408:0410,0.0,0.0,7.39,1.66,0.0
20190408:0510,0.0,0.0,7.07,1.66,0.0
20190408:0610,69.92,8.38,6.57,1.59,0.0
20190408:0710,127.5,18.2,7.89,1.45,0.0
20190408:0810,394.36,27.66,10.64,1.52,0.0
20190408:0910,413.06,36.22,12.64,1.72,0.0
20190408:1010,738.31,43.13,13.97,2.41,0.0
20190408:1110,649.58,47.42,14.43,2.76,0.0
20190408:1210,603.07,48.19,15.08,3.31,0.0
20190408:1310,312.61,45.23,15.58,2.9,0.0
20190408:1410,476.93,39.24,15.81,2.41,0.0
20190408:1510,261.88,31.24,16.09,2.14,0.0
20190408:1610,286.78,22.07,15.78,1.31,0.0
20190408:1710,159.74,12.34,15.32,0.9,0.0
20190408:1810,8.59,2.49,14.15,0.34,0.0
20190408:1910,0.0,0.0,13.19,0.76,0.0
20190408:2010,0.0,0.0,12.71,0.55,0.0
20190408:2110,0.0,0.0,11.79,0.69,0.0
20190408:2210,0.0,0.0,10.77,0.69,0.0
20190408:2310,0.0,0.0,9.86,0.41,0.0
20190409:0010,0.0,0.0,9.14,0.41,0.0
20190409:0110,0.0,0.0,8.54,0.28,0.0
20190409:0210,0.0,0.0,7.89,0.41,0.0
20190409:0310,0.0,0.0,7.36,0.28,0.0
20190409:0410,0.0,0.0,6.94,0.34,0.0
20190409:0510,0.0,0.0,6.49,0.69,0.0
20190409:0610,8.25,8.7,5.55,1.03,0.0
20190409:0710,139.68,18.53,8.05,1.24,0.0
20190409:0810,66.04,28.0,10.77,1.24,0.0
20190409:0910,97.22,36.57,12.64,1.66,0.0
20190409:1010,580.58,43.5,13.6,2.28,0.0
20190409:1110,413.34,47.8,13.85,2.76,0.0
20190409:1210,481.75,48.55,14.02,2.9,0.0
20190409:1310,374.84,45.56,14.07,2.9,0.0
20190409:1410,300.53,39.53,14.37,3.31,0.0
20190409:1510,442.17,31.5,14.02,3.24,0.0
20190409:1610,225.79,22.31,13.58,3.17,0.0
20190409:1710,106.86,12.57,12.82,2.97,0.0
20190409:1810,7.73,2.73,11.88,2.14,0.0
20190409:1910,0.0,0.0,10.77,1.86,0.0
20190409:2010,0.0,0.0,10.31,1.66,0.0
20190409:2110,0.0,0.0,9.87,1.59,0.0
20190409:2210,0.0,0.0,9.32,1.59,0.0
20190409:2310,0.0,0.0,8.58,1.59,0.0
20190410:0010,0.0,0.0,7.96,1.72,0.0
20190410:0110,0.0,0.0,7.18,1.79,0.0
20190410:0210,0.0,0.0,6.85,1.72,0.0
20190410:0310,0.0,0.0,6.22,1.86,0.0
20190410:0410,0.0,0.0,6.14,1.79,0.0
20190410:0510,0.0,0.0,6.47,1.72,0.0
20190410:0610,31.18,9.03,6.7,1.66,0.0
20190410:0710,28.43,18.86,7.96,3.03,0.0
20190410:0810,69.71,28.33,9.18,2.21,0.0
20190410:0910,106.39,36.92,10.36,2.9,0.0
20190410:1010,105.48,43.87,11.37,2.83,0.0
20190410:1110,157.75,48.18,12.22,3.03,0.0
20190410:1210,349.3,48.92,12.58,3.52,0.0
20190410:1310,311.62,45.89,12.85,4.14,0.0
20190410:1410,132.07,39.82,12.86,4.48,0.0
20190410:1510,109.14,31.76,13.09,5.1,0.0
20190410:1610,84.38,22.55,13.03,5.1,0.0
20190410:1710,64.32,12.8,12.54,4.76,0.0
20190410:1810,3.43,2.96,11.52,4.28,0.0
20190410:1910,0.0,0.0,11.04,3.93,0.0
20190410:2010,0.0,0.0,10.28,4.0,0.0
20190410:2110,0.0,0.0,9.61,4.0,0.0
20190410:2210,0.0,0.0,8.66,4.0,0.0
20190410:2310,0.0,0.0,7.62,3.86,0.0
20190411:0010,0.0,0.0,6.72,3.72,0.0
20190411:0110,0.0,0.0,5.95,3.66,0.0
20190411:0210,0.0,0.0,5.52,3.66,0.0
20190411:0310,0.0,0.0,4.88,3.66,0.0
20190411:0410,0.0,0.0,4.37,3.66,0.0
20190411:0510,0.0,0.0,3.95,3.59,0.0
20190411:0610,90.1,9.35,3.85,3.45,0.0
20190411:0710,320.6,19.18,4.4,3.93,0.0
20190411:0810,567.36,28.67,6.0,4.07,0.0
20190411:0910,790.19,37.27,7.81,4.0,0.0
20190411:1010,985.19,44.24,9.56,4.14,0.0
20190411:1110,1083.08,48.56,10.98,4.34,0.0
20190411:1210,1078.46,49.28,11.93,4.41,0.0
20190411:1310,993.38,46.22,12.45,4.55,0.0
20190411:1410,847.21,40.11,12.67,4.62,0.0
20190411:1510,664.54,32.01,12.62,4.76,0.0
20190411:1610,415.85,22.78,12.24,4.76,0.0
20190411:1710,161.32,13.03,11.52,4.48,0.0
20190411:1810,12.88,3.19,10.41,3.72,0.0
20190411:1910,0.0,0.0,9.0,3.52,0.0
20190411:2010,0.0,0.0,7.87,3.38,0.0
20190411:2110,0.0,0.0,6.89,3.31,0.0
20190411:2210,0.0,0.0,6.05,3.31,0.0
20190411:2310,0.0,0.0,5.28,3.38,0.0
20190412:0010,0.0,0.0,4.59,3.38,0.0
20190412:0110,0.0,0.0,4.0,3.24,0.0
20190412:0210,0.0,0.0,3.43,3.17,0.0
20190412:0310,0.0,0.0,2.91,3.03,0.0
20190412:0410,0.0,0.0,2.45,2.97,0.0
20190412:0510,0.0,0.0,2.07,2.83,0.0
20190412:0610,92.68,9.67,2.28,2.62,0.0
20190412:0710,320.65,19.5,4.11,2.97,0.0
20190412:0810,559.11,29.0,6.03,3.24,0.0
20190412:0910,787.78,37.62,7.9,3.59,0.0
20190412:1010,982.13,44.6,9.26,4.0,0.0
20190412:1110,905.98,48.93,10.27,4.0,0.0
20190412:1210,690.64,49.64,10.72,3.79,0.0
20190412:1310,750.32,46.54,10.99,3.86,0.0
20190412:1410,410.72,40.4,10.88,4.0,0.0
20190412:1510,260.61,32.27,10.44,4.0,0.0
20190412:1610,189.14,23.02,9.88,4.07,0.0
20190412:1710,109.83,13.26,9.34,4.0,0.0
20190412:1810,13.74,3.42,8.64,3.59,0.0
20190412:1910,0.0,0.0,7.79,3.52,0.0
20190412:2010,0.0,0.0,7.09,3.59,0.0
20190412:2110,0.0,0.0,6.22,3.52,0.0
20190412:2210,0.0,0.0,5.89,3.31,0.0
20190412:2310,0.0,0.0,5.26,2.97,0.0
20190413:0010,0.0,0.0,4.46,2.76,0.0
20190413:0110,0.0,0.0,3.76,2.76,0.0
20190413:0210,0.0,0.0,3.17,2.83,0.0
20190413:0310,0.0,0.0,2.71,2.83,0.0
20190413:0410,0.0,0.0,2.22,2.76,0.0
20190413:0510,0.0,0.0,1.52,2.76,0.0
20190413:0610,98.12,9.99,1.46,2.62,0.0
20190413:0710,329.57,19.82,2.8,3.24,0.0
20190413:0810,574.04,29.33,4.5,3.72,0.0
20190413:0910,790.37,37.96,5.96,4.41,0.0
20190413:1010,932.43,44.96,6.87,3.93,0.0
20190413:1110,1031.57,49.3,7.6,3.93,0.0
20190413:1210,821.36,49.99,8.14,4.07,0.0
20190413:1310,785.5,46.86,8.57,4.34,0.0
20190413:1410,656.97,40.68,9.16,4.48,0.0
20190413:1510,635.35,32.52,8.87,4.48,0.0
20190413:1610,386.12,23.25,8.86,4.48,0.0
20190413:1710,129.8,13.48,8.33,4.0,0.0
20190413:1810,16.32,3.65,7.46,3.03,0.0
20190413:1910,0.0,0.0,5.86,3.03,0.0
20190413:2010,0.0,0.0,4.74,2.97,0.0
20190413:2110,0.0,0.0,3.85,2.9,0.0
20190413:2210,0.0,0.0,3.03,2.69,0.0
20190413:2310,0.0,0.0,2.26,2.69,0.0
20190414:0010,0.0,0.0,1.62,2.62,0.0
20190414:0110,0.0,0.0,1.01,2.48,0.0
20190414:0210,0.0,0.0,0.46,2.34,0.0
20190414:0310,0.0,0.0,-0.11,2.34,0.0
20190414:0410,0.0,0.0,-0.58,2.28,0.0
20190414:0510,0.0,0.0,-0.94,2.28,0.0
20190414:0610,101.88,10.3,-0.53,2.07,0.0
20190414:0710,332.23,20.14,1.68,2.34,0.0
20190414:0810,578.06,29.65,3.77,2.62,0.0
20190414:0910,783.73,38.3,5.64,2.9,0.0
20190414:1010,917.38,45.32,7.05,3.31,0.0
20190414:1110,793.8,49.67,8.33,3.72,0.0
20190414:1210,658.84,50.35,9.04,3.79,0.0
20190414:1310,675.29,47.18,9.52,3.45,0.0
20190414:1410,668.65,40.96,9.64,3.03,0.0
20190414:1510,332.87,32.77,9.62,2.97,0.0
20190414:1610,341.05,23.49,9.14,3.45,0.0
20190414:1710,55.03,13.71,8.67,3.72,0.0
20190414:1810,9.45,3.88,7.89,2.69,0.0
20190414:1910,0.0,0.0,6.33,2.97,0.0
20190414:2010,0.0,0.0,5.09,2.62,0.0
20190414:2110,0.0,0.0,4.18,2.28,0.0
20190414:2210,0.0,0.0,3.25,2.34,0.0
20190414:2310,0.0,0.0,2.52,2.41,0.0
20190415:0010,0.0,0.0,1.95,2.34,0.0
20190415:0110,0.0,0.0,1.39,2.21,0.0
20190415:0210,0.0,0.0,0.86,2.21,0.0
20190415:0310,0.0,0.0,0.58,2.28,0.0
20190415:0410,0.0,0.0,0.63,2.48,0.0
20190415:0510,0.0,0.0,0.93,2.76,0.0
20190415:0610,106.33,10.61,1.98,2.9,0.0
20190415:0710,325.96,20.45,4.65,3.03,0.0
20190415:0810,569.12,29.97,7.12,3.66,0.0
20190415:0910,781.88,38.64,9.42,3.93,0.0
20190415:1010,929.01,45.68,11.35,4.34,0.0
20190415:1110,977.42,50.03,12.72,4.62,0.0
20190415:1210,975.31,50.7,13.69,4.76,0.0
20190415:1310,885.71,47.5,14.46,4.9,0.0
20190415:1410,712.41,41.24,14.95,4.97,0.0
20190415:1510,564.53,33.02,15.09,5.24,0.0
20190415:1610,396.05,23.72,15.07,5.03,0.0
20190415:1710,128.38,13.93,14.87,4.0,0.0
20190415:1810,17.17,4.11,13.65,3.1,0.0
20190415:1910,0.0,0.0,12.3,2.97,0.0
20190415:2010,0.0,0.0,11.34,2.97,0.0
20190415:2110,0.0,0.0,10.62,2.97,0.0
20190415:2210,0.0,0.0,9.96,2.76,0.0
20190415:2310,0.0,0.0,9.28,2.69,0.0
20190416:0010,0.0,0.0,8.77,2.55,0.0
20190416:0110,0.0,0.0,8.35,2.41,0.0
20190416:0210,0.0,0.0,7.93,2.21,0.0
20190416:0310,0.0,0.0,8.04,2.28,0.0
20190416:0410,0.0,0.0,8.46,2.41,0.0
20190416:0510,0.0,0.0,8.37,2.34,0.0
20190416:0610,53.54,10.92,8.77,2.28,0.0
20190416:0710,139.8,20.76,9.17,2.55,0.0
20190416:0810,120.15,30.29,9.51,2.34,0.0
20190416:0910,140.33,38.97,9.76,2.21,0.0
20190416:1010,157.75,46.03,10.22,2.28,0.0
20190416:1110,175.18,50.39,10.98,2.28,0.0
20190416:1210,200.86,51.05,11.61,2.34,0.0
20190416:1310,189.86,47.82,12.39,2.48,0.0
20190416:1410,253.96,41.52,12.7,2.0,0.0
20190416:1510,93.55,33.26,13.0,2.07,0.0
20190416:1610,86.21,23.94,12.93,1.66,0.0
20190416:1710,37.6,14.16,12.59,1.72,0.0
20190416:1810,8.59,4.34,12.04,1.72,0.0
20190416:1910,0.0,0.0,11.5,1.86,0.0
20190416:2010,0.0,0.0,11.17,1.86,0.0
20190416:2110,0.0,0.0,10.92,1.86,0.0
20190416:2210,0.0,0.0,10.58,1.93,0.0
20190416:2310,0.0,0.0,10.21,1.93,0.0
20190417:0010,0.0,0.0,9.44,1.93,0.0
20190417:0110,0.0,0.0,8.5,1.72,0.0
20190417:0210,0.0,0.0,7.27,1.66,0.0
20190417:0310,0.0,0.0,5.96,1.52,0.0
20190417:0410,0.0,0.0,5.17,1.31,0.0
20190417:0510,0.0,0.0,4.76,0.9,0.0
20190417:0610,110.16,11.22,4.67,0.34,0.0
20190417:0710,316.77,21.06,6.25,0.55,0.0
20190417:0810,557.77,30.6,8.55,0.83,0.0
20190417:0910,752.42,39.3,11.6,1.1,0.0
20190417:1010,739.43,46.38,13.63,1.79,0.0
20190417:1110,854.25,50.75,15.58,2.21,0.0
20190417:1210,976.1,51.4,16.93,2.28,0.0
20190417:1310,887.06,48.13,17.83,2.28,0.0
20190417:1410,762.28,41.79,18.25,2.55,0.0
20190417:1510,626.46,33.51,18.29,2.97,0.0
20190417:1610,410.43,24.17,18.19,3.45,0.0
20190417:1710,160.09,14.38,17.45,3.17,0.0
20190417:1810,21.47,4.56,16.08,3.1,0.0
20190417:1910,0.0,0.0,14.03,2.83,0.0
20190417:2010,0.0,0.0,12.84,3.1,0.0
20190417:2110,0.0,0.0,12.22,3.38,0.0
20190417:2210,0.0,0.0,11.81,3.45,0.0
20190417:2310,0.0,0.0,11.53,3.45,0.0
20190418:0010,0.0,0.0,11.13,3.31,0.0
20190418:0110,0.0,0.0,10.84,3.24,0.0
20190418:0210,0.0,0.0,10.59,3.17,0.0
20190418:0310,0.0,0.0,10.31,3.1,0.0
20190418:0410,0.0,0.0,10.02,3.03,0.0
20190418:0510,0.86,1.79,9.7,3.03,0.0
20190418:0610,105.63,11.52,10.04,3.1,0.0
20190418:0710,309.66,21.37,11.75,2.83,0.0
20190418:0810,527.31,30.91,13.88,3.31,0.0
20190418:0910,756.34,39.63,15.94,3.45,0.0
20190418:1010,921.61,46.72,17.91,3.45,0.0
20190418:1110,980.89,51.11,19.52,3.38,0.0
20190418:1210,1007.07,51.74,20.74,3.59,0.0
20190418:1310,807.93,48.44,21.63,3.93,0.0
20190418:1410,652.76,42.06,22.16,4.07,0.0
20190418:1510,610.07,33.75,22.38,4.07,0.0
20190418:1610,331.77,24.4,22.21,4.0,0.0
20190418:1710,150.42,14.6,21.47,3.52,0.0
20190418:1810,22.33,4.79,19.74,3.79,0.0
20190418:1910,0.0,0.0,17.85,3.66,0.0
20190418:2010,0.0,0.0,16.7,3.79,0.0
20190418:2110,0.0,0.0,15.67,3.59,0.0
20190418:2210,0.0,0.0,14.72,3.31,0.0
20190418:2310,0.0,0.0,14.07,2.97,0.0
20190419:0010,0.0,0.0,13.6,2.76,0.0
20190419:0110,0.0,0.0,13.06,2.62,0.0
20190419:0210,0.0,0.0,12.5,2.55,0.0
20190419:0310,0.0,0.0,12.39,2.48,0.0
20190419:0410,0.0,0.0,11.63,2.34,0.0
20190419:0510,5.15,2.09,10.66,2.28,0.0
20190419:0610,115.96,11.82,10.8,2.07,0.0
20190419:0710,342.87,21.66,12.62,1.93,0.0
20190419:0810,583.12,31.22,14.25,1.93,0.0
20190419:0910,789.98,39.95,16.41,1.93,0.0
20190419:1010,976.22,47.06,18.11,2.07,0.0
20190419:1110,1078.87,51.46,19.63,2.28,0.0
20190419:1210,1068.12,52.08,21.03,2.48,0.0
20190419:1310,988.86,48.74,21.85,2.62,0.0
20190419:1410,844.04,42.33,22.17,2.41,0.0
20190419:1510,657.5,33.99,22.26,2.34,0.0
20190419:1610,412.88,24.62,22.11,2.55,0.0
20190419:1710,166.79,14.82,21.44,2.41,0.0
20190419:1810,24.04,5.01,19.87,2.34,0.0
20190419:1910,0.0,0.0,18.39,2.76,0.0
20190419:2010,0.0,0.0,16.7,2.76,0.0
20190419:2110,0.0,0.0,15.51,2.76,0.0
20190419:2210,0.0,0.0,14.4,2.76,0.0
20190419:2310,0.0,0.0,13.77,2.83,0.0
20190420:0010,0.0,0.0,13.26,2.76,0.0
20190420:0110,0.0,0.0,12.74,2.55,0.0
20190420:0210,0.0,0.0,12.07,2.48,0.0
20190420:0310,0.0,0.0,11.58,2.34,0.0
20190420:0410,0.0,0.0,11.09,2.34,0.0
20190420:0510,6.87,2.39,10.79,2.21,0.0
20190420:0610,114.09,12.11,11.25,2.0,0.0
20190420:0710,343.49,21.96,13.63,1.79,0.0
20190420:0810,585.51,31.52,16.19,2.0,0.0
20190420:0910,796.45,40.27,18.55,2.48,0.0
20190420:1010,983.64,47.4,20.57,2.9,0.0
20190420:1110,1080.54,51.81,22.07,3.38,0.0
20190420:1210,1075.61,52.42,23.07,3.79,0.0
20190420:1310,983.73,49.05,23.6,4.07,0.0
20190420:1410,843.53,42.6,23.68,4.14,0.0
20190420:1510,666.1,34.23,23.43,4.14,0.0
20190420:1610,421.0,24.84,22.87,3.93,0.0
20190420:1710,172.65,15.04,22.13,3.03,0.0
20190420:1810,24.9,5.24,20.48,2.69,0.0
20190420:1910,0.0,0.0,18.56,3.03,0.0
20190420:2010,0.0,0.0,16.97,3.03,0.0
20190420:2110,0.0,0.0,15.74,3.03,0.0
20190420:2210,0.0,0.0,14.68,2.97,0.0
20190420:2310,0.0,0.0,13.76,2.97,0.0
20190421:0010,0.0,0.0,12.98,2.83,0.0
20190421:0110,0.0,0.0,12.23,2.76,0.0
20190421:0210,0.0,0.0,11.55,2.76,0.0
20190421:0310,0.0,0.0,10.89,2.69,0.0
20190421:0410,0.0,0.0,10.19,2.55,0.0
20190421:0510,9.45,2.68,9.5,2.48,0.0
20190421:0610,124.29,12.4,10.08,2.14,0.0
20190421:0710,357.65,22.25,13.37,2.14,0.0
20190421:0810,544.28,31.82,15.85,2.41,0.0
20190421:0910,379.02,40.58,18.06,2.62,0.0
20190421:1010,905.67,47.73,19.96,2.69,0.0
20190421:1110,978.39,52.15,21.58,2.83,0.0
20190421:1210,995.33,52.75,22.82,3.17,0.0
20190421:1310,897.76,49.35,23.55,3.66,0.0
20190421:1410,653.23,42.86,23.74,3.59,0.0
20190421:1510,321.01,34.47,23.59,3.38,0.0
20190421:1610,208.04,25.07,23.17,3.17,0.0
20190421:1710,149.58,15.25,22.28,2.48,0.0
20190421:1810,25.76,5.46,20.39,2.41,0.0
20190421:1910,0.0,0.0,18.58,2.14,0.0
20190421:2010,0.0,0.0,16.04,2.28,0.0
20190421:2110,0.0,0.0,14.15,2.34,0.0
20190421:2210,0.0,0.0,12.84,2.34,0.0
20190421:2310,0.0,0.0,11.85,2.34,0.0
20190422:0010,0.0,0.0,11.09,2.14,0.0
20190422:0110,0.0,0.0,10.29,1.93,0.0
20190422:0210,0.0,0.0,9.86,1.59,0.0
20190422:0310,0.0,0.0,9.86,1.31,0.0
20190422:0410,0.0,0.0,10.08,1.03,0.0
20190422:0510,10.3,2.97,9.61,1.03,0.0
20190422:0610,119.64,12.68,10.27,0.62,0.0
20190422:0710,301.57,22.53,13.42,0.28,0.0
20190422:0810,538.11,32.11,16.54,0.34,0.0
20190422:0910,642.7,40.89,19.14,0.62,0.0
20190422:1010,896.07,48.06,21.25,1.1,0.0
20190422:1110,1014.25,52.49,22.53,1.79,0.0
20190422:1210,771.83,53.08,23.04,2.07,0.0
20190422:1310,676.31,49.65,23.31,2.41,0.0
20190422:1410,342.06,43.12,23.38,2.76,0.0
20190422:1510,635.79,34.7,23.41,3.03,0.0
20190422:1610,275.77,25.29,23.07,3.38,0.0
20190422:1710,127.23,15.47,22.09,2.83,0.0
20190422:1810,25.76,5.68,20.45,2.48,0.0
20190422:1910,0.0,0.0,18.56,2.62,0.0
20190422:2010,0.0,0.0,16.92,2.48,0.0
20190422:2110,0.0,0.0,15.62,2.48,0.0
20190422:2210,0.0,0.0,14.39,2.41,0.0
20190422:2310,0.0,0.0,13.43,2.21,0.0
20190423:0010,0.0,0.0,12.39,2.14,0.0
20190423:0110,0.0,0.0,11.6,2.14,0.0
20190423:0210,0.0,0.0,10.91,2.21,0.0
20190423:0310,0.0,0.0,10.36,2.21,0.0
20190423:0410,0.0,0.0,9.8,2.14,0.0
20190423:0510,10.3,3.26,9.14,1.86,0.0
20190423:0610,51.36,12.97,10.32,1.24,0.0
20190423:0710,123.31,22.82,13.67,1.31,0.0
20190423:0810,233.0,32.4,15.8,1.45,0.0
20190423:0910,378.26,41.2,17.86,1.31,0.0
20190423:1010,619.01,48.39,19.63,1.1,0.0
20190423:1110,336.89,52.83,20.88,0.62,0.0
20190423:1210,354.21,53.41,21.63,0.28,0.0
20190423:1310,333.59,49.94,22.01,0.69,0.0
20190423:1410,462.06,43.38,22.35,0.83,0.0
20190423:1510,348.17,34.93,22.29,1.17,0.0
20190423:1610,151.66,25.5,21.88,1.24,0.0
20190423:1710,64.2,15.68,21.22,1.52,0.0
20190423:1810,30.06,5.9,20.0,2.14,0.0
20190423:1910,0.0,0.0,17.42,2.55,0.0
20190423:2010,0.0,0.0,16.33,2.55,0.0
20190423:2110,0.0,0.0,15.15,2.34,0.0
20190423:2210,0.0,0.0,14.5,2.14,0.0
20190423:2310,0.0,0.0,13.7,2.28,0.0
20190424:0010,0.0,0.0,13.49,2.41,0.0
20190424:0110,0.0,0.0,13.12,3.03,0.0
20190424:0210,0.0,0.0,12.87,3.38,0.0
20190424:0310,0.0,0.0,12.86,3.45,0.0
20190424:0410,0.0,0.0,12.68,3.66,0.0
20190424:0510,12.88,3.54,12.92,4.21,0.0
20190424:0610,84.04,13.24,13.97,5.1,0.0
20190424:0710,209.27,23.09,15.27,4.62,0.0
20190424:0810,245.56,32.69,15.38,7.1,0.0
20190424:0910,457.55,41.5,14.49,5.86,0.0
20190424:1010,768.51,48.71,14.72,5.24,0.0
20190424:1110,464.28,53.17,15.25,5.38,0.0
20190424:1210,115.56,53.73,16.21,5.72,0.0
20190424:1310,308.85,50.23,16.44,5.52,0.0
20190424:1410,166.01,43.64,16.93,5.59,0.0
20190424:1510,259.71,35.16,15.81,6.14,0.0
20190424:1610,237.26,25.72,15.89,6.69,0.0
20190424:1710,177.25,15.89,15.23,6.0,0.0
20190424:1810,28.34,6.11,14.81,3.59,0.0
20190424:1910,0.0,0.0,13.05,2.21,0.0
20190424:2010,0.0,0.0,11.93,2.69,0.0
20190424:2110,0.0,0.0,11.54,3.24,0.0
20190424:2210,0.0,0.0,11.77,3.45,0.0
20190424:2310,0.0,0.0,11.93,3.86,0.0
20190425:0010,0.0,0.0,11.93,3.93,0.0
20190425:0110,0.0,0.0,11.58,4.83,0.0
20190425:0210,0.0,0.0,10.83,5.03,0.0
20190425:0310,0.0,0.0,10.97,5.66,0.0
20190425:0410,0.0,0.0,11.1,6.48,0.0
20190425:0510,16.32,3.82,11.14,6.07,0.0
20190425:0610,25.68,13.52,11.41,4.83,0.0
20190425:0710,113.84,23.37,11.75,4.28,0.0
20190425:0810,77.96,32.97,11.72,4.41,0.0
20190425:0910,113.73,41.79,11.67,4.48,0.0
20190425:1010,134.83,49.03,11.19,4.34,0.0
20190425:1110,144.91,53.5,11.32,3.93,0.0
20190425:1210,230.21,54.05,12.5,4.97,0.0
20190425:1310,315.68,50.52,12.75,4.97,0.0
20190425:1410,619.54,43.89,13.45,5.03,0.0
20190425:1510,423.09,35.39,14.11,4.9,0.0
20190425:1610,356.24,25.93,14.53,4.76,0.0
20190425:1710,88.46,16.1,14.42,4.55,0.0
20190425:1810,30.06,6.33,12.75,4.07,0.0
20190425:1910,0.0,0.0,12.31,2.55,0.0
20190425:2010,0.0,0.0,11.38,2.83,0.0
20190425:2110,0.0,0.0,10.65,2.83,0.0
20190425:2210,0.0,0.0,10.26,3.03,0.0
20190425:2310,0.0,0.0,9.71,3.24,0.0
20190426:0010,0.0,0.0,9.11,3.31,0.0
20190426:0110,0.0,0.0,8.63,3.24,0.0
20190426:0210,0.0,0.0,8.18,3.1,0.0
20190426:0310,0.0,0.0,7.68,2.76,0.0
20190426:0410,0.0,0.0,7.05,2.34,0.0
20190426:0510,18.89,4.09,6.21,1.86,0.0
20190426:0610,135.49,13.78,7.02,1.31,0.0
20190426:0710,363.86,23.64,9.15,2.41,0.0
20190426:0810,608.92,33.25,10.85,2.76,0.0
20190426:0910,811.63,42.09,12.44,2.97,0.0
20190426:1010,927.14,49.34,13.92,3.72,0.0
20190426:1110,620.46,53.82,14.71,4.21,0.0
20190426:1210,834.9,54.37,15.0,4.55,0.0
20190426:1310,741.02,50.81,15.5,4.62,0.0
20190426:1410,639.59,44.14,15.48,4.69,0.0
20190426:1510,471.17,35.62,15.38,4.48,0.0
20190426:1610,246.04,26.15,15.52,4.48,0.0
20190426:1710,164.39,16.31,15.08,3.52,0.0
20190426:1810,29.2,6.55,14.37,2.76,0.0
20190426:1910,0.0,0.0,13.16,2.97,0.0
20190426:2010,0.0,0.0,12.28,2.9,0.0
20190426:2110,0.0,0.0,11.29,3.03,0.0
20190426:2210,0.0,0.0,10.66,3.45,0.0
20190426:2310,0.0,0.0,10.68,4.0,0.0
20190427:0010,0.0,0.0,10.63,4.69,0.0
20190427:0110,0.0,0.0,10.3,4.97,0.0
20190427:0210,0.0,0.0,9.73,5.03,0.0
20190427:0310,0.0,0.0,9.61,5.52,0.0
20190427:0410,0.0,0.0,9.75,5.72,0.0
20190427:0510,13.74,4.36,9.72,5.24,0.0
20190427:0610,115.44,14.05,9.55,5.66,0.0
20190427:0710,188.09,23.9,9.75,5.79,0.0
20190427:0810,440.31,33.52,10.2,6.76,0.0
20190427:0910,717.89,42.37,10.87,6.9,0.0
20190427:1010,755.85,49.65,11.7,6.9,0.0
20190427:1110,1012.59,54.14,12.88,7.17,0.0
20190427:1210,124.74,54.68,13.31,7.17,0.0
20190427:1310,981.36,51.09,13.41,7.03,0.0
20190427:1410,704.28,44.39,13.46,7.24,0.0
20190427:1510,628.57,35.84,12.0,7.79,0.0
20190427:1610,273.76,26.36,11.44,6.14,0.0
20190427:1710,192.45,16.52,10.52,6.9,0.0
20190427:1810,17.17,6.76,10.01,5.31,0.0
20190427:1910,0.0,0.0,9.15,5.86,0.0
20190427:2010,0.0,0.0,8.5,4.83,0.0
20190427:2110,0.0,0.0,8.03,4.41,0.0
20190427:2210,0.0,0.0,7.44,4.41,0.0
20190427:2310,0.0,0.0,7.26,4.14,0.0
20190428:0010,0.0,0.0,7.22,3.86,0.0
20190428:0110,0.0,0.0,6.92,3.59,0.0
20190428:0210,0.0,0.0,6.62,3.59,0.0
20190428:0310,0.0,0.0,6.33,3.72,0.0
20190428:0410,0.0,0.0,6.15,3.93,0.0
20190428:0510,21.47,4.63,6.01,3.86,0.0
20190428:0610,118.91,14.31,6.84,3.45,0.0
20190428:0710,63.29,24.16,8.07,4.21,0.0
20190428:0810,431.18,33.79,9.15,4.76,0.0
20190428:0910,495.37,42.66,9.7,5.1,0.0
20190428:1010,126.57,49.95,10.18,5.59,0.0
20190428:1110,140.33,54.46,10.42,5.31,0.0
20190428:1210,110.98,54.99,10.69,4.48,0.0
20190428:1310,297.04,51.37,10.73,3.79,0.0
20190428:1410,88.97,44.64,11.76,3.86,0.0
20190428:1510,242.1,36.06,12.4,4.0,0.0
20190428:1610,251.94,26.56,12.64,4.28,0.0
20190428:1710,76.85,16.73,11.04,3.93,0.0
20190428:1810,35.21,6.97,10.4,3.31,0.0
20190428:1910,0.0,0.0,9.79,2.69,0.0
20190428:2010,0.0,0.0,9.03,2.21,0.0
20190428:2110,0.0,0.0,8.25,2.07,0.0
20190428:2210,0.0,0.0,7.54,1.93,0.0
20190428:2310,0.0,0.0,6.82,2.0,0.0
20190429:0010,0.0,0.0,6.1,1.93,0.0
20190429:0110,0.0,0.0,5.44,1.86,0.0
20190429:0210,0.0,0.0,4.71,1.79,0.0
20190429:0310,0.0,0.0,3.9,1.79,0.0
20190429:0410,0.0,0.0,3.32,1.79,0.0
20190429:0510,24.04,4.89,2.92,1.59,0.0
20190429:0610,137.09,14.56,4.79,0.97,0.0
20190429:0710,362.5,24.42,6.66,1.31,0.0
20190429:0810,581.84,34.05,7.93,1.66,0.0
20190429:0910,680.38,42.94,10.09,1.86,0.0
20190429:1010,891.07,50.25,11.72,1.66,0.0
20190429:1110,913.89,54.78,12.76,2.0,0.0
20190429:1210,796.69,55.3,13.34,1.79,0.0
20190429:1310,490.95,51.64,13.69,1.59,0.0
20190429:1410,516.47,44.88,14.22,1.86,0.0
20190429:1510,540.62,36.28,14.27,2.28,0.0
20190429:1610,308.05,26.77,14.48,2.34,0.0
20190429:1710,138.9,16.93,14.16,2.48,0.0
20190429:1810,37.78,7.18,13.49,2.07,0.0
20190429:1910,0.0,0.0,12.62,2.07,0.0
20190429:2010,0.0,0.0,11.7,2.28,0.0
20190429:2110,0.0,0.0,10.91,2.41,0.0
20190429:2210,0.0,0.0,10.19,2.48,0.0
20190429:2310,0.0,0.0,9.81,2.48,0.0
20190430:0010,0.0,0.0,9.42,2.48,0.0
20190430:0110,0.0,0.0,8.84,2.41,0.0
20190430:0210,0.0,0.0,8.6,2.28,0.0
20190430:0310,0.0,0.0,8.03,2.21,0.0
20190430:0410,0.0,0.0,7.4,2.21,0.0
20190430:0510,25.76,5.14,6.87,2.07,0.0
20190430:0610,137.97,14.81,7.77,1.93,0.0
20190430:0710,355.86,24.67,9.5,2.41,0.0
20190430:0810,488.17,34.31,11.25,2.55,0.0
20190430:0910,311.4,43.21,12.94,2.76,0.0
20190430:1010,246.61,50.54,14.28,3.03,0.0
20190430:1110,1020.24,55.09,15.32,3.17,0.0
20190430:1210,1088.06,55.6,16.14,3.17,0.0
20190430:1310,974.37,51.92,16.75,3.24,0.0
20190430:1410,762.99,45.12,17.21,3.03,0.0
20190430:1510,597.68,36.5,16.86,3.03,0.0
20190430:1610,405.86,26.98,16.31,3.1,0.0
20190430:1710,176.11,17.14,15.74,3.24,0.0
20190430:1810,38.64,7.39,14.92,3.17,0.0
20190430:1910,0.0,0.0,12.88,3.1,0.0
20190430:2010,0.0,0.0,11.81,2.48,0.0
20190430:2110,0.0,0.0,10.73,2.21,0.0
20190430:2210,0.0,0.0,9.93,2.14,0.0
20190430:2310,0.0,0.0,9.37,2.07,0.0
20190501:0010,0.0,0.0,9.13,1.93,0.0
20190501:0110,0.0,0.0,8.35,2.0,0.0
20190501:0210,0.0,0.0,7.81,2.0,0.0
20190501:0310,0.0,0.0,7.27,2.0,0.0
20190501:0410,0.0,0.0,6.74,1.93,0.0
20190501:0510,12.88,5.4,6.53,1.72,0.0
20190501:0610,87.09,15.06,8.15,1.45,0.0
20190501:0710,166.96,24.91,10.01,1.59,0.0
20190501:0810,472.46,34.56,11.26,1.17,0.0
20190501:0910,699.47,43.48,13.11,1.17,0.0
20190501:1010,921.87,50.83,14.77,1.24,0.0
20190501:1110,995.87,55.39,15.84,1.24,0.0
20190501:1210,997.22,55.9,16.46,1.38,0.0
20190501:1310,939.47,52.19,16.63,1.79,0.0
20190501:1410,687.31,45.36,16.49,2.14,0.0
20190501:1510,427.37,36.71,16.21,2.21,0.0
20190501:1610,214.04,27.18,16.24,1.93,0.0
20190501:1710,117.2,17.34,16.08,1.66,0.0
20190501:1810,20.61,7.6,15.57,1.24,0.0
20190501:1910,0.0,0.0,14.37,2.55,0.0
20190501:2010,0.0,0.0,13.51,2.48,0.0
20190501:2110,0.0,0.0,12.76,2.41,0.0
20190501:2210,0.0,0.0,12.14,2.34,0.0
20190501:2310,0.0,0.0,11.65,2.41,0.0
20190502:0010,0.0,0.0,11.2,2.41,0.0
20190502:0110,0.0,0.0,10.94,2.55,0.0
20190502:0210,0.0,0.0,10.49,2.69,0.0
20190502:0310,0.0,0.0,10.06,2.83,0.0
20190502:0410,0.0,0.0,9.19,2.62,0.0
20190502:0510,23.19,5.64,8.76,2.41,0.0
20190502:0610,31.18,15.3,9.08,2.55,0.0
20190502:0710,165.87,25.15,9.8,2.55,0.0
20190502:0810,376.56,34.81,10.96,2.97,0.0
20190502:0910,296.82,43.74,12.38,3.38,0.0
20190502:1010,148.58,51.11,12.46,3.1,0.0
20190502:1110,251.72,55.69,12.7,3.17,0.0
20190502:1210,144.0,56.19,13.32,3.24,0.0
20190502:1310,222.87,52.45,14.53,3.31,0.0
20190502:1410,262.15,45.59,15.31,3.45,0.0
20190502:1510,91.72,36.93,13.45,5.1,0.0
20190502:1610,246.25,27.38,12.75,4.14,0.0
20190502:1710,134.17,17.54,12.66,3.93,0.0
20190502:1810,18.89,7.8,12.35,3.59,0.0
20190502:1910,0.0,0.0,11.36,2.83,0.0
20190502:2010,0.0,0.0,10.54,2.83,0.0
20190502:2110,0.0,0.0,9.62,2.69,0.0
20190502:2210,0.0,0.0,8.83,2.34,0.0
20190502:2310,0.0,0.0,8.08,2.34,0.0
20190503:0010,0.0,0.0,7.56,2.21,0.0
20190503:0110,0.0,0.0,7.01,2.14,0.0
20190503:0210,0.0,0.0,6.61,2.14,0.0
20190503:0310,0.0,0.0,6.31,2.14,0.0
20190503:0410,0.0,0.0,6.37,2.0,0.0
20190503:0510,29.2,5.89,6.56,1.86,0.0
20190503:0610,114.79,15.54,8.19,1.59,0.0
20190503:0710,233.99,25.39,9.47,2.48,0.0
20190503:0810,377.18,35.05,10.85,2.21,0.0
20190503:0910,355.78,44.0,11.73,1.52,0.0
20190503:1010,883.6,51.39,12.49,0.83,0.0
20190503:1110,763.22,55.99,13.44,0.41,0.0
20190503:1210,122.9,56.49,14.45,0.55,0.0
20190503:1310,85.3,52.72,15.24,0.97,0.0
20190503:1410,702.54,45.82,15.42,1.17,0.0
20190503:1510,174.52,37.14,15.43,1.45,0.0
20190503:1610,73.37,27.58,15.25,1.59,0.0
20190503:1710,24.76,17.73,13.61,3.31,0.0
20190503:1810,35.21,8.01,12.61,2.97,0.0
20190503:1910,0.0,0.0,11.36,2.21,0.0
20190503:2010,0.0,0.0,10.42,2.14,0.0
20190503:2110,0.0,0.0,9.41,2.28,0.0
20190503:2210,0.0,0.0,8.42,2.41,0.0
20190503:2310,0.0,0.0,7.61,2.41,0.0
20190504:0010,0.0,0.0,6.97,2.55,0.0
20190504:0110,0.0,0.0,6.6,2.69,0.0
20190504:0210,0.0,0.0,6.52,2.83,0.0
20190504:0310,0.0,0.0,6.59,2.97,0.0
20190504:0410,0.0,0.0,6.88,3.1,0.0
20190504:0510,10.3,6.12,7.39,3.17,0.0
20190504:0610,26.6,15.77,6.74,4.48,0.0
20190504:0710,41.27,25.62,5.6,3.93,0.0
20190504:0810,74.29,35.29,4.33,3.45,0.0
20190504:0910,84.38,44.25,3.87,4.97,0.0
20190504:1010,147.67,51.67,4.65,4.41,0.0
20190504:1110,156.84,56.28,5.6,3.72,0.0
20190504:1210,146.75,56.77,7.27,4.0,0.0
20190504:1310,508.42,52.97,9.01,5.31,0.0
20190504:1410,357.51,46.05,9.89,6.28,0.0
20190504:1510,638.1,37.35,9.39,6.07,0.0
20190504:1610,414.67,27.78,9.69,6.21,0.0
20190504:1710,196.09,17.93,9.19,6.48,0.0
20190504:1810,39.5,8.21,8.45,5.24,0.0
20190504:1910,0.0,0.0,7.56,5.1,0.0
20190504:2010,0.0,0.0,6.74,4.9,0.0
20190504:2110,0.0,0.0,6.14,4.62,0.0
20190504:2210,0.0,0.0,5.51,4.28,0.0
20190504:2310,0.0,0.0,5.04,4.0,0.0
20190505:0010,0.0,0.0,4.6,3.72,0.0
20190505:0110,0.0,0.0,4.26,3.66,0.0
20190505:0210,0.0,0.0,3.95,3.52,0.0
20190505:0310,0.0,0.0,3.67,3.38,0.0
20190505:0410,0.0,0.0,3.37,3.17,0.0
20190505:0510,30.91,6.35,3.32,3.17,0.0
20190505:0610,152.97,15.99,4.62,3.03,0.0
20190505:0710,343.77,25.84,6.71,4.9,0.0
20190505:0810,551.43,35.52,8.1,5.59,0.0
20190505:0910,552.55,44.5,9.06,5.79,0.0
20190505:1010,372.83,51.94,10.0,5.72,0.0
20190505:1110,901.73,56.56,10.77,5.72,0.0
20190505:1210,177.93,57.05,11.35,5.66,0.0
20190505:1310,947.79,53.23,11.7,5.59,0.0
20190505:1410,334.69,46.28,11.8,5.38,0.0
20190505:1510,226.57,37.55,11.81,5.24,0.0
20190505:1610,127.49,27.97,11.76,5.17,0.0
20190505:1710,50.44,18.12,11.44,5.1,0.0
20190505:1810,40.36,8.41,10.54,3.93,0.0
20190505:1910,0.0,0.0,8.68,3.59,0.0
20190505:2010,0.0,0.0,7.83,3.17,0.0
20190505:2110,0.0,0.0,7.01,2.76,0.0
20190505:2210,0.0,0.0,6.04,2.34,0.0
20190505:2310,0.0,0.0,5.1,2.21,0.0
20190506:0010,0.0,0.0,4.16,2.0,0.0
20190506:0110,0.0,0.0,3.16,1.93,0.0
20190506:0210,0.0,0.0,2.25,1.86,0.0
20190506:0310,0.0,0.0,1.51,1.79,0.0
20190506:0410,0.0,0.0,1.27,1.59,0.0
20190506:0510,34.35,6.58,1.47,1.31,0.0
20190506:0610,153.74,16.21,3.26,0.69,0.0
20190506:0710,380.21,26.06,6.62,1.03,0.0
20190506:0810,620.79,35.75,8.72,1.24,0.0
20190506:0910,718.47,44.74,10.06,1.03,0.0
20190506:1010,545.69,52.2,10.86,0.76,0.0
20190506:1110,537.65,56.85,11.01,0.83,0.0
20190506:1210,399.61,57.33,11.31,1.31,0.0
20190506:1310,235.71,53.48,11.75,1.79,0.0
20190506:1410,167.84,46.5,12.08,2.14,0.0
20190506:1510,101.81,37.75,12.17,2.14,0.0
20190506:1610,107.31,28.17,11.94,1.93,0.0
20190506:1710,31.18,18.32,11.83,1.38,0.0
20190506:1810,41.22,8.61,11.61,0.69,0.0
20190506:1910,0.0,0.0,11.2,0.14,0.0
20190506:2010,0.0,0.0,9.49,1.03,0.0
20190506:2110,0.0,0.0,7.11,1.79,0.0
20190506:2210,0.0,0.0,5.94,1.86,0.0
20190506:2310,0.0,0.0,4.97,1.86,0.0
20190507:0010,0.0,0.0,4.79,1.79,0.0
20190507:0110,0.0,0.0,4.57,1.79,0.0
20190507:0210,0.0,0.0,4.27,1.86,0.0
20190507:0310,0.0,0.0,4.44,1.79,0.0
20190507:0410,0.0,0.0,4.26,1.93,0.0
20190507:0510,36.07,6.8,4.45,1.86,0.0
20190507:0610,143.15,16.43,5.77,1.59,0.0
20190507:0710,317.14,26.28,8.65,2.48,0.0
20190507:0810,601.73,35.97,10.73,2.69,0.0
20190507:0910,769.42,44.97,12.39,3.03,0.0
20190507:1010,778.46,52.46,13.54,2.9,0.0
20190507:1110,729.85,57.12,14.28,3.1,0.0
20190507:1210,742.3,57.61,14.39,3.31,0.0
20190507:1310,716.2,53.73,15.06,3.31,0.0
20190507:1410,665.6,46.72,15.52,3.17,0.0
20190507:1510,463.1,37.95,15.79,3.17,0.0
20190507:1610,296.04,28.36,15.65,3.17,0.0
20190507:1710,119.26,18.51,15.25,2.69,0.0
20190507:1810,17.17,8.8,14.52,2.48,0.0
20190507:1910,0.0,0.0,13.22,2.07,0.0
20190507:2010,0.0,0.0,12.18,2.28,0.0
20190507:2110,0.0,0.0,11.7,2.48,0.0
20190507:2210,0.0,0.0,11.33,2.76,0.0
20190507:2310,0.0,0.0,11.19,3.03,0.0
20190508:0010,0.0,0.0,10.86,3.1,0.0
20190508:0110,0.0,0.0,10.39,3.1,0.0
20190508:0210,0.0,0.0,10.23,3.38,0.0
20190508:0310,0.0,0.0,10.16,3.59,0.0
20190508:0410,0.0,0.0,10.15,3.72,0.0
20190508:0510,18.89,7.02,10.28,3.86,0.0
20190508:0610,50.44,16.64,10.83,4.28,0.0
20190508:0710,222.42,26.49,11.46,4.97,0.0
20190508:0810,71.54,36.18,12.14,5.52,0.0
20190508:0910,99.06,45.2,12.44,5.31,0.0
20190508:1010,318.63,52.71,13.39,4.62,0.0
20190508:1110,269.5,57.39,15.45,5.38,0.0
20190508:1210,338.24,57.87,16.62,5.45,0.0
20190508:1310,199.03,53.97,17.54,5.38,0.0
20190508:1410,78.88,46.94,17.71,5.79,0.0
20190508:1510,106.39,38.15,16.33,5.59,0.0
20190508:1610,99.06,28.55,16.23,5.31,0.0
20190508:1710,196.31,18.69,14.81,4.55,0.0
20190508:1810,49.81,9.0,14.24,5.38,0.0
20190508:1910,0.0,0.0,12.83,3.79,0.0
20190508:2010,0.0,0.0,12.07,4.55,0.0
20190508:2110,0.0,0.0,11.61,4.69,0.0
20190508:2210,0.0,0.0,11.37,4.83,0.0
20190508:2310,0.0,0.0,10.75,4.97,0.0
20190509:0010,0.0,0.0,10.53,5.1,0.0
20190509:0110,0.0,0.0,10.48,5.31,0.0
20190509:0210,0.0,0.0,10.31,5.38,0.0
20190509:0310,0.0,0.0,10.22,4.97,0.0
20190509:0410,0.0,0.0,10.17,3.79,0.0
20190509:0510,36.07,7.23,10.4,4.0,0.0
20190509:0610,23.85,16.84,10.84,5.79,0.0
20190509:0710,92.63,26.69,10.77,6.41,0.0
20190509:0810,297.2,36.4,11.09,6.34,0.0
20190509:0910,446.93,45.43,12.7,5.31,0.0
20190509:1010,241.57,52.96,14.33,5.72,0.0
20190509:1110,125.65,57.66,15.2,5.72,0.0
20190509:1210,215.54,58.14,15.79,5.79,0.0
20190509:1310,111.9,54.22,16.36,5.93,0.0
20190509:1410,163.26,47.15,16.63,6.34,0.0
20190509:1510,172.43,38.35,16.24,6.9,0.0
20190509:1610,82.55,28.73,15.91,6.55,0.0
20190509:1710,129.62,18.88,15.63,5.86,0.0
20190509:1810,39.5,9.19,14.82,4.14,0.0
20190509:1910,0.0,0.0,13.26,3.03,0.0
20190509:2010,0.0,0.0,12.05,2.41,0.0
20190509:2110,0.0,0.0,11.0,2.41,0.0
20190509:2210,0.0,0.0,10.3,2.28,0.0
20190509:2310,0.0,0.0,9.56,2.21,0.0
20190510:0010,0.0,0.0,8.84,2.14,0.0
20190510:0110,0.0,0.0,8.25,2.07,0.0
20190510:0210,0.0,0.0,8.23,1.86,0.0
20190510:0310,0.0,0.0,7.83,1.86,0.0
20190510:0410,0.0,0.0,7.62,1.79,0.0
20190510:0510,37.78,7.44,7.71,1.59,0.0
20190510:0610,128.49,17.04,9.31,1.38,0.0
20190510:0710,259.37,26.89,9.92,1.52,0.0
20190510:0810,481.92,36.6,11.11,1.66,0.0
20190510:0910,516.42,45.65,12.52,1.86,0.0
20190510:1010,131.16,53.2,14.05,2.28,0.0
20190510:1110,232.96,57.92,14.86,2.76,0.0
20190510:1210,587.94,58.4,15.16,3.1,0.0
20190510:1310,131.16,54.45,14.98,3.52,0.0
20190510:1410,131.16,47.36,14.69,3.66,0.0
20190510:1510,137.58,38.54,14.02,2.07,0.0
20190510:1610,74.29,28.92,13.53,1.45,0.0
20190510:1710,39.44,19.06,13.28,1.03,0.0
20190510:1810,12.02,9.38,13.2,1.1,0.0
20190510:1910,0.0,0.0,13.01,1.31,0.0
20190510:2010,0.0,0.0,12.66,1.1,0.0
20190510:2110,0.0,0.0,12.4,0.9,0.0
20190510:2210,0.0,0.0,12.15,1.17,0.0
20190510:2310,0.0,0.0,11.89,1.03,0.0
20190511:0010,0.0,0.0,11.66,1.17,0.0
20190511:0110,0.0,0.0,11.31,1.52,0.0
20190511:0210,0.0,0.0,10.94,2.14,0.0
20190511:0310,0.0,0.0,10.36,2.9,0.0
20190511:0410,0.0,0.0,9.92,3.03,0.0
20190511:0510,6.87,7.64,9.74,2.9,0.0
20190511:0610,26.6,17.24,9.65,3.17,0.0
20190511:0710,46.78,27.09,9.6,4.83,0.0
20190511:0810,62.37,36.8,9.66,4.97,0.0
20190511:0910,110.98,45.86,10.02,4.28,0.0
20190511:1010,429.59,53.43,11.48,4.21,0.0
20190511:1110,198.11,58.18,14.22,4.07,0.0
20190511:1210,783.91,58.65,15.53,4.21,0.0
20190511:1310,888.68,54.69,15.91,3.79,0.0
20190511:1410,740.62,47.57,14.31,5.31,0.0
20190511:1510,541.09,38.73,14.22,4.9,0.0
20190511:1610,186.87,29.1,14.72,5.03,0.0
20190511:1710,81.63,19.25,14.33,4.48,0.0
20190511:1810,24.9,9.57,13.37,4.28,0.0
20190511:1910,0.0,0.0,11.87,3.52,0.0
20190511:2010,0.0,0.0,10.85,3.17,0.0
20190511:2110,0.0,0.0,10.03,2.97,0.0
20190511:2210,0.0,0.0,9.12,2.9,0.0
20190511:2310,0.0,0.0,8.21,2.76,0.0
20190512:0010,0.0,0.0,7.35,2.69,0.0
20190512:0110,0.0,0.0,6.59,2.69,0.0
20190512:0210,0.0,0.0,5.9,2.62,0.0
20190512:0310,0.0,0.0,5.27,2.62,0.0
20190512:0410,0.0,0.0,4.76,2.62,0.0
20190512:0510,36.93,7.84,4.65,2.62,0.0
20190512:0610,163.55,17.43,6.06,2.69,0.0
20190512:0710,392.61,27.27,8.21,3.72,0.0
20190512:0810,617.29,36.99,9.7,4.76,0.0
20190512:0910,811.33,46.07,10.98,5.17,0.0
20190512:1010,970.35,53.66,12.45,5.31,0.0
20190512:1110,877.75,58.43,13.12,5.17,0.0
20190512:1210,926.22,58.91,13.45,5.03,0.0
20190512:1310,741.12,54.91,13.79,5.03,0.0
20190512:1410,555.48,47.77,13.6,4.97,0.0
20190512:1510,593.42,38.92,13.51,4.9,0.0
20190512:1610,230.2,29.28,13.36,4.83,0.0
20190512:1710,127.83,19.43,13.01,4.21,0.0
20190512:1810,53.24,9.75,12.47,3.59,0.0
20190512:1910,0.0,0.0,11.26,3.31,0.0
20190512:2010,0.0,0.0,9.86,3.03,0.0
20190512:2110,0.0,0.0,8.88,3.1,0.0
20190512:2210,0.0,0.0,8.21,3.52,0.0
20190512:2310,0.0,0.0,7.7,3.86,0.0
20190513:0010,0.0,0.0,7.23,3.79,0.0
20190513:0110,0.0,0.0,6.76,3.52,0.0
20190513:0210,0.0,0.0,6.28,3.38,0.0
20190513:0310,0.0,0.0,5.89,3.38,0.0
20190513:0410,0.0,0.0,5.58,3.45,0.0
20190513:0510,39.5,8.03,5.61,3.45,0.0
20190513:0610,163.71,17.61,6.86,3.24,0.0
20190513:0710,385.35,27.46,9.05,3.79,0.0
20190513:0810,618.11,37.18,10.97,4.07,0.0
20190513:0910,844.58,46.27,12.65,4.34,0.0
20190513:1010,971.12,53.88,13.84,5.24,0.0
20190513:1110,1058.7,58.67,14.65,5.59,0.0
20190513:1210,1053.58,59.15,15.22,5.72,0.0
20190513:1310,1008.9,55.14,15.68,5.79,0.0
20190513:1410,845.49,47.97,15.9,5.93,0.0
20190513:1510,670.37,39.1,15.83,6.0,0.0
20190513:1610,437.62,29.46,15.49,5.86,0.0
20190513:1710,206.83,19.6,14.93,5.31,0.0
20190513:1810,45.51,9.94,13.99,4.55,0.0
20190513:1910,0.0,0.0,13.03,4.48,0.0
20190513:2010,0.0,0.0,11.82,4.34,0.0
20190513:2110,0.0,0.0,10.92,4.34,0.0
20190513:2210,0.0,0.0,10.2,4.28,0.0
20190513:2310,0.0,0.0,9.58,4.14,0.0
20190514:0010,0.0,0.0,9.0,3.93,0.0
20190514:0110,0.0,0.0,8.43,3.72,0.0
20190514:0210,0.0,0.0,7.87,3.59,0.0
20190514:0310,0.0,0.0,7.36,3.52,0.0
20190514:0410,0.0,0.0,6.9,3.45,0.0
20190514:0510,38.64,8.21,6.73,3.45,0.0
20190514:0610,165.15,17.79,7.79,3.17,0.0
20190514:0710,385.59,27.63,9.99,3.86,0.0
20190514:0810,623.09,37.36,11.76,4.14,0.0
20190514:0910,846.31,46.47,13.28,4.28,0.0
20190514:1010,983.94,54.1,14.53,4.69,0.0
20190514:1110,1061.8,58.91,15.34,4.97,0.0
20190514:1210,1062.97,59.39,15.95,5.03,0.0
20190514:1310,1010.76,55.36,16.37,5.17,0.0
20190514:1410,842.79,48.17,16.55,5.31,0.0
20190514:1510,664.74,39.28,16.44,5.45,0.0
20190514:1610,434.1,29.63,16.12,5.17,0.0
20190514:1710,206.18,19.78,15.57,4.76,0.0
20190514:1810,47.23,10.12,14.73,3.86,0.0
20190514:1910,0.0,0.0,13.69,3.86,0.0
20190514:2010,0.0,0.0,12.37,3.72,0.0
20190514:2110,0.0,0.0,11.37,3.59,0.0
20190514:2210,0.0,0.0,10.48,3.38,0.0
20190514:2310,0.0,0.0,9.71,3.31,0.0
20190515:0010,0.0,0.0,9.02,3.17,0.0
20190515:0110,0.0,0.0,8.39,3.03,0.0
20190515:0210,0.0,0.0,7.81,2.97,0.0
20190515:0310,0.0,0.0,7.28,2.9,0.0
20190515:0410,0.0,0.0,6.81,2.83,0.0
20190515:0510,38.64,8.39,6.72,2.69,0.0
20190515:0610,167.19,17.96,8.11,2.34,0.0
20190515:0710,392.18,27.8,10.39,3.1,0.0
20190515:0810,627.0,37.54,12.09,3.38,0.0
20190515:0910,846.9,46.66,13.44,4.0,0.0
20190515:1010,983.36,54.31,14.35,4.41,0.0
20190515:1110,1061.18,59.14,15.09,4.48,0.0
20190515:1210,1056.21,59.63,15.77,4.55,0.0
20190515:1310,1011.27,55.58,16.32,4.62,0.0
20190515:1410,843.55,48.37,16.66,4.62,0.0
20190515:1510,665.57,39.46,16.79,4.9,0.0
20190515:1610,433.47,29.8,16.81,4.83,0.0
20190515:1710,204.47,19.95,16.36,4.41,0.0
20190515:1810,48.09,10.3,15.41,3.66,0.0
20190515:1910,0.0,0.0,14.25,2.9,0.0
20190515:2010,0.0,0.0,12.57,2.9,0.0
20190515:2110,0.0,0.0,11.4,2.97,0.0
20190515:2210,0.0,0.0,10.45,3.03,0.0
20190515:2310,0.0,0.0,9.55,2.76,0.0
20190516:0010,0.0,0.0,8.58,2.41,0.0
20190516:0110,0.0,0.0,7.68,2.41,0.0
20190516:0210,0.0,0.0,7.0,2.55,0.0
20190516:0310,0.0,0.0,6.56,2.55,0.0
20190516:0410,0.0,0.0,6.12,2.55,0.0
20190516:0510,39.5,8.56,6.15,2.48,0.0
20190516:0610,167.63,18.13,7.9,2.21,0.0
20190516:0710,392.41,27.97,10.03,2.69,0.0
20190516:0810,619.71,37.71,11.9,2.69,0.0
20190516:0910,849.76,46.84,13.5,3.1,0.0
20190516:1010,970.74,54.52,14.65,4.0,0.0
20190516:1110,1040.76,59.37,15.34,4.41,0.0
20190516:1210,1048.08,59.86,15.97,4.55,0.0
20190516:1310,934.01,55.79,16.61,4.62,0.0
20190516:1410,600.62,48.56,16.54,4.69,0.0
20190516:1510,521.04,39.64,16.22,4.69,0.0
20190516:1610,302.78,29.97,15.98,4.55,0.0
20190516:1710,115.81,20.12,15.46,3.52,0.0
20190516:1810,46.37,10.47,15.0,2.55,0.0
20190516:1910,0.0,0.0,14.36,2.21,0.0
20190516:2010,0.0,0.0,13.56,2.48,0.0
20190516:2110,0.0,0.0,12.83,2.76,0.0
20190516:2210,0.0,0.0,12.33,2.97,0.0
20190516:2310,0.0,0.0,11.7,2.97,0.0
20190517:0010,0.0,0.0,11.53,2.83,0.0
20190517:0110,0.0,0.0,11.2,2.55,0.0
20190517:0210,0.0,0.0,10.79,2.34,0.0
20190517:0310,0.0,0.0,10.35,2.28,0.0
20190517:0410,0.0,0.0,10.03,2.28,0.0
20190517:0510,48.95,8.73,10.03,2.28,0.0
20190517:0610,120.32,18.29,10.92,2.14,0.0
20190517:0710,115.56,28.13,11.82,2.14,0.0
20190517:0810,155.92,37.87,13.47,1.86,0.0
20190517:0910,356.94,47.02,15.21,1.86,0.0
20190517:1010,454.02,54.72,16.81,1.93,0.0
20190517:1110,691.06,59.59,17.69,1.24,0.0
20190517:1210,668.98,60.09,17.94,0.76,0.0
20190517:1310,363.06,56.0,18.41,0.41,0.0
20190517:1410,117.4,48.74,18.52,0.34,0.0
20190517:1510,189.12,39.81,18.33,0.76,0.0
20190517:1610,145.85,30.14,17.9,1.45,0.0
20190517:1710,92.32,20.29,17.49,1.86,0.0
20190517:1810,13.74,10.65,16.73,1.79,0.0
20190517:1910,0.0,0.0,15.65,2.34,0.0
20190517:2010,0.0,0.0,14.14,2.48,0.0
20190517:2110,0.0,0.0,13.27,2.34,0.0
20190517:2210,0.0,0.0,12.51,2.28,0.0
20190517:2310,0.0,0.0,11.87,2.21,0.0
20190518:0010,0.0,0.0,10.98,2.0,0.0
20190518:0110,0.0,0.0,10.58,1.59,0.0
20190518:0210,0.0,0.0,9.68,1.38,0.0
20190518:0310,0.0,0.0,9.22,1.45,0.0
20190518:0410,0.0,0.0,9.16,1.52,0.0
20190518:0510,16.32,8.9,9.58,1.38,0.0
20190518:0610,44.94,18.45,11.64,1.24,0.0
20190518:0710,174.93,28.28,13.02,1.66,0.0
20190518:0810,116.48,38.03,14.44,1.72,0.0
20190518:0910,144.0,47.19,15.41,1.31,0.0
20190518:1010,398.54,54.91,16.58,1.38,0.0
20190518:1110,376.23,59.81,17.42,1.31,0.0
20190518:1210,438.66,60.31,17.8,1.24,0.0
20190518:1310,477.32,56.2,18.23,1.52,0.0
20190518:1410,278.35,48.93,18.45,2.55,0.0
20190518:1510,146.75,39.98,17.61,2.83,0.0
20190518:1610,336.65,30.31,18.11,2.48,0.0
20190518:1710,138.74,20.46,17.76,1.86,0.0
20190518:1810,10.3,10.82,17.32,1.38,0.0
20190518:1910,0.86,1.73,15.47,1.86,0.0
20190518:2010,0.0,0.0,14.56,0.41,0.0
20190518:2110,0.0,0.0,13.85,0.62,0.0
20190518:2210,0.0,0.0,12.94,1.1,0.0
20190518:2310,0.0,0.0,12.14,1.45,0.0
20190519:0010,0.0,0.0,11.36,1.45,0.0
20190519:0110,0.0,0.0,10.83,1.38,0.0
20190519:0210,0.0,0.0,10.37,1.24,0.0
20190519:0310,0.0,0.0,10.23,0.9,0.0
20190519:0410,0.0,0.0,10.17,0.62,0.0
20190519:0510,12.02,9.05,10.15,0.41,0.0
20190519:0610,40.36,18.6,11.45,0.55,0.0
20190519:0710,66.04,28.43,12.84,1.31,0.0
20190519:0810,117.4,38.19,14.12,1.1,0.0
20190519:0910,97.22,47.35,15.66,1.31,0.0
20190519:1010,132.99,55.1,16.53,1.72,0.0
20190519:1110,446.69,60.02,17.5,2.07,0.0
20190519:1210,575.54,60.52,18.19,2.14,0.0
20190519:1310,68.79,56.4,18.37,2.34,0.0
20190519:1410,74.29,49.11,18.3,2.76,0.0
20190519:1510,101.81,40.15,17.42,3.17,0.0
20190519:1610,73.37,30.47,16.82,2.9,0.0
20190519:1710,80.71,20.62,16.6,2.55,0.0
20190519:1810,48.09,10.99,15.92,2.83,0.0
20190519:1910,0.86,1.91,14.62,2.41,0.0
20190519:2010,0.0,0.0,13.87,2.62,0.0
20190519:2110,0.0,0.0,13.17,2.62,0.0
20190519:2210,0.0,0.0,12.6,2.76,0.0
20190519:2310,0.0,0.0,11.96,2.62,0.0
20190520:0010,0.0,0.0,11.44,2.48,0.0
20190520:0110,0.0,0.0,10.94,2.34,0.0
20190520:0210,0.0,0.0,10.54,2.34,0.0
20190520:0310,0.0,0.0,10.05,2.41,0.0
20190520:0410,0.0,0.0,9.78,2.48,0.0
20190520:0510,22.33,9.2,10.02,2.48,0.0
20190520:0610,23.85,18.74,10.72,2.55,0.0
20190520:0710,79.79,28.57,10.99,2.69,0.0
20190520:0810,99.06,38.33,11.76,2.97,0.0
20190520:0910,457.94,47.51,12.76,3.24,0.0
20190520:1010,632.07,55.28,13.89,4.28,0.0
20190520:1110,681.11,60.22,14.67,4.28,0.0
20190520:1210,512.24,60.73,15.42,4.21,0.0
20190520:1310,319.13,56.6,16.44,4.0,0.0
20190520:1410,356.95,49.29,17.16,3.86,0.0
20190520:1510,169.68,40.32,17.4,3.79,0.0
20190520:1610,249.42,30.63,17.56,3.72,0.0
20190520:1710,186.39,20.78,17.35,3.59,0.0
20190520:1810,65.26,11.15,16.91,2.9,0.0
20190520:1910,0.86,2.09,15.42,2.28,0.0
20190520:2010,0.0,0.0,14.01,2.48,0.0
20190520:2110,0.0,0.0,13.2,2.55,0.0
20190520:2210,0.0,0.0,12.24,2.62,0.0
20190520:2310,0.0,0.0,11.46,2.62,0.0
20190521:0010,0.0,0.0,10.86,2.48,0.0
20190521:0110,0.0,0.0,10.22,2.34,0.0
20190521:0210,0.0,0.0,9.63,2.21,0.0
20190521:0310,0.0,0.0,9.18,2.14,0.0
20190521:0410,0.0,0.0,8.72,2.14,0.0
20190521:0510,50.67,9.35,8.85,1.93,0.0
20190521:0610,167.49,18.88,10.94,1.86,0.0
20190521:0710,0.0,0.0,13.35,2.34,0.0
20190521:0810,598.64,38.47,14.89,2.28,0.0
20190521:0910,769.72,47.67,16.36,2.55,0.0
20190521:1010,709.71,55.45,17.58,2.9,0.0
20190521:1110,87.13,60.42,18.36,2.76,0.0
20190521:1210,125.65,60.94,19.19,2.69,0.0
20190521:1310,159.59,56.79,19.67,2.69,0.0
20190521:1410,244.49,49.46,19.58,2.83,0.0
20190521:1510,82.55,40.48,19.19,2.97,0.0
20190521:1610,121.07,30.78,17.26,3.59,0.0
20190521:1710,196.5,20.93,17.21,2.62,0.0
20190521:1810,14.6,11.31,17.01,2.28,0.0
20190521:1910,1.72,2.26,16.24,2.14,0.0
20190521:2010,0.0,0.0,14.83,2.34,0.0
20190521:2110,0.0,0.0,13.71,2.48,0.0
20190521:2210,0.0,0.0,12.72,2.34,0.0
20190521:2310,0.0,0.0,11.69,2.21,0.0
20190522:0010,0.0,0.0,10.68,2.07,0.0
20190522:0110,0.0,0.0,9.65,1.86,0.0
20190522:0210,0.0,0.0,8.75,1.59,0.0
20190522:0310,0.0,0.0,8.1,1.52,0.0
20190522:0410,0.0,0.0,7.65,1.38,0.0
20190522:0510,49.81,9.49,8.23,0.97,0.0
20190522:0610,164.75,19.01,10.54,0.28,0.0
20190522:0710,0.0,0.0,13.24,0.28,0.0
20190522:0810,599.03,38.61,15.34,0.07,0.0
20190522:0910,764.43,47.82,16.84,0.14,0.0
20190522:1010,558.41,55.62,17.88,0.14,0.0
20190522:1110,683.5,60.61,18.43,0.34,0.0
20190522:1210,811.99,61.14,18.96,0.48,0.0
20190522:1310,711.66,56.98,19.39,0.69,0.0
20190522:1410,605.03,49.63,19.68,0.9,0.0
20190522:1510,427.83,40.64,19.71,0.97,0.0
20190522:1610,293.65,30.94,19.49,0.76,0.0
20190522:1710,165.27,21.09,19.26,0.55,0.0
20190522:1810,41.22,11.47,18.85,0.55,0.0
20190522:1910,1.72,2.42,17.63,0.9,0.0
20190522:2010,0.0,0.0,16.1,1.17,0.0
20190522:2110,0.0,0.0,15.11,1.17,0.0
20190522:2210,0.0,0.0,14.29,1.17,0.0
20190522:2310,0.0,0.0,13.29,1.24,0.0
20190523:0010,0.0,0.0,11.86,1.38,0.0
20190523:0110,0.0,0.0,9.76,2.0,0.0
20190523:0210,0.0,0.0,9.03,2.21,0.0
20190523:0310,0.0,0.0,8.66,2.28,0.0
20190523:0410,0.0,0.0,8.34,2.14,0.0
20190523:0510,44.65,9.62,8.67,1.79,0.0
20190523:0610,171.53,19.14,11.97,1.24,0.0
20190523:0710,383.75,28.97,14.96,0.9,0.0
20190523:0810,611.11,38.74,17.44,1.1,0.0
20190523:0910,775.54,47.96,19.26,1.66,0.0
20190523:1010,912.95,55.78,20.12,1.72,0.0
20190523:1110,978.22,60.8,20.61,1.59,0.0
20190523:1210,1016.28,61.33,21.0,1.52,0.0
20190523:1310,666.39,57.16,21.46,1.31,0.0
20190523:1410,531.02,49.8,21.65,0.97,0.0
20190523:1510,549.21,40.79,21.54,0.76,0.0
20190523:1610,305.36,31.09,21.44,0.62,0.0
20190523:1710,160.87,21.24,21.22,0.9,0.0
20190523:1810,59.25,11.63,20.6,1.03,0.0
20190523:1910,3.43,2.59,20.04,0.34,0.0
20190523:2010,0.0,0.0,19.38,0.41,0.0
20190523:2110,0.0,0.0,18.58,0.34,0.0
20190523:2210,0.0,0.0,17.72,0.14,0.0
20190523:2310,0.0,0.0,16.38,0.83,0.0
20190524:0010,0.0,0.0,13.66,1.66,0.0
20190524:0110,0.0,0.0,12.06,2.07,0.0
20190524:0210,0.0,0.0,11.83,2.21,0.0
20190524:0310,0.0,0.0,11.86,2.28,0.0
20190524:0410,0.0,0.0,11.7,2.21,0.0
20190524:0510,24.04,9.75,11.78,2.21,0.0
20190524:0610,99.06,19.26,13.09,2.34,0.0
20190524:0710,219.58,29.09,14.3,2.21,0.0
20190524:0810,566.4,38.86,15.44,1.93,0.0
20190524:0910,791.3,48.09,17.19,2.0,0.0
20190524:1010,910.99,55.94,18.68,2.28,0.0
20190524:1110,1017.7,60.98,19.69,2.62,0.0
20190524:1210,761.06,61.52,20.57,2.69,0.0
20190524:1310,857.56,57.34,20.99,2.62,0.0
20190524:1410,0.0,0.0,21.32,2.41,0.0
20190524:1510,484.64,40.94,21.5,2.34,0.0
20190524:1610,291.17,31.24,21.19,2.62,0.0
20190524:1710,200.47,21.39,20.36,2.62,0.0
20190524:1810,61.83,11.78,19.67,2.41,0.0
20190524:1910,1.72,2.75,18.47,2.62,0.0
20190524:2010,0.0,0.0,17.06,3.17,0.0
20190524:2110,0.0,0.0,16.15,3.45,0.0
20190524:2210,0.0,0.0,15.59,3.31,0.0
20190524:2310,0.0,0.0,14.84,2.9,0.0
20190525:0010,0.0,0.0,14.43,2.69,0.0
20190525:0110,0.0,0.0,13.66,2.62,0.0
20190525:0210,0.0,0.0,12.87,2.48,0.0
20190525:0310,0.0,0.0,12.46,2.21,0.0
20190525:0410,0.0,0.0,11.98,2.14,0.0
20190525:0510,47.23,9.87,12.17,1.86,0.0
20190525:0610,144.77,19.38,13.35,1.66,0.0
20190525:0710,257.15,29.2,14.07,1.52,0.0
20190525:0810,470.61,38.98,14.72,1.45,0.0
20190525:0910,611.3,48.22,16.32,1.66,0.0
20190525:1010,838.63,56.09,17.73,2.21,0.0
20190525:1110,775.65,61.15,19.0,2.62,0.0
20190525:1210,132.99,61.71,19.6,2.97,0.0
20190525:1310,160.51,57.51,19.88,3.31,0.0
20190525:1410,492.96,50.12,19.87,3.31,0.0
20190525:1510,134.83,41.09,19.8,3.1,0.0
20190525:1610,128.4,31.38,19.81,2.62,0.0
20190525:1710,208.42,21.53,17.99,3.17,0.0
20190525:1810,62.69,11.93,16.49,2.76,0.0
20190525:1910,2.58,2.9,17.0,1.72,0.0
20190525:2010,0.0,0.0,16.06,1.79,0.0
20190525:2110,0.0,0.0,14.85,2.07,0.0
20190525:2210,0.0,0.0,13.84,2.14,0.0
20190525:2310,0.0,0.0,12.96,2.21,0.0
20190526:0010,0.0,0.0,12.38,2.14,0.0
20190526:0110,0.0,0.0,11.85,2.0,0.0
20190526:0210,0.0,0.0,11.28,2.07,0.0
20190526:0310,0.0,0.0,10.98,2.07,0.0
20190526:0410,0.0,0.0,10.59,2.14,0.0
20190526:0510,51.52,9.99,10.83,2.0,0.0
20190526:0610,169.16,19.49,12.75,2.0,0.0
20190526:0710,384.93,29.31,14.47,1.86,0.0
20190526:0810,576.6,39.09,16.44,2.76,0.0
20190526:0910,697.02,48.34,17.58,3.45,0.0
20190526:1010,895.99,56.23,18.46,3.45,0.0
20190526:1110,990.37,61.32,18.85,3.45,0.0
20190526:1210,917.9,61.88,18.91,3.45,0.0
20190526:1310,732.98,57.68,18.88,3.59,0.0
20190526:1410,404.27,50.27,18.72,4.0,0.0
20190526:1510,87.13,41.24,18.22,4.07,0.0
20190526:1610,82.55,31.52,17.68,4.07,0.0
20190526:1710,61.45,21.68,17.29,3.66,0.0
20190526:1810,52.38,12.08,16.81,2.76,0.0
20190526:1910,9.45,3.06,16.16,2.41,0.0
20190526:2010,0.0,0.0,15.83,2.21,0.0
20190526:2110,0.0,0.0,15.37,2.34,0.0
20190526:2210,0.0,0.0,15.12,2.69,0.0
20190526:2310,0.0,0.0,15.12,2.76,0.0
20190527:0010,0.0,0.0,15.05,2.76,0.0
20190527:0110,0.0,0.0,14.9,2.76,0.0
20190527:0210,0.0,0.0,14.71,2.76,0.0
20190527:0310,0.0,0.0,14.64,2.76,0.0
20190527:0410,0.0,0.0,14.52,2.69,0.0
20190527:0510,17.17,10.1,14.44,2.62,0.0
20190527:0610,54.11,19.59,14.48,2.48,0.0
20190527:0710,135.67,29.41,14.84,3.45,0.0
20190527:0810,132.07,39.2,15.4,3.31,0.0
20190527:0910,432.6,48.46,15.69,3.03,0.0
20190527:1010,655.82,56.37,16.49,3.24,0.0
20190527:1110,752.55,61.48,17.52,3.59,0.0
20190527:1210,711.41,62.05,18.24,3.66,0.0
20190527:1310,819.48,57.84,18.91,3.66,0.0
20190527:1410,603.27,50.42,19.25,3.72,0.0
20190527:1510,631.46,41.38,19.44,3.93,0.0
20190527:1610,230.04,31.66,19.28,4.28,0.0
20190527:1710,207.48,21.82,18.55,4.55,0.0
20190527:1810,71.28,12.22,17.38,4.0,0.0
20190527:1910,8.59,3.21,16.39,3.38,0.0
20190527:2010,0.0,0.0,14.97,2.69,0.0
20190527:2110,0.0,0.0,13.8,2.48,0.0
20190527:2210,0.0,0.0,12.87,2.41,0.0
20190527:2310,0.0,0.0,12.36,2.34,0.0
20190528:0010,0.0,0.0,12.0,2.48,0.0
20190528:0110,0.0,0.0,11.67,2.69,0.0
20190528:0210,0.0,0.0,11.38,2.9,0.0
20190528:0310,0.0,0.0,11.18,2.97,0.0
20190528:0410,0.0,0.0,10.85,3.17,0.0
20190528:0510,59.25,10.21,11.11,3.66,0.0
20190528:0610,171.81,19.69,11.52,4.48,0.0
20190528:0710,269.58,29.51,12.53,4.07,0.0
20190528:0810,493.39,39.3,13.38,4.0,0.0
20190528:0910,385.01,48.57,14.26,4.07,0.0
20190528:1010,546.07,56.5,15.3,4.21,0.0
20190528:1110,701.25,61.63,16.0,4.34,0.0
20190528:1210,753.23,62.22,16.59,4.21,0.0
20190528:1310,105.48,58.0,16.66,4.28,0.0
20190528:1410,273.88,50.57,16.26,4.48,0.0
20190528:1510,267.32,41.52,16.2,5.17,0.0
20190528:1610,272.04,31.8,15.74,5.31,0.0
20190528:1710,204.9,21.95,15.71,4.83,0.0
20190528:1810,54.1,12.36,15.31,4.14,0.0
20190528:1910,11.16,3.35,14.48,3.31,0.0
20190528:2010,0.0,0.0,13.37,2.76,0.0
20190528:2110,0.0,0.0,12.23,2.48,0.0
20190528:2210,0.0,0.0,11.4,2.48,0.0
20190528:2310,0.0,0.0,10.81,2.48,0.0
20190529:0010,0.0,0.0,10.13,2.34,0.0
20190529:0110,0.0,0.0,9.49,2.14,0.0
20190529:0210,0.0,0.0,8.86,2.14,0.0
20190529:0310,0.0,0.0,8.32,2.0,0.0
20190529:0410,0.86,1.49,7.78,1.93,0.0
20190529:0510,44.65,10.31,8.02,1.52,0.0
20190529:0610,166.94,19.79,10.48,1.24,0.0
20190529:0710,288.46,29.6,11.78,0.97,0.0
20190529:0810,552.5,39.39,13.27,1.24,0.0
20190529:0910,760.63,48.67,14.84,1.45,0.0
20190529:1010,432.63,56.62,15.79,1.72,0.0
20190529:1110,547.62,61.78,16.77,2.28,0.0
20190529:1210,539.65,62.38,17.64,2.76,0.0
20190529:1310,583.92,58.16,18.17,3.1,0.0
20190529:1410,438.41,50.71,18.66,3.24,0.0
20190529:1510,406.56,41.65,18.55,3.45,0.0
20190529:1610,325.22,31.93,18.22,3.52,0.0
20190529:1710,83.46,22.08,17.68,3.31,0.0
20190529:1810,72.99,12.5,16.91,3.31,0.0
20190529:1910,5.15,3.49,16.62,2.48,0.0
20190529:2010,0.0,0.0,15.79,2.14,0.0
20190529:2110,0.0,0.0,15.42,2.14,0.0
20190529:2210,0.0,0.0,15.12,2.28,0.0
20190529:2310,0.0,0.0,14.87,2.55,0.0
20190530:0010,0.0,0.0,14.75,2.76,0.0
20190530:0110,0.0,0.0,14.61,2.83,0.0
20190530:0210,0.0,0.0,14.46,2.76,0.0
20190530:0310,0.0,0.0,14.22,2.62,0.0
20190530:0410,0.86,1.59,14.05,2.48,0.0
20190530:0510,15.46,10.4,14.17,2.34,0.0
20190530:0610,155.92,19.87,14.87,2.34,0.0
20190530:0710,137.49,29.69,15.08,3.03,0.0
20190530:0810,291.05,39.48,15.92,2.9,0.0
20190530:0910,285.92,48.77,16.91,2.97,0.0
20190530:1010,153.17,56.74,17.96,3.03,0.0
20190530:1110,185.27,61.92,18.75,3.17,0.0
20190530:1210,144.91,62.53,19.29,3.24,0.0
20190530:1310,77.96,58.31,19.7,3.31,0.0
20190530:1410,335.38,50.85,19.64,3.1,0.0
20190530:1510,359.62,41.78,19.61,2.83,0.0
20190530:1610,112.81,32.06,19.61,2.34,0.0
20190530:1710,111.2,22.21,19.62,2.07,0.0
20190530:1810,24.04,12.63,19.5,1.59,0.0
20190530:1910,8.59,3.63,18.68,1.17,0.0
20190530:2010,0.0,0.0,17.76,1.17,0.0
20190530:2110,0.0,0.0,16.72,1.1,0.0
20190530:2210,0.0,0.0,15.7,1.17,0.0
20190530:2310,0.0,0.0,14.43,1.31,0.0
20190531:0010,0.0,0.0,13.25,1.59,0.0
20190531:0110,0.0,0.0,12.74,1.52,0.0
20190531:0210,0.0,0.0,12.9,1.38,0.0
20190531:0310,0.0,0.0,12.8,1.38,0.0
20190531:0410,0.86,1.69,13.09,1.31,0.0
20190531:0510,50.67,10.49,14.04,1.1,0.0
20190531:0610,118.58,19.96,15.02,1.17,0.0
20190531:0710,321.14,29.77,16.2,1.59,0.0
20190531:0810,596.75,39.56,17.66,1.72,0.0
20190531:0910,753.31,48.87,19.15,1.45,0.0
20190531:1010,648.27,56.85,20.41,0.9,0.0
20190531:1110,402.72,62.05,21.26,0.9,0.0
20190531:1210,553.21,62.68,21.55,1.03,0.0
20190531:1310,439.55,58.45,22.03,1.17,0.0
20190531:1410,674.91,50.99,22.45,1.31,0.0
20190531:1510,626.7,41.91,22.74,1.24,0.0
20190531:1610,436.3,32.18,22.75,1.03,0.0
20190531:1710,220.06,22.34,22.67,0.69,0.0
20190531:1810,57.54,12.76,22.49,0.62,0.0
20190531:1910,12.02,3.77,21.19,0.83,0.0
20190531:2010,0.0,0.0,18.79,1.52,0.0
20190531:2110,0.0,0.0,16.82,1.93,0.0
20190531:2210,0.0,0.0,15.37,2.0,0.0
20190531:2310,0.0,0.0,14.36,2.07,0.0
20190601:0010,0.0,0.0,13.63,2.07,0.0
20190601:0110,0.0,0.0,13.15,2.21,0.0
20190601:0210,0.0,0.0,12.76,2.21,0.0
20190601:0310,0.0,0.0,12.35,2.07,0.0
20190601:0410,3.43,1.78,11.85,1.86,0.0
20190601:0510,60.97,10.57,12.33,1.59,0.0
20190601:0610,172.55,20.03,15.7,1.24,0.0
20190601:0710,387.96,29.84,18.73,0.83,0.0
20190601:0810,608.78,39.64,21.27,1.38,0.0
20190601:0910,795.87,48.95,23.07,2.14,0.0
20190601:1010,938.39,56.95,24.26,2.55,0.0
20190601:1110,1005.81,62.18,25.23,2.62,0.0
20190601:1210,1014.47,62.82,26.04,2.55,0.0
20190601:1310,968.89,58.59,26.68,2.69,0.0
20190601:1410,835.86,51.12,27.15,2.83,0.0
20190601:1510,658.32,42.04,27.38,2.9,0.0
20190601:1610,447.54,32.3,27.42,2.83,0.0
20190601:1710,225.18,22.46,27.18,2.62,0.0
20190601:1810,56.68,12.88,26.31,1.93,0.0
20190601:1910,18.03,3.89,24.51,2.21,0.0
20190601:2010,0.0,0.0,22.29,2.69,0.0
20190601:2110,0.0,0.0,20.91,2.9,0.0
20190601:2210,0.0,0.0,20.09,3.17,0.0
20190601:2310,0.0,0.0,19.48,3.24,0.0
20190602:0010,0.0,0.0,18.96,3.17,0.0
20190602:0110,0.0,0.0,18.48,3.1,0.0
20190602:0210,0.0,0.0,17.92,2.97,0.0
20190602:0310,0.0,0.0,17.34,2.9,0.0
20190602:0410,6.01,1.87,16.89,2.83,0.0
20190602:0510,50.67,10.65,17.3,2.76,0.0
20190602:0610,173.39,20.1,19.13,2.55,0.0
20190602:0710,389.63,29.91,21.69,2.97,0.0
20190602:0810,603.73,39.71,23.9,3.31,0.0
20190602:0910,793.35,49.03,25.98,3.72,0.0
20190602:1010,934.62,57.05,27.69,4.21,0.0
20190602:1110,1003.11,62.3,28.96,5.1,0.0
20190602:1210,1011.8,62.96,29.81,5.79,0.0
20190602:1310,966.3,58.72,30.16,6.0,0.0
20190602:1410,828.05,51.24,30.06,6.14,0.0
20190602:1510,670.85,42.16,28.61,4.34,0.0
20190602:1610,418.01,32.42,28.43,4.28,0.0
20190602:1710,213.86,22.58,27.88,3.66,0.0
20190602:1810,59.25,13.0,26.8,2.9,0.0
20190602:1910,17.17,4.02,25.07,2.69,0.0
20190602:2010,0.0,0.0,23.29,2.69,0.0
20190602:2110,0.0,0.0,22.36,2.76,0.0
20190602:2210,0.0,0.0,21.69,3.03,0.0
20190602:2310,0.0,0.0,21.05,3.17,0.0
20190603:0010,0.0,0.0,20.2,3.17,0.0
20190603:0110,0.0,0.0,19.22,3.24,0.0
20190603:0210,0.0,0.0,17.95,2.97,0.0
20190603:0310,0.0,0.0,17.17,2.41,0.0
20190603:0410,0.86,1.95,16.47,1.79,0.0
20190603:0510,24.04,10.72,16.32,1.45,0.0
20190603:0610,108.11,20.17,16.5,1.38,0.0
20190603:0710,81.63,29.97,17.47,2.07,0.0
20190603:0810,123.82,39.78,18.12,2.14,0.0
20190603:0910,268.39,49.1,18.63,2.55,0.0
20190603:1010,182.52,57.14,19.2,3.17,0.0
20190603:1110,366.4,62.41,19.57,3.72,0.0
20190603:1210,166.93,63.09,20.04,3.79,0.0
20190603:1310,166.01,58.85,20.92,3.79,0.0
20190603:1410,363.69,51.36,21.7,4.0,0.0
20190603:1510,554.85,42.27,22.29,4.0,0.0
20190603:1610,341.32,32.54,22.49,3.59,0.0
20190603:1710,208.85,22.7,22.2,3.1,0.0
20190603:1810,78.15,13.12,21.55,2.34,0.0
20190603:1910,13.74,4.14,19.56,1.31,0.0
20190603:2010,0.0,0.0,18.35,1.86,0.0
20190603:2110,0.0,0.0,17.02,2.34,0.0
20190603:2210,0.0,0.0,16.15,2.55,0.0
20190603:2310,0.0,0.0,15.59,2.55,0.0
20190604:0010,0.0,0.0,15.07,2.55,0.0
20190604:0110,0.0,0.0,14.8,2.55,0.0
20190604:0210,0.0,0.0,14.55,2.41,0.0
20190604:0310,0.0,0.0,14.4,2.34,0.0
20190604:0410,0.86,2.02,14.58,2.28,0.0
20190604:0510,49.81,10.78,15.27,2.07,0.0
20190604:0610,67.87,20.23,16.16,2.07,0.0
20190604:0710,72.46,30.03,17.52,2.41,0.0
20190604:0810,319.32,39.84,18.85,2.97,0.0
20190604:0910,605.37,49.17,20.33,3.31,0.0
20190604:1010,500.31,57.22,21.7,3.72,0.0
20190604:1110,383.9,62.52,23.9,4.28,0.0
20190604:1210,611.43,63.21,25.52,4.55,0.0
20190604:1310,724.97,58.98,26.39,4.62,0.0
20190604:1410,285.5,51.48,27.12,4.9,0.0
20190604:1510,260.49,42.38,23.38,5.72,0.0
20190604:1610,99.97,32.65,22.38,5.66,0.0
20190604:1710,97.22,22.81,21.92,5.17,0.0
20190604:1810,34.35,13.24,21.38,3.59,0.0
20190604:1910,8.59,4.26,20.07,3.72,0.0
20190604:2010,0.0,0.0,18.91,3.52,0.0
20190604:2110,0.0,0.0,17.91,3.31,0.0
20190604:2210,0.0,0.0,17.17,3.24,0.0
20190604:2310,0.0,0.0,16.71,3.31,0.0
20190605:0010,0.0,0.0,16.52,3.24,0.0
20190605:0110,0.0,0.0,16.01,3.03,0.0
20190605:0210,0.0,0.0,15.32,2.76,0.0
20190605:0310,0.0,0.0,14.44,2.28,0.0
20190605:0410,0.86,2.09,14.21,2.14,0.0
20190605:0510,34.35,10.84,14.12,2.0,0.0
20190605:0610,152.1,20.28,14.16,2.0,0.0
20190605:0710,184.39,30.08,14.49,1.17,0.0
20190605:0810,184.44,39.89,15.01,1.1,0.0
20190605:0910,136.66,49.23,15.21,0.97,0.0
20190605:1010,126.57,57.3,15.14,0.9,0.0
20190605:1110,90.8,62.62,15.01,1.38,0.0
20190605:1210,104.56,63.33,14.93,1.52,0.0
20190605:1310,107.31,59.1,14.92,2.83,0.0
20190605:1410,88.05,51.59,14.62,3.45,0.0
20190605:1510,88.97,42.49,14.54,3.45,0.0
20190605:1610,53.2,32.75,14.08,3.79,0.0
20190605:1710,27.52,22.91,13.47,4.41,0.0
20190605:1810,12.88,13.35,12.85,3.86,0.0
20190605:1910,21.47,4.37,12.56,4.07,0.0
20190605:2010,0.0,0.0,12.3,3.03,0.0
20190605:2110,0.0,0.0,12.06,2.28,0.0
20190605:2210,0.0,0.0,11.82,1.79,0.0
20190605:2310,0.0,0.0,11.53,2.21,0.0
20190606:0010,0.0,0.0,11.11,2.34,0.0
20190606:0110,0.0,0.0,10.47,2.62,0.0
20190606:0210,0.0,0.0,10.05,2.76,0.0
20190606:0310,0.0,0.0,10.06,2.55,0.0
20190606:0410,0.86,2.15,9.8,2.21,0.0
20190606:0510,64.41,10.89,10.32,2.34,0.0
20190606:0610,78.88,20.33,11.13,3.24,0.0
20190606:0710,195.08,30.13,12.09,2.76,0.0
20190606:0810,338.53,39.94,13.01,2.41,0.0
20190606:0910,521.02,49.29,14.03,2.48,0.0
20190606:1010,743.99,57.37,15.28,2.41,0.0
20190606:1110,783.97,62.72,16.24,2.28,0.0
20190606:1210,870.88,63.44,17.06,2.62,0.0
20190606:1310,814.07,59.21,17.85,3.03,0.0
20190606:1410,731.49,51.7,18.13,3.03,0.0
20190606:1510,428.32,42.6,18.27,2.9,0.0
20190606:1610,359.24,32.86,18.41,2.69,0.0
20190606:1710,228.21,23.02,18.46,2.97,0.0
20190606:1810,81.58,13.45,18.09,2.21,0.0
20190606:1910,21.47,4.48,16.62,2.34,0.0
20190606:2010,0.0,0.0,15.41,2.62,0.0
20190606:2110,0.0,0.0,14.35,3.24,0.0
20190606:2210,0.0,0.0,13.94,3.93,0.0
20190606:2310,0.0,0.0,14.0,4.9,0.0
20190607:0010,0.0,0.0,14.0,5.17,0.0
20190607:0110,0.0,0.0,13.95,5.24,0.0
20190607:0210,0.0,0.0,13.79,5.59,0.0
20190607:0310,0.0,0.0,13.92,5.72,0.0
20190607:0410,2.58,2.2,13.8,5.52,0.0
20190607:0510,17.17,10.94,13.37,4.69,0.0
20190607:0610,25.68,20.37,13.85,4.28,0.0
20190607:0710,314.15,30.17,16.24,4.21,0.0
20190607:0810,75.21,39.98,16.85,5.38,0.0
20190607:0910,342.04,49.34,16.92,5.1,0.0
20190607:1010,155.92,57.44,15.73,4.83,0.0
20190607:1110,145.83,62.8,14.62,4.41,0.0
20190607:1210,285.82,63.55,14.58,5.24,0.0
20190607:1310,849.27,59.32,14.92,6.34,0.0
20190607:1410,170.59,51.81,15.97,7.59,0.0
20190607:1510,139.41,42.7,16.48,8.83,0.0
20190607:1610,149.46,32.96,17.12,9.38,0.0
20190607:1710,227.42,23.12,15.57,9.52,0.0
20190607:1810,66.98,13.55,15.36,10.21,0.0
20190607:1910,3.43,4.58,14.24,9.38,0.0
20190607:2010,0.0,0.0,14.14,9.17,0.0
20190607:2110,0.0,0.0,13.62,8.97,0.0
20190607:2210,0.0,0.0,13.15,8.69,0.0
20190607:2310,0.0,0.0,12.82,8.21,0.0
20190608:0010,0.0,0.0,12.52,7.86,0.0
20190608:0110,0.0,0.0,12.33,7.66,0.0
20190608:0210,0.0,0.0,11.97,7.31,0.0
20190608:0310,0.0,0.0,11.83,7.17,0.0
20190608:0410,5.15,2.25,11.65,6.97,0.0
20190608:0510,59.25,10.98,11.75,6.76,0.0
20190608:0610,171.56,20.41,12.48,5.72,0.0
20190608:0710,350.61,30.2,13.29,8.28,0.0
20190608:0810,259.21,40.02,14.27,8.07,0.0
20190608:0910,426.45,49.38,15.33,7.86,0.0
20190608:1010,644.35,57.5,16.52,7.79,0.0
20190608:1110,851.27,62.88,17.07,7.38,0.0
20190608:1210,344.52,63.65,17.77,7.1,0.0
20190608:1310,717.96,59.42,18.09,6.9,0.0
20190608:1410,630.81,51.91,18.16,6.14,0.0
20190608:1510,400.95,42.8,18.13,6.0,0.0
20190608:1610,328.78,33.05,18.1,5.38,0.0
20190608:1710,228.81,23.21,17.88,4.28,0.0
20190608:1810,79.0,13.65,17.3,3.03,0.0
20190608:1910,22.33,4.68,16.24,2.14,0.0
20190608:2010,0.0,0.0,15.12,2.14,0.0
20190608:2110,0.0,0.0,14.2,2.14,0.0
20190608:2210,0.0,0.0,13.44,2.0,0.0
20190608:2310,0.0,0.0,12.7,1.59,0.0
20190609:0010,0.0,0.0,12.54,0.97,0.0
20190609:0110,0.0,0.0,12.75,0.41,0.0
20190609:0210,0.0,0.0,12.12,0.34,0.0
20190609:0310,0.0,0.0,10.86,0.97,0.0
20190609:0410,9.45,2.3,10.31,0.97,0.0
20190609:0510,63.55,11.02,10.84,0.69,0.0
20190609:0610,147.28,20.44,12.65,0.83,0.0
20190609:0710,231.29,30.23,14.47,1.59,0.0
20190609:0810,189.94,40.05,15.77,2.0,0.0
20190609:0910,216.45,49.42,16.66,2.21,0.0
20190609:1010,308.45,57.55,17.15,2.83,0.0
20190609:1110,197.19,62.96,17.14,3.1,0.0
20190609:1210,641.89,63.74,17.58,2.97,0.0
20190609:1310,585.05,59.51,18.74,2.9,0.0
20190609:1410,497.72,52.0,18.86,2.21,0.0
20190609:1510,136.66,42.89,19.18,1.93,0.0
20190609:1610,273.65,33.14,19.25,2.07,0.0
20190609:1710,234.17,23.31,19.2,2.21,0.0
20190609:1810,58.39,13.74,18.86,2.14,0.0
20190609:1910,23.19,4.78,17.54,2.0,0.0
20190609:2010,0.0,0.0,16.09,2.41,0.0
20190609:2110,0.0,0.0,15.02,2.34,0.0
20190609:2210,0.0,0.0,14.22,2.14,0.0
20190609:2310,0.0,0.0,13.4,1.86,0.0
20190610:0010,0.0,0.0,12.57,1.79,0.0
20190610:0110,0.0,0.0,12.02,1.79,0.0
20190610:0210,0.0,0.0,11.77,1.79,0.0
20190610:0310,0.0,0.0,11.35,1.79,0.0
20190610:0410,10.3,2.33,11.29,1.79,0.0
20190610:0510,29.2,11.05,11.73,1.59,0.0
20190610:0610,118.9,20.47,12.83,1.79,0.0
20190610:0710,266.26,30.26,14.22,2.48,0.0
20190610:0810,333.08,40.07,15.61,3.31,0.0
20190610:0910,145.83,49.46,16.75,3.38,0.0
20190610:1010,152.25,57.6,17.7,3.24,0.0
20190610:1110,442.45,63.02,18.14,4.07,0.0
20190610:1210,451.89,63.82,16.19,4.76,0.0
20190610:1310,840.06,59.61,17.65,5.03,0.0
20190610:1410,728.97,52.09,17.61,4.34,0.0
20190610:1510,421.11,42.98,17.29,3.79,0.0
20190610:1610,226.86,33.23,17.27,3.03,0.0
20190610:1710,143.52,23.39,17.14,2.69,0.0
20190610:1810,84.16,13.83,16.41,2.41,0.0
20190610:1910,19.75,4.87,14.72,2.48,0.0
20190610:2010,0.0,0.0,13.75,1.93,0.0
20190610:2110,0.0,0.0,12.6,1.66,0.0
20190610:2210,0.0,0.0,11.51,1.86,0.0
20190610:2310,0.0,0.0,10.4,1.93,0.0
20190611:0010,0.0,0.0,9.39,1.45,0.0
20190611:0110,0.0,0.0,8.79,1.66,0.0
20190611:0210,0.0,0.0,8.21,1.86,0.0
20190611:0310,0.0,0.0,7.74,1.79,0.0
20190611:0410,0.86,2.37,7.29,1.66,0.0
20190611:0510,60.11,11.08,7.98,1.24,0.0
20190611:0610,172.43,20.49,10.72,1.24,0.0
20190611:0710,363.16,30.28,11.83,0.55,0.0
20190611:0810,545.89,40.1,13.46,1.45,0.0
20190611:0910,469.58,49.48,14.73,2.0,0.0
20190611:1010,723.83,57.63,15.63,2.0,0.0
20190611:1110,672.24,63.08,16.18,1.79,0.0
20190611:1210,803.63,63.9,16.79,1.86,0.0
20190611:1310,318.62,59.69,17.76,2.21,0.0
20190611:1410,96.3,52.18,17.02,2.07,0.0
20190611:1510,307.63,43.06,16.43,2.14,0.0
20190611:1610,101.81,33.31,16.85,1.86,0.0
20190611:1710,39.44,23.48,15.73,1.1,0.0
20190611:1810,13.74,13.92,15.64,1.59,0.0
20190611:1910,4.29,4.95,14.17,0.69,0.0
20190611:2010,0.0,0.0,13.5,1.45,0.0
20190611:2110,0.0,0.0,12.37,1.66,0.0
20190611:2210,0.0,0.0,11.39,1.79,0.0
20190611:2310,0.0,0.0,10.7,1.86,0.0
20190612:0010,0.0,0.0,10.29,1.79,0.0
20190612:0110,0.0,0.0,9.99,1.79,0.0
20190612:0210,0.0,0.0,9.88,1.72,0.0
20190612:0310,0.0,0.0,9.55,1.79,0.0
20190612:0410,9.45,2.39,9.5,1.86,0.0
20190612:0510,64.41,11.1,9.93,1.86,0.0
20190612:0610,82.55,20.5,11.17,2.34,0.0
20190612:0710,232.9,30.29,11.22,2.97,0.0
20190612:0810,0.0,0.0,12.76,3.1,0.0
20190612:0910,527.59,49.5,14.3,2.97,0.0
20190612:1010,521.74,57.67,15.31,3.17,0.0
20190612:1110,354.51,63.14,15.92,3.52,0.0
20190612:1210,860.15,63.97,16.64,3.86,0.0
20190612:1310,927.88,59.77,17.44,4.14,0.0
20190612:1410,487.14,52.26,16.13,4.76,0.0
20190612:1510,70.62,43.14,14.67,4.76,0.0
20190612:1610,446.08,33.39,15.03,4.07,0.0
20190612:1710,232.89,23.56,15.59,4.62,0.0
20190612:1810,61.83,14.0,15.32,4.21,0.0
20190612:1910,24.9,5.03,14.7,3.66,0.0
20190612:2010,0.0,0.0,13.51,3.52,0.0
20190612:2110,0.0,0.0,12.89,3.66,0.0
20190612:2210,0.0,0.0,12.02,4.0,0.0
20190612:2310,0.0,0.0,11.39,4.21,0.0
20190613:0010,0.0,0.0,11.02,4.0,0.0
20190613:0110,0.0,0.0,10.79,4.07,0.0
20190613:0210,0.0,0.0,10.52,4.0,0.0
20190613:0310,0.0,0.0,10.22,3.79,0.0
20190613:0410,0.86,2.41,9.89,3.72,0.0
20190613:0510,66.12,11.11,10.32,3.66,0.0
20190613:0610,90.8,20.51,11.51,3.72,0.0
20190613:0710,181.58,30.3,12.85,4.76,0.0
20190613:0810,301.39,40.12,13.74,4.76,0.0
20190613:0910,303.87,49.52,15.45,5.1,0.0
20190613:1010,400.3,57.7,16.19,5.1,0.0
20190613:1110,507.72,63.18,17.28,5.38,0.0
20190613:1210,507.11,64.04,17.74,5.38,0.0
20190613:1310,593.69,59.85,18.74,5.59,0.0
20190613:1410,541.27,52.33,19.04,5.45,0.0
20190613:1510,437.69,43.21,19.55,5.31,0.0
20190613:1610,301.2,33.47,19.44,4.9,0.0
20190613:1710,199.49,23.63,19.22,4.48,0.0
20190613:1810,83.3,14.07,18.57,3.17,0.0
20190613:1910,24.9,5.11,17.66,2.41,0.0
20190613:2010,0.0,0.0,16.5,2.21,0.0
20190613:2110,0.0,0.0,15.36,2.07,0.0
20190613:2210,0.0,0.0,14.3,1.86,0.0
20190613:2310,0.0,0.0,12.84,1.72,0.0
20190614:0010,0.0,0.0,11.66,1.72,0.0
20190614:0110,0.0,0.0,11.16,1.59,0.0
20190614:0210,0.0,0.0,11.11,1.45,0.0
20190614:0310,0.0,0.0,11.36,1.72,0.0
20190614:0410,1.72,2.43,12.02,1.66,0.0
20190614:0510,30.06,11.12,12.09,1.17,0.0
20190614:0610,170.76,20.52,13.28,0.69,0.0
20190614:0710,362.29,30.3,15.81,1.86,0.0
20190614:0810,598.0,40.12,17.49,2.62,0.0
20190614:0910,731.64,49.53,18.64,2.76,0.0
20190614:1010,366.93,57.72,19.66,2.41,0.0
20190614:1110,427.14,63.22,20.44,1.79,0.0
20190614:1210,805.74,64.1,21.25,1.17,0.0
20190614:1310,816.0,59.91,22.31,1.79,0.0
20190614:1410,482.3,52.4,22.31,1.72,0.0
20190614:1510,611.03,43.28,22.16,1.45,0.0
20190614:1610,332.83,33.54,21.77,1.59,0.0
20190614:1710,199.0,23.7,21.73,2.28,0.0
20190614:1810,24.04,14.14,20.69,2.21,0.0
20190614:1910,3.43,5.18,19.77,1.86,0.0
20190614:2010,0.0,0.0,18.52,1.72,0.0
20190614:2110,0.0,0.0,17.56,1.59,0.0
20190614:2210,0.0,0.0,16.79,1.59,0.0
20190614:2310,0.0,0.0,16.21,1.17,0.0
20190615:0010,0.0,0.0,16.16,0.83,0.0
20190615:0110,0.0,0.0,15.9,1.03,0.0
20190615:0210,0.0,0.0,15.79,1.1,0.0
20190615:0310,0.0,0.0,15.08,1.66,0.0
20190615:0410,10.3,2.44,14.31,2.14,0.0
20190615:0510,65.26,11.12,14.17,2.55,0.0
20190615:0610,169.06,20.52,14.7,2.76,0.0
20190615:0710,321.13,30.3,15.7,2.62,0.0
20190615:0810,577.74,40.12,17.11,2.9,0.0
20190615:0910,772.07,49.53,18.48,3.59,0.0
20190615:1010,916.76,57.73,19.33,4.14,0.0
20190615:1110,985.18,63.25,19.83,4.55,0.0
20190615:1210,913.27,64.15,20.4,5.52,0.0
20190615:1310,597.52,59.98,20.15,5.45,0.0
20190615:1410,707.79,52.47,20.05,5.52,0.0
20190615:1510,452.61,43.35,19.89,5.24,0.0
20190615:1610,310.92,33.6,19.79,4.76,0.0
20190615:1710,168.18,23.77,19.64,4.14,0.0
20190615:1810,48.52,14.21,19.19,3.31,0.0
20190615:1910,18.03,5.25,17.91,2.9,0.0
20190615:2010,0.0,0.0,16.86,2.83,0.0
20190615:2110,0.0,0.0,16.02,3.24,0.0
20190615:2210,0.0,0.0,15.41,3.38,0.0
20190615:2310,0.0,0.0,15.04,3.31,0.0
20190616:0010,0.0,0.0,14.67,3.38,0.0
20190616:0110,0.0,0.0,13.94,3.38,0.0
20190616:0210,0.0,0.0,13.43,3.38,0.0
20190616:0310,0.0,0.0,13.2,3.31,0.0
20190616:0410,0.86,2.44,12.73,3.17,0.0
20190616:0510,61.83,11.12,12.86,3.03,0.0
20190616:0610,167.8,20.51,13.72,2.97,0.0
20190616:0710,288.89,30.29,15.33,4.07,0.0
20190616:0810,452.98,40.12,16.39,3.66,0.0
20190616:0910,550.74,49.53,17.28,3.45,0.0
20190616:1010,164.17,57.74,17.97,3.38,0.0
20190616:1110,580.11,63.28,18.7,3.45,0.0
20190616:1210,691.4,64.19,19.64,3.72,0.0
20190616:1310,728.09,60.03,20.36,3.72,0.0
20190616:1410,519.57,52.53,20.77,3.79,0.0
20190616:1510,391.92,43.41,20.71,3.24,0.0
20190616:1610,389.08,33.67,20.72,3.1,0.0
20190616:1710,224.03,23.83,20.53,2.69,0.0
20190616:1810,85.06,14.27,20.24,2.0,0.0
20190616:1910,25.76,5.31,19.35,1.38,0.0
20190616:2010,0.0,0.0,17.75,1.03,0.0
20190616:2110,0.0,0.0,17.76,0.55,0.0
20190616:2210,0.0,0.0,17.02,0.62,0.0
20190616:2310,0.0,0.0,15.16,1.17,0.0
20190617:0010,0.0,0.0,12.85,1.66,0.0
20190617:0110,0.0,0.0,11.88,1.86,0.0
20190617:0210,0.0,0.0,11.43,1.93,0.0
20190617:0310,0.0,0.0,11.2,1.93,0.0
20190617:0410,10.3,2.44,11.05,1.79,0.0
20190617:0510,52.38,11.11,12.02,1.38,0.0
20190617:0610,168.52,20.5,15.28,1.03,0.0
20190617:0710,383.72,30.28,17.69,0.34,0.0
20190617:0810,599.97,40.11,19.74,0.41,0.0
20190617:0910,786.64,49.52,21.31,0.69,0.0
20190617:1010,787.94,57.74,22.59,1.24,0.0
20190617:1110,924.06,63.3,23.37,1.66,0.0
20190617:1210,786.06,64.23,23.7,1.52,0.0
20190617:1310,811.13,60.08,23.94,1.1,0.0
20190617:1410,726.29,52.58,24.33,0.83,0.0
20190617:1510,534.86,43.47,24.94,0.69,0.0
20190617:1610,353.6,33.72,24.95,0.28,0.0
20190617:1710,181.29,23.89,24.91,0.34,0.0
20190617:1810,74.59,14.32,24.45,1.03,0.0
20190617:1910,25.76,5.36,23.05,1.24,0.0
20190617:2010,0.0,0.0,21.04,2.14,0.0
20190617:2110,0.0,0.0,18.91,2.07,0.0
20190617:2210,0.0,0.0,17.44,2.07,0.0
20190617:2310,0.0,0.0,16.24,2.14,0.0
20190618:0010,0.0,0.0,15.4,2.14,0.0
20190618:0110,0.0,0.0,14.81,2.21,0.0
20190618:0210,0.0,0.0,14.35,2.0,0.0
20190618:0310,0.0,0.0,13.95,1.79,0.0
20190618:0410,10.3,2.43,13.63,1.79,0.0
20190618:0510,24.9,11.1,14.28,1.66,0.0
20190618:0610,102.59,20.49,16.52,1.52,0.0
20190618:0710,299.1,30.26,18.63,1.86,0.0
20190618:0810,474.87,40.09,20.82,1.72,0.0
20190618:0910,685.09,49.51,23.1,1.72,0.0
20190618:1010,913.26,57.74,24.93,2.07,0.0
20190618:1110,824.16,63.31,26.27,2.41,0.0
20190618:1210,678.23,64.26,27.06,2.83,0.0
20190618:1310,562.45,60.13,27.49,3.03,0.0
20190618:1410,584.52,52.63,27.29,2.76,0.0
20190618:1510,662.17,43.52,27.42,3.1,0.0
20190618:1610,421.98,33.77,27.37,3.59,0.0
20190618:1710,232.22,23.94,26.98,3.17,0.0
20190618:1810,53.23,14.38,26.03,3.03,0.0
20190618:1910,26.62,5.41,24.45,2.9,0.0
20190618:2010,0.0,0.0,23.08,3.38,0.0
20190618:2110,0.0,0.0,21.86,2.41,0.0
20190618:2210,0.0,0.0,20.81,1.38,0.0
20190618:2310,0.0,0.0,18.43,3.59,0.0
20190619:0010,0.0,0.0,17.59,2.62,0.0
20190619:0110,0.0,0.0,17.29,2.34,0.0
20190619:0210,0.0,0.0,16.72,2.14,0.0
20190619:0310,0.0,0.0,16.42,2.34,0.0
20190619:0410,1.72,2.41,16.39,2.76,0.0
20190619:0510,10.3,11.08,17.17,2.76,0.0
20190619:0610,23.85,20.47,19.1,2.62,0.0
20190619:0710,360.48,30.24,19.44,1.86,0.0
20190619:0810,506.58,40.07,21.5,2.76,0.0
20190619:0910,224.89,49.49,22.97,4.07,0.0
20190619:1010,486.23,57.73,23.53,4.0,0.0
20190619:1110,821.49,63.32,24.06,4.34,0.0
20190619:1210,400.72,64.29,24.57,4.97,0.0
20190619:1310,518.7,60.17,22.93,6.0,0.0
20190619:1410,739.19,52.68,23.01,5.52,0.0
20190619:1510,534.25,43.57,23.03,5.93,0.0
20190619:1610,227.75,33.82,22.89,5.52,0.0
20190619:1710,163.86,23.99,21.05,4.76,0.0
20190619:1810,83.65,14.42,20.08,3.17,0.0
20190619:1910,24.04,5.46,20.19,3.86,0.0
20190619:2010,0.0,0.0,19.14,2.97,0.0
20190619:2110,0.0,0.0,18.29,2.34,0.0
20190619:2210,0.0,0.0,17.53,2.07,0.0
20190619:2310,0.0,0.0,16.94,1.79,0.0
20190620:0010,0.0,0.0,16.46,1.66,0.0
20190620:0110,0.0,0.0,16.08,1.59,0.0
20190620:0210,0.0,0.0,15.67,1.52,0.0
20190620:0310,0.0,0.0,15.68,1.38,0.0
20190620:0410,7.73,2.39,15.75,1.45,0.0
20190620:0510,28.34,11.06,15.65,1.72,0.0
20190620:0610,60.53,20.44,15.33,2.21,0.0
20190620:0710,131.16,30.22,15.06,2.48,0.0
20190620:0810,335.42,40.04,15.04,2.21,0.0
20190620:0910,484.22,49.47,15.48,2.76,0.0
20190620:1010,665.97,57.71,16.96,3.31,0.0
20190620:1110,633.09,63.32,18.22,3.52,0.0
20190620:1210,482.03,64.31,19.33,3.66,0.0
20190620:1310,122.9,60.2,20.18,3.72,0.0
20190620:1410,371.83,52.72,20.56,3.79,0.0
20190620:1510,363.83,43.61,20.46,3.66,0.0
20190620:1610,271.01,33.87,20.47,3.38,0.0
20190620:1710,171.83,24.03,20.03,3.1,0.0
20190620:1810,84.44,14.46,19.22,2.76,0.0
20190620:1910,24.04,5.5,18.56,1.93,0.0
20190620:2010,0.0,0.0,17.6,2.07,0.0
20190620:2110,0.0,0.0,16.25,2.34,0.0
20190620:2210,0.0,0.0,15.28,2.41,0.0
20190620:2310,0.0,0.0,14.29,2.28,0.0
20190621:0010,0.0,0.0,13.79,2.0,0.0
20190621:0110,0.0,0.0,13.39,1.79,0.0
20190621:0210,0.0,0.0,12.74,1.66,0.0
20190621:0310,0.0,0.0,12.07,1.59,0.0
20190621:0410,9.45,2.37,11.62,1.59,0.0
20190621:0510,65.26,11.03,12.4,1.24,0.0
20190621:0610,167.73,20.41,13.9,1.52,0.0
20190621:0710,384.95,30.18,15.48,1.72,0.0
20190621:0810,584.61,40.01,16.59,1.59,0.0
20190621:0910,775.11,49.44,17.87,1.52,0.0
20190621:1010,905.36,57.69,19.04,1.59,0.0
20190621:1110,849.76,63.31,19.89,1.66,0.0
20190621:1210,827.11,64.32,20.28,1.66,0.0
20190621:1310,721.62,60.22,20.47,2.0,0.0
20190621:1410,589.23,52.75,20.51,2.34,0.0
20190621:1510,298.45,43.65,20.42,2.62,0.0
20190621:1610,361.89,33.9,20.2,2.83,0.0
20190621:1710,164.62,24.07,19.88,2.9,0.0
20190621:1810,76.1,14.5,19.43,2.62,0.0
20190621:1910,27.48,5.53,18.56,2.62,0.0
20190621:2010,0.0,0.0,17.55,2.9,0.0
20190621:2110,0.0,0.0,16.33,3.03,0.0
20190621:2210,0.0,0.0,15.18,2.97,0.0
20190621:2310,0.0,0.0,14.32,3.03,0.0
20190622:0010,0.0,0.0,13.75,2.97,0.0
20190622:0110,0.0,0.0,13.34,2.9,0.0
20190622:0210,0.0,0.0,12.88,2.76,0.0
20190622:0310,0.0,0.0,12.45,2.62,0.0
20190622:0410,8.59,2.34,12.06,2.55,0.0
20190622:0510,52.38,11.0,12.27,2.48,0.0
20190622:0610,165.01,20.38,13.7,2.69,0.0
20190622:0710,380.68,30.15,15.87,2.55,0.0
20190622:0810,593.59,39.98,17.73,2.76,0.0
20190622:0910,780.06,49.41,19.49,3.03,0.0
20190622:1010,923.59,57.66,20.83,3.38,0.0
20190622:1110,1000.86,63.29,21.72,3.31,0.0
20190622:1210,1013.92,64.32,22.72,2.76,0.0
20190622:1310,924.45,60.24,23.37,2.55,0.0
20190622:1410,827.23,52.78,23.62,2.55,0.0
20190622:1510,497.96,43.68,23.79,2.83,0.0
20190622:1610,305.08,33.94,23.56,3.17,0.0
20190622:1710,134.94,24.1,23.36,3.38,0.0
20190622:1810,90.69,14.53,22.62,2.97,0.0
20190622:1910,26.62,5.56,21.95,2.14,0.0
20190622:2010,0.0,0.0,20.58,2.28,0.0
20190622:2110,0.0,0.0,19.37,2.41,0.0
20190622:2210,0.0,0.0,18.59,2.41,0.0
20190622:2310,0.0,0.0,17.65,2.41,0.0
20190623:0010,0.0,0.0,16.82,2.28,0.0
20190623:0110,0.0,0.0,16.18,2.21,0.0
20190623:0210,0.0,0.0,15.6,2.28,0.0
20190623:0310,0.0,0.0,15.18,2.28,0.0
20190623:0410,8.59,2.3,14.82,2.21,0.0
20190623:0510,56.68,10.96,15.38,2.14,0.0
20190623:0610,162.25,20.33,17.44,2.28,0.0
20190623:0710,368.21,30.11,19.96,2.41,0.0
20190623:0810,573.44,39.94,21.88,2.48,0.0
20190623:0910,769.61,49.37,23.71,3.03,0.0
20190623:1010,864.71,57.63,25.14,3.38,0.0
20190623:1110,840.06,63.27,26.22,3.79,0.0
20190623:1210,709.87,64.32,26.78,4.07,0.0
20190623:1310,709.35,60.26,27.39,4.21,0.0
20190623:1410,585.34,52.8,27.7,4.28,0.0
20190623:1510,461.55,43.71,27.97,4.21,0.0
20190623:1610,301.48,33.97,27.98,3.86,0.0
20190623:1710,234.14,24.13,27.65,2.76,0.0
20190623:1810,89.37,14.56,26.94,2.34,0.0
20190623:1910,16.32,5.58,25.56,2.48,0.0
20190623:2010,0.0,0.0,24.05,2.62,0.0
20190623:2110,0.0,0.0,22.89,2.69,0.0
20190623:2210,0.0,0.0,22.01,2.83,0.0
20190623:2310,0.0,0.0,21.27,2.83,0.0
20190624:0010,0.0,0.0,20.65,2.9,0.0
20190624:0110,0.0,0.0,20.08,3.03,0.0
20190624:0210,0.0,0.0,19.66,3.03,0.0
20190624:0310,0.0,0.0,19.25,2.83,0.0
20190624:0410,0.86,2.26,18.79,2.48,0.0
20190624:0510,11.16,10.92,18.98,1.86,0.0
20190624:0610,160.34,20.29,20.03,1.45,0.0
20190624:0710,364.8,30.06,22.12,1.52,0.0
20190624:0810,557.04,39.89,23.88,1.1,0.0
20190624:0910,743.58,49.33,25.4,0.55,0.0
20190624:1010,521.97,57.59,27.04,0.34,0.0
20190624:1110,914.87,63.24,28.37,0.69,0.0
20190624:1210,720.83,64.31,29.3,1.45,0.0
20190624:1310,707.01,60.27,29.9,2.07,0.0
20190624:1410,549.6,52.82,30.45,2.69,0.0
20190624:1510,626.37,43.73,30.79,3.38,0.0
20190624:1610,435.5,33.99,30.8,3.66,0.0
20190624:1710,226.48,24.15,30.47,3.52,0.0
20190624:1810,61.97,14.58,29.48,3.1,0.0
20190624:1910,28.34,5.6,27.75,2.9,0.0
20190624:2010,0.0,0.0,26.08,3.31,0.0
20190624:2110,0.0,0.0,25.17,3.45,0.0
20190624:2210,0.0,0.0,24.8,3.52,0.0
20190624:2310,0.0,0.0,24.33,3.1,0.0
20190625:0010,0.0,0.0,23.5,2.9,0.0
20190625:0110,0.0,0.0,22.95,2.76,0.0
20190625:0210,0.0,0.0,22.41,2.83,0.0
20190625:0310,0.0,0.0,21.87,2.62,0.0
20190625:0410,8.59,2.22,21.5,2.69,0.0
20190625:0510,60.11,10.87,21.87,2.76,0.0
20190625:0610,160.02,20.24,23.05,2.62,0.0
20190625:0710,343.68,30.01,24.09,3.03,0.0
20190625:0810,490.3,39.84,25.66,3.59,0.0
20190625:0910,728.88,49.28,26.97,3.52,0.0
20190625:1010,863.55,57.55,28.19,3.17,0.0
20190625:1110,952.36,63.21,29.3,3.17,0.0
20190625:1210,954.41,64.29,30.14,3.17,0.0
20190625:1310,880.36,60.27,30.72,2.97,0.0
20190625:1410,779.03,52.83,30.83,2.69,0.0
20190625:1510,589.46,43.75,30.64,2.34,0.0
20190625:1610,441.25,34.01,30.42,2.07,0.0
20190625:1710,235.14,24.17,29.59,2.34,0.0
20190625:1810,65.63,14.6,28.63,2.69,0.0
20190625:1910,28.34,5.61,28.36,2.48,0.0
20190625:2010,0.0,0.0,26.47,3.31,0.0
20190625:2110,0.0,0.0,24.92,3.59,0.0
20190625:2210,0.0,0.0,23.87,3.38,0.0
20190625:2310,0.0,0.0,23.05,3.17,0.0
20190626:0010,0.0,0.0,22.45,3.24,0.0
20190626:0110,0.0,0.0,21.91,3.17,0.0
20190626:0210,0.0,0.0,21.45,3.03,0.0
20190626:0310,0.0,0.0,21.05,3.1,0.0
20190626:0410,5.15,2.16,20.75,3.31,0.0
20190626:0510,60.97,10.81,21.05,3.45,0.0
20190626:0610,159.42,20.19,22.27,3.72,0.0
20190626:0710,353.51,29.96,23.6,4.34,0.0
20190626:0810,561.08,39.79,25.22,4.76,0.0
20190626:0910,746.94,49.23,26.97,4.83,0.0
20190626:1010,895.58,57.5,28.63,5.1,0.0
20190626:1110,971.3,63.17,30.02,5.45,0.0
20190626:1210,985.57,64.27,31.2,5.72,0.0
20190626:1310,941.48,60.26,32.18,5.52,0.0
20190626:1410,813.62,52.84,32.99,5.1,0.0
20190626:1510,641.57,43.76,33.54,4.69,0.0
20190626:1610,444.81,34.02,33.75,4.48,0.0
20190626:1710,235.51,24.18,33.26,4.34,0.0
20190626:1810,71.94,14.61,31.9,4.55,0.0
20190626:1910,29.2,5.62,28.74,5.03,0.0
20190626:2010,0.0,0.0,27.14,5.03,0.0
20190626:2110,0.0,0.0,25.98,5.17,0.0
20190626:2210,0.0,0.0,25.01,5.1,0.0
20190626:2310,0.0,0.0,24.17,4.83,0.0
20190627:0010,0.0,0.0,23.43,4.48,0.0
20190627:0110,0.0,0.0,22.67,4.28,0.0
20190627:0210,0.0,0.0,22.06,4.07,0.0
20190627:0310,0.0,0.0,21.43,4.14,0.0
20190627:0410,6.01,2.11,20.83,4.14,0.0
20190627:0510,60.11,10.76,20.77,4.21,0.0
20190627:0610,159.56,20.13,21.58,4.21,0.0
20190627:0710,361.17,29.9,23.03,4.55,0.0
20190627:0810,570.56,39.73,24.77,4.55,0.0
20190627:0910,759.64,49.17,26.42,4.62,0.0
20190627:1010,910.12,57.44,27.87,4.76,0.0
20190627:1110,987.37,63.12,29.07,4.9,0.0
20190627:1210,1001.78,64.24,30.06,5.03,0.0
20190627:1310,957.46,60.25,30.74,5.24,0.0
20190627:1410,823.69,52.84,31.17,5.45,0.0
20190627:1510,653.96,43.76,31.27,5.52,0.0
20190627:1610,453.72,34.03,31.0,5.45,0.0
20190627:1710,239.97,24.19,30.25,5.17,0.0
20190627:1810,68.44,14.61,29.03,4.69,0.0
20190627:1910,28.34,5.62,27.05,5.03,0.0
20190627:2010,0.0,0.0,25.27,4.9,0.0
20190627:2110,0.0,0.0,23.88,4.62,0.0
20190627:2210,0.0,0.0,22.77,4.41,0.0
20190627:2310,0.0,0.0,21.86,4.14,0.0
20190628:0010,0.0,0.0,21.09,3.86,0.0
20190628:0110,0.0,0.0,20.38,3.66,0.0
20190628:0210,0.0,0.0,19.69,3.52,0.0
20190628:0310,0.0,0.0,19.05,3.45,0.0
20190628:0410,4.29,2.04,18.49,3.38,0.0
20190628:0510,60.97,10.69,18.44,3.38,0.0
20190628:0610,161.68,20.06,19.44,3.31,0.0
20190628:0710,363.69,29.84,21.38,3.59,0.0
20190628:0810,579.1,39.67,23.31,3.38,0.0
20190628:0910,766.18,49.11,25.16,3.17,0.0
20190628:1010,919.2,57.38,26.84,3.38,0.0
20190628:1110,990.89,63.07,28.32,3.79,0.0
20190628:1210,1012.27,64.2,29.53,4.14,0.0
20190628:1310,967.89,60.23,30.46,4.14,0.0
20190628:1410,837.08,52.83,31.04,3.86,0.0
20190628:1510,654.86,43.77,31.3,3.72,0.0
20190628:1610,451.71,34.03,31.09,3.59,0.0
20190628:1710,247.24,24.19,30.55,3.52,0.0
20190628:1810,80.06,14.61,29.39,3.03,0.0
20190628:1910,28.34,5.62,27.39,3.17,0.0
20190628:2010,0.0,0.0,25.51,3.1,0.0
20190628:2110,0.0,0.0,24.12,3.1,0.0
20190628:2210,0.0,0.0,23.03,3.03,0.0
20190628:2310,0.0,0.0,22.1,2.97,0.0
20190629:0010,0.0,0.0,21.39,2.83,0.0
20190629:0110,0.0,0.0,20.7,2.69,0.0
20190629:0210,0.0,0.0,20.01,2.62,0.0
20190629:0310,0.0,0.0,19.4,2.69,0.0
20190629:0410,3.43,1.98,18.97,2.76,0.0
20190629:0510,59.25,10.63,19.19,2.69,0.0
20190629:0610,160.42,20.0,20.85,2.34,0.0
20190629:0710,367.76,29.77,23.26,2.41,0.0
20190629:0810,583.76,39.6,25.38,2.62,0.0
20190629:0910,773.78,49.04,27.32,2.62,0.0
20190629:1010,927.38,57.32,29.16,2.48,0.0
20190629:1110,1001.68,63.01,30.76,2.41,0.0
20190629:1210,1016.24,64.16,32.08,2.41,0.0
20190629:1310,971.85,60.21,33.04,2.55,0.0
20190629:1410,841.99,52.82,33.62,2.69,0.0
20190629:1510,668.99,43.76,33.85,2.83,0.0
20190629:1610,462.62,34.03,33.81,2.9,0.0
20190629:1710,246.16,24.19,33.4,2.76,0.0
20190629:1810,65.42,14.61,32.18,2.28,0.0
20190629:1910,29.2,5.61,30.26,2.48,0.0
20190629:2010,0.0,0.0,28.2,2.76,0.0
20190629:2110,0.0,0.0,26.69,2.69,0.0
20190629:2210,0.0,0.0,25.42,2.76,0.0
20190629:2310,0.0,0.0,24.45,2.69,0.0
20190630:0010,0.0,0.0,23.37,2.41,0.0
20190630:0110,0.0,0.0,22.38,2.69,0.0
20190630:0210,0.0,0.0,21.58,3.86,0.0
20190630:0310,0.0,0.0,20.33,4.28,0.0
20190630:0410,5.15,1.91,19.49,3.79,0.0
20190630:0510,61.83,10.55,19.47,3.59,0.0
20190630:0610,158.9,19.93,20.04,3.93,0.0
20190630:0710,354.26,29.7,20.65,3.38,0.0
20190630:0810,545.0,39.53,21.94,3.45,0.0
20190630:0910,753.34,48.97,23.13,3.59,0.0
20190630:1010,903.71,57.24,24.32,3.52,0.0
20190630:1110,975.1,62.94,25.1,2.07,0.0
20190630:1210,831.88,64.11,25.89,0.83,0.0
20190630:1310,392.62,60.18,26.62,3.31,0.0
20190630:1410,98.14,52.81,26.59,3.79,0.0
20190630:1510,645.15,43.75,26.52,3.45,0.0
20190630:1610,450.89,34.03,26.48,3.17,0.0
20190630:1710,240.8,24.18,26.1,3.1,0.0
20190630:1810,72.31,14.6,25.38,3.03,0.0
20190630:1910,29.2,5.59,23.8,3.03,0.0
20190630:2010,0.0,0.0,22.46,3.24,0.0
20190630:2110,0.0,0.0,21.35,2.76,0.0
20190630:2210,0.0,0.0,20.4,2.9,0.0
20190630:2310,0.0,0.0,19.55,3.31,0.0
20190701:0010,0.0,0.0,18.74,3.52,0.0
20190701:0110,0.0,0.0,17.75,3.17,0.0
20190701:0210,0.0,0.0,17.06,2.48,0.0
20190701:0310,0.0,0.0,16.42,2.21,0.0
20190701:0410,1.72,1.83,15.89,1.79,0.0
20190701:0510,57.54,10.48,15.79,1.45,0.0
20190701:0610,156.2,19.85,16.57,2.07,0.0
20190701:0710,355.53,29.62,17.46,2.14,0.0
20190701:0810,454.92,39.45,19.02,2.34,0.0
20190701:0910,768.36,48.89,20.52,2.48,0.0
20190701:1010,475.44,57.17,21.71,2.76,0.0
20190701:1110,904.15,62.87,22.53,3.1,0.0
20190701:1210,942.33,64.05,23.43,3.31,0.0
20190701:1310,924.34,60.14,24.0,3.38,0.0
20190701:1410,762.69,52.78,24.42,3.38,0.0
20190701:1510,624.97,43.74,24.62,3.52,0.0
20190701:1610,423.3,34.01,24.5,3.72,0.0
20190701:1710,242.91,24.17,23.97,3.93,0.0
20190701:1810,57.78,14.58,23.09,4.14,0.0
20190701:1910,28.34,5.57,21.64,4.07,0.0
20190701:2010,0.0,0.0,20.06,4.07,0.0
20190701:2110,0.0,0.0,18.59,3.52,0.0
20190701:2210,0.0,0.0,17.38,2.97,0.0
20190701:2310,0.0,0.0,16.34,2.83,0.0
20190702:0010,0.0,0.0,15.46,2.9,0.0
20190702:0110,0.0,0.0,14.78,2.62,0.0
20190702:0210,0.0,0.0,14.17,2.34,0.0
20190702:0310,0.0,0.0,13.67,2.34,0.0
20190702:0410,1.72,1.75,13.29,2.34,0.0
20190702:0510,46.37,10.4,13.7,1.93,0.0
20190702:0610,158.25,19.77,15.58,2.07,0.0
20190702:0710,0.0,0.0,17.56,2.69,0.0
20190702:0810,606.15,39.37,19.51,3.31,0.0
20190702:0910,784.58,48.81,20.95,3.66,0.0
20190702:1010,935.77,57.09,22.02,3.45,0.0
20190702:1110,1010.44,62.79,22.93,3.38,0.0
20190702:1210,1043.57,63.98,23.66,3.45,0.0
20190702:1310,998.75,60.1,24.2,3.79,0.0
20190702:1410,871.08,52.75,24.55,4.0,0.0
20190702:1510,692.67,43.72,24.66,4.14,0.0
20190702:1610,478.86,34.0,24.49,4.28,0.0
20190702:1710,252.11,24.15,24.0,4.34,0.0
20190702:1810,56.36,14.56,23.32,4.34,0.0
20190702:1910,27.48,5.54,22.26,3.86,0.0
20190702:2010,0.0,0.0,20.87,3.45,0.0
20190702:2110,0.0,0.0,19.69,3.52,0.0
20190702:2210,0.0,0.0,18.75,3.72,0.0
20190702:2310,0.0,0.0,17.87,3.93,0.0
20190703:0010,0.0,0.0,17.15,4.14,0.0
20190703:0110,0.0,0.0,16.57,4.21,0.0
20190703:0210,0.0,0.0,16.01,4.07,0.0
20190703:0310,0.0,0.0,15.47,3.86,0.0
20190703:0410,0.86,1.66,14.98,3.72,0.0
20190703:0510,48.95,10.31,15.01,3.86,0.0
20190703:0610,156.72,19.68,15.9,4.34,0.0
20190703:0710,0.0,0.0,17.3,4.41,0.0
20190703:0810,585.16,39.29,19.1,4.55,0.0
20190703:0910,784.13,48.72,20.86,4.9,0.0
20190703:1010,932.14,57.0,22.4,5.03,0.0
20190703:1110,1011.44,62.7,23.56,5.03,0.0
20190703:1210,1028.49,63.91,24.3,4.69,0.0
20190703:1310,984.07,60.04,24.92,4.76,0.0
20190703:1410,862.41,52.72,25.27,4.83,0.0
20190703:1510,686.76,43.69,25.37,4.62,0.0
20190703:1610,472.51,33.97,25.16,4.55,0.0
20190703:1710,250.5,24.13,24.6,4.76,0.0
20190703:1810,55.07,14.53,23.69,4.9,0.0
20190703:1910,26.62,5.51,22.59,4.76,0.0
20190703:2010,0.0,0.0,21.04,4.69,0.0
20190703:2110,0.0,0.0,19.86,4.69,0.0
20190703:2210,0.0,0.0,18.9,4.69,0.0
20190703:2310,0.0,0.0,18.05,4.62,0.0
20190704:0010,0.0,0.0,17.31,4.41,0.0
20190704:0110,0.0,0.0,16.55,4.28,0.0
20190704:0210,0.0,0.0,15.88,4.14,0.0
20190704:0310,0.0,0.0,15.23,4.07,0.0
20190704:0410,0.86,1.57,14.63,3.86,0.0
20190704:0510,46.37,10.22,14.55,3.66,0.0
20190704:0610,155.8,19.6,15.43,3.86,0.0
20190704:0710,378.81,29.37,17.17,3.86,0.0
20190704:0810,598.81,39.2,19.04,3.79,0.0
20190704:0910,788.97,48.63,20.95,3.86,0.0
20190704:1010,937.42,56.91,22.68,3.93,0.0
20190704:1110,1029.51,62.61,24.03,3.79,0.0
20190704:1210,1035.24,63.83,25.05,3.38,0.0
20190704:1310,996.31,59.99,25.87,2.97,0.0
20190704:1410,863.42,52.68,26.47,2.76,0.0
20190704:1510,687.68,43.66,26.77,2.76,0.0
20190704:1610,477.95,33.94,26.79,2.9,0.0
20190704:1710,253.1,24.1,26.41,3.1,0.0
20190704:1810,54.49,14.5,25.68,3.1,0.0
20190704:1910,24.9,5.47,24.51,2.62,0.0
20190704:2010,0.0,0.0,22.55,2.97,0.0
20190704:2110,0.0,0.0,21.11,3.03,0.0
20190704:2210,0.0,0.0,19.92,2.9,0.0
20190704:2310,0.0,0.0,18.88,2.76,0.0
20190705:0010,0.0,0.0,17.92,2.62,0.0
20190705:0110,0.0,0.0,17.03,2.48,0.0
20190705:0210,0.0,0.0,16.15,2.21,0.0
20190705:0310,0.0,0.0,15.3,2.07,0.0
20190705:0410,0.86,1.47,14.63,2.07,0.0
20190705:0510,44.65,10.13,14.71,1.93,0.0
20190705:0610,155.42,19.5,17.03,1.86,0.0
20190705:0710,377.54,29.28,19.33,1.52,0.0
20190705:0810,598.49,39.11,21.75,1.86,0.0
20190705:0910,787.65,48.54,23.63,2.07,0.0
20190705:1010,941.68,56.81,25.16,2.07,0.0
20190705:1110,1029.41,62.52,26.41,2.07,0.0
20190705:1210,1035.17,63.75,27.52,1.72,0.0
20190705:1310,1001.91,59.92,28.45,1.59,0.0
20190705:1410,868.78,52.63,29.11,1.86,0.0
20190705:1510,691.57,43.62,29.36,2.07,0.0
20190705:1610,475.67,33.91,29.29,2.14,0.0
20190705:1710,253.16,24.06,28.94,2.41,0.0
20190705:1810,61.43,14.46,28.18,2.34,0.0
20190705:1910,28.34,5.42,26.97,2.07,0.0
20190705:2010,0.0,0.0,24.88,2.34,0.0
20190705:2110,0.0,0.0,23.01,2.21,0.0
20190705:2210,0.0,0.0,21.15,1.72,0.0
20190705:2310,0.0,0.0,20.07,2.0,0.0
20190706:0010,0.0,0.0,19.31,2.21,0.0
20190706:0110,0.0,0.0,19.01,1.79,0.0
20190706:0210,0.0,0.0,18.54,1.59,0.0
20190706:0310,0.0,0.0,17.98,1.72,0.0
20190706:0410,0.86,1.37,17.2,1.93,0.0
20190706:0510,51.52,10.03,17.04,1.45,0.0
20190706:0610,151.29,19.41,19.46,1.1,0.0
20190706:0710,361.35,29.18,21.65,0.69,0.0
20190706:0810,576.86,39.01,23.83,1.03,0.0
20190706:0910,764.48,48.44,25.93,1.24,0.0
20190706:1010,915.13,56.71,27.62,1.31,0.0
20190706:1110,1005.74,62.41,28.83,1.03,0.0
20190706:1210,1017.17,63.66,29.69,0.97,0.0
20190706:1310,962.79,59.85,30.32,1.38,0.0
20190706:1410,825.47,52.58,30.73,2.21,0.0
20190706:1510,661.0,43.58,30.64,2.9,0.0
20190706:1610,455.39,33.87,29.19,4.0,0.0
20190706:1710,244.06,24.02,28.37,3.45,0.0
20190706:1810,58.06,14.42,27.96,3.52,0.0
20190706:1910,26.62,5.37,26.65,3.93,0.0
20190706:2010,0.0,0.0,24.84,3.66,0.0
20190706:2110,0.0,0.0,23.28,3.03,0.0
20190706:2210,0.0,0.0,21.88,2.48,0.0
20190706:2310,0.0,0.0,20.49,2.41,0.0
20190707:0010,0.0,0.0,19.36,2.34,0.0
20190707:0110,0.0,0.0,18.28,2.28,0.0
20190707:0210,0.0,0.0,17.36,2.14,0.0
20190707:0310,0.0,0.0,16.57,2.0,0.0
20190707:0410,0.0,0.0,15.96,1.93,0.0
20190707:0510,54.96,9.93,16.06,1.66,0.0
20190707:0610,151.64,19.31,17.55,1.86,0.0
20190707:0710,332.16,29.08,19.04,0.97,0.0
20190707:0810,571.16,38.91,21.0,0.76,0.0
20190707:0910,683.75,48.34,22.59,0.83,0.0
20190707:1010,764.68,56.6,24.01,1.17,0.0
20190707:1110,826.83,62.3,25.12,1.38,0.0
20190707:1210,760.89,63.56,25.93,1.66,0.0
20190707:1310,662.41,59.78,26.63,1.93,0.0
20190707:1410,561.89,52.52,27.07,2.34,0.0
20190707:1510,472.71,43.53,27.14,2.62,0.0
20190707:1610,438.15,33.82,26.59,3.1,0.0
20190707:1710,167.03,23.98,25.44,3.93,0.0
20190707:1810,81.82,14.37,23.48,4.69,0.0
20190707:1910,25.76,5.32,20.74,4.48,0.0
20190707:2010,0.0,0.0,19.86,4.07,0.0
20190707:2110,0.0,0.0,19.27,3.59,0.0
20190707:2210,0.0,0.0,18.85,3.1,0.0
20190707:2310,0.0,0.0,18.41,2.97,0.0
20190708:0010,0.0,0.0,18.01,3.17,0.0
20190708:0110,0.0,0.0,17.47,3.31,0.0
20190708:0210,0.0,0.0,16.87,3.17,0.0
20190708:0310,0.0,0.0,16.22,2.97,0.0
20190708:0410,0.0,0.0,15.73,2.97,0.0
20190708:0510,39.5,9.82,15.39,3.24,0.0
20190708:0610,97.94,19.2,15.74,3.59,0.0
20190708:0710,363.6,28.98,15.95,3.79,0.0
20190708:0810,583.64,38.81,17.59,4.21,0.0
20190708:0910,739.69,48.23,18.96,4.76,0.0
20190708:1010,901.51,56.49,20.27,4.62,0.0
20190708:1110,980.03,62.19,21.29,4.41,0.0
20190708:1210,984.95,63.45,22.18,4.21,0.0
20190708:1310,933.58,59.69,22.8,4.14,0.0
20190708:1410,833.36,52.46,23.21,4.14,0.0
20190708:1510,668.13,43.47,23.34,4.41,0.0
20190708:1610,460.36,33.77,22.97,4.76,0.0
20190708:1710,241.5,23.93,22.27,4.97,0.0
20190708:1810,64.48,14.31,21.31,4.9,0.0
20190708:1910,27.48,5.25,20.36,4.41,0.0
20190708:2010,0.0,0.0,18.94,4.28,0.0
20190708:2110,0.0,0.0,17.86,4.07,0.0
20190708:2210,0.0,0.0,17.01,4.0,0.0
20190708:2310,0.0,0.0,16.19,4.14,0.0
20190709:0010,0.0,0.0,15.35,3.93,0.0
20190709:0110,0.0,0.0,14.48,3.24,0.0
20190709:0210,0.0,0.0,13.66,2.69,0.0
20190709:0310,0.0,0.0,12.92,2.48,0.0
20190709:0410,0.0,0.0,12.29,2.62,0.0
20190709:0510,51.52,9.71,12.31,2.62,0.0
20190709:0610,149.87,19.1,13.5,3.45,0.0
20190709:0710,364.17,28.87,15.2,3.24,0.0
20190709:0810,592.61,38.7,17.0,3.72,0.0
20190709:0910,775.76,48.12,18.48,4.0,0.0
20190709:1010,928.54,56.37,19.9,4.21,0.0
20190709:1110,1016.25,62.07,21.18,4.14,0.0
20190709:1210,1023.12,63.34,22.28,4.0,0.0
20190709:1310,985.85,59.6,23.11,3.93,0.0
20190709:1410,854.33,52.38,23.69,4.07,0.0
20190709:1510,684.21,43.41,23.91,4.28,0.0
20190709:1610,473.42,33.72,23.78,4.48,0.0
20190709:1710,251.45,23.87,23.32,4.62,0.0
20190709:1810,53.37,14.25,22.62,4.62,0.0
20190709:1910,24.9,5.19,21.83,3.38,0.0
20190709:2010,0.0,0.0,20.5,2.48,0.0
20190709:2110,0.0,0.0,19.34,2.41,0.0
20190709:2210,0.0,0.0,18.44,2.55,0.0
20190709:2310,0.0,0.0,17.67,2.62,0.0
20190710:0010,0.0,0.0,16.94,2.48,0.0
20190710:0110,0.0,0.0,16.25,2.34,0.0
20190710:0210,0.0,0.0,15.55,2.14,0.0
20190710:0310,0.0,0.0,14.87,2.07,0.0
20190710:0410,0.0,0.0,14.23,2.0,0.0
20190710:0510,46.37,9.59,14.16,1.66,0.0
20190710:0610,147.24,18.98,16.4,1.38,0.0
20190710:0710,355.11,28.76,18.31,0.9,0.0
20190710:0810,555.89,38.59,20.36,0.97,0.0
20190710:0910,745.13,48.0,21.77,1.59,0.0
20190710:1010,908.69,56.25,22.88,1.72,0.0
20190710:1110,994.82,61.94,23.88,1.59,0.0
20190710:1210,1012.16,63.22,24.76,1.38,0.0
20190710:1310,959.04,59.51,25.44,1.24,0.0
20190710:1410,840.52,52.31,25.88,1.24,0.0
20190710:1510,644.36,43.35,26.25,1.17,0.0
20190710:1610,361.71,33.66,26.32,1.03,0.0
20190710:1710,203.06,23.81,26.06,0.83,0.0
20190710:1810,47.69,14.18,25.74,0.62,0.0
20190710:1910,24.9,5.11,24.99,1.03,0.0
20190710:2010,0.0,0.0,23.69,1.59,0.0
20190710:2110,0.0,0.0,22.29,1.93,0.0
20190710:2210,0.0,0.0,21.32,2.0,0.0
20190710:2310,0.0,0.0,20.43,1.72,0.0
20190711:0010,0.0,0.0,19.6,1.45,0.0
20190711:0110,0.0,0.0,19.13,1.31,0.0
20190711:0210,0.0,0.0,18.95,1.1,0.0
20190711:0310,0.0,0.0,18.8,0.97,0.0
20190711:0410,0.0,0.0,18.2,1.03,0.0
20190711:0510,8.59,9.48,18.15,0.97,0.0
20190711:0610,34.85,18.87,19.23,0.55,0.0
20190711:0710,106.39,28.65,20.02,0.41,0.0
20190711:0810,174.34,38.47,20.37,0.28,0.0
20190711:0910,305.86,47.89,22.5,0.97,0.0
20190711:1010,656.9,56.12,24.35,0.69,0.0
20190711:1110,943.31,61.81,25.76,0.9,0.0
20190711:1210,687.56,63.1,26.94,1.52,0.0
20190711:1310,329.15,59.4,27.64,1.72,0.0
20190711:1410,72.46,52.22,27.55,2.41,0.0
20190711:1510,88.97,43.28,25.65,2.97,0.0
20190711:1610,285.8,33.59,24.46,1.79,0.0
20190711:1710,229.81,23.74,24.6,1.52,0.0
20190711:1810,79.12,14.11,24.56,0.97,0.0
20190711:1910,17.17,5.03,25.34,2.14,0.0
20190711:2010,0.0,0.0,23.66,2.34,0.0
20190711:2110,0.0,0.0,22.25,2.69,0.0
20190711:2210,0.0,0.0,20.98,3.03,0.0
20190711:2310,0.0,0.0,19.97,3.03,0.0
20190712:0010,0.0,0.0,18.88,2.83,0.0
20190712:0110,0.0,0.0,17.97,2.76,0.0
20190712:0210,0.0,0.0,17.31,2.76,0.0
20190712:0310,0.0,0.0,16.59,2.48,0.0
20190712:0410,0.0,0.0,15.93,2.34,0.0
20190712:0510,47.23,9.35,15.86,2.14,0.0
20190712:0610,148.26,18.75,17.13,2.62,0.0
20190712:0710,298.19,28.53,17.83,2.83,0.0
20190712:0810,441.77,38.36,19.24,2.97,0.0
20190712:0910,749.59,47.76,20.97,3.03,0.0
20190712:1010,807.83,55.99,23.23,3.66,0.0
20190712:1110,671.62,61.67,23.94,4.28,0.0
20190712:1210,456.4,62.97,24.6,4.83,0.0
20190712:1310,437.24,59.29,25.1,5.24,0.0
20190712:1410,624.39,52.13,24.89,5.38,0.0
20190712:1510,436.1,43.2,24.9,5.38,0.0
20190712:1610,404.57,33.51,24.67,5.38,0.0
20190712:1710,234.62,23.66,24.41,5.17,0.0
20190712:1810,60.53,14.03,23.82,4.83,0.0
20190712:1910,24.9,4.95,22.64,4.28,0.0
20190712:2010,0.0,0.0,21.29,3.59,0.0
20190712:2110,0.0,0.0,20.13,3.03,0.0
20190712:2210,0.0,0.0,18.95,2.48,0.0
20190712:2310,0.0,0.0,17.95,2.28,0.0
20190713:0010,0.0,0.0,17.1,2.28,0.0
20190713:0110,0.0,0.0,16.41,2.28,0.0
20190713:0210,0.0,0.0,15.77,2.21,0.0
20190713:0310,0.0,0.0,15.17,2.14,0.0
20190713:0410,0.0,0.0,14.68,2.21,0.0
20190713:0510,44.65,9.23,14.78,1.86,0.0
20190713:0610,146.26,18.63,16.82,2.14,0.0
20190713:0710,352.21,28.41,18.8,2.14,0.0
20190713:0810,524.64,38.24,20.54,3.38,0.0
20190713:0910,695.64,47.64,21.6,3.66,0.0
20190713:1010,694.34,55.85,22.68,3.86,0.0
20190713:1110,666.76,61.53,23.54,4.07,0.0
20190713:1210,690.34,62.83,24.34,3.93,0.0
20190713:1310,862.25,59.18,24.5,3.79,0.0
20190713:1410,663.52,52.04,24.57,3.66,0.0
20190713:1510,525.14,43.11,24.43,3.66,0.0
20190713:1610,369.64,33.44,24.21,3.72,0.0
20190713:1710,212.97,23.58,23.72,3.79,0.0
20190713:1810,87.11,13.95,23.21,3.79,0.0
20190713:1910,24.9,4.86,22.25,3.38,0.0
20190713:2010,0.0,0.0,21.09,3.31,0.0
20190713:2110,0.0,0.0,19.82,3.24,0.0
20190713:2210,0.0,0.0,18.86,3.24,0.0
20190713:2310,0.0,0.0,17.97,3.17,0.0
20190714:0010,0.0,0.0,16.93,3.1,0.0
20190714:0110,0.0,0.0,16.07,3.1,0.0
20190714:0210,0.0,0.0,15.26,2.97,0.0
20190714:0310,0.0,0.0,14.73,2.97,0.0
20190714:0410,0.0,0.0,14.09,2.83,0.0
20190714:0510,50.67,9.1,14.22,3.17,0.0
20190714:0610,146.82,18.5,14.84,3.72,0.0
20190714:0710,282.47,28.29,15.74,3.79,0.0
20190714:0810,307.8,38.11,17.09,4.69,0.0
20190714:0910,266.58,47.51,18.49,4.97,0.0
20190714:1010,353.13,55.71,19.71,5.24,0.0
20190714:1110,450.52,61.38,20.96,5.38,0.0
20190714:1210,323.56,62.69,21.6,5.38,0.0
20190714:1310,214.62,59.05,22.47,5.17,0.0
20190714:1410,346.04,51.94,22.84,5.38,0.0
20190714:1510,508.79,43.02,22.12,5.72,0.0
20190714:1610,396.38,33.35,21.94,5.86,0.0
20190714:1710,234.74,23.5,21.53,5.66,0.0
20190714:1810,57.09,13.86,20.94,5.31,0.0
20190714:1910,21.47,4.76,19.89,4.76,0.0
20190714:2010,0.0,0.0,19.13,4.14,0.0
20190714:2110,0.0,0.0,18.43,4.0,0.0
20190714:2210,0.0,0.0,17.47,3.86,0.0
20190714:2310,0.0,0.0,16.76,3.72,0.0
20190715:0010,0.0,0.0,15.79,3.45,0.0
20190715:0110,0.0,0.0,15.03,3.17,0.0
20190715:0210,0.0,0.0,14.37,3.03,0.0
20190715:0310,0.0,0.0,13.71,2.97,0.0
20190715:0410,0.0,0.0,13.16,3.1,0.0
20190715:0510,49.81,8.97,13.14,3.03,0.0
20190715:0610,144.59,18.38,14.07,3.59,0.0
20190715:0710,353.24,28.16,15.35,3.38,0.0
20190715:0810,575.57,37.98,17.48,3.72,0.0
20190715:0910,705.91,47.37,18.77,3.79,0.0
20190715:1010,718.08,55.57,19.74,3.86,0.0
20190715:1110,861.16,61.22,20.83,3.79,0.0
20190715:1210,1022.3,62.54,22.64,3.66,0.0
20190715:1310,979.71,58.92,23.42,3.45,0.0
20190715:1410,854.84,51.83,24.07,3.31,0.0
20190715:1510,681.62,42.93,24.35,3.38,0.0
20190715:1610,471.03,33.26,24.18,3.45,0.0
20190715:1710,249.34,23.41,23.74,3.45,0.0
20190715:1810,57.03,13.76,23.05,3.38,0.0
20190715:1910,24.04,4.65,21.33,3.31,0.0
20190715:2010,0.0,0.0,19.75,3.24,0.0
20190715:2110,0.0,0.0,18.35,3.31,0.0
20190715:2210,0.0,0.0,17.17,3.24,0.0
20190715:2310,0.0,0.0,16.18,2.97,0.0
20190716:0010,0.0,0.0,15.38,2.62,0.0
20190716:0110,0.0,0.0,14.6,2.34,0.0
20190716:0210,0.0,0.0,13.96,2.14,0.0
20190716:0310,0.0,0.0,13.36,2.07,0.0
20190716:0410,0.0,0.0,12.76,2.0,0.0
20190716:0510,47.23,8.83,12.7,1.79,0.0
20190716:0610,144.34,18.24,14.59,2.0,0.0
20190716:0710,347.42,28.03,16.03,1.79,0.0
20190716:0810,553.72,37.85,17.78,1.72,0.0
20190716:0910,687.96,47.23,19.15,1.66,0.0
20190716:1010,857.85,55.42,20.46,1.52,0.0
20190716:1110,919.81,61.06,21.71,1.45,0.0
20190716:1210,897.26,62.38,22.83,1.52,0.0
20190716:1310,808.23,58.79,23.72,1.52,0.0
20190716:1410,674.44,51.71,24.39,1.52,0.0
20190716:1510,587.01,42.83,24.86,1.59,0.0
20190716:1610,452.46,33.16,24.94,1.72,0.0
20190716:1710,250.57,23.31,24.8,1.93,0.0
20190716:1810,59.47,13.66,24.29,2.0,0.0
20190716:1910,23.19,4.54,23.45,1.72,0.0
20190716:2010,0.0,0.0,21.83,2.14,0.0
20190716:2110,0.0,0.0,20.18,2.34,0.0
20190716:2210,0.0,0.0,18.87,2.41,0.0
20190716:2310,0.0,0.0,17.77,2.34,0.0
20190717:0010,0.0,0.0,16.8,2.21,0.0
20190717:0110,0.0,0.0,15.95,2.07,0.0
20190717:0210,0.0,0.0,15.04,1.86,0.0
20190717:0310,0.0,0.0,14.18,1.72,0.0
20190717:0410,0.0,0.0,13.53,1.59,0.0
20190717:0510,46.37,8.69,14.14,1.17,0.0
20190717:0610,142.4,18.11,16.47,0.76,0.0
20190717:0710,349.3,27.9,18.87,0.69,0.0
20190717:0810,559.25,37.72,21.19,1.03,0.0
20190717:0910,757.82,47.09,23.11,1.31,0.0
20190717:1010,910.47,55.27,24.56,1.17,0.0
20190717:1110,968.34,60.9,25.74,1.03,0.0
20190717:1210,905.01,62.22,26.95,1.31,0.0
20190717:1310,853.66,58.65,27.32,1.52,0.0
20190717:1410,552.93,51.59,27.53,1.1,0.0
20190717:1510,345.4,42.72,27.32,0.62,0.0
20190717:1610,359.86,33.06,27.3,0.41,0.0
20190717:1710,97.22,23.21,27.27,0.69,0.0
20190717:1810,83.96,13.55,26.71,0.76,0.0
20190717:1910,22.33,4.43,25.2,3.17,0.0
20190717:2010,0.0,0.0,23.48,3.66,0.0
20190717:2110,0.0,0.0,22.0,3.1,0.0
20190717:2210,0.0,0.0,20.84,2.55,0.0
20190717:2310,0.0,0.0,19.89,2.07,0.0
20190718:0010,0.0,0.0,19.0,1.93,0.0
20190718:0110,0.0,0.0,18.18,2.28,0.0
20190718:0210,0.0,0.0,17.39,2.41,0.0
20190718:0310,0.0,0.0,16.69,2.62,0.0
20190718:0410,0.0,0.0,16.07,2.62,0.0
20190718:0510,32.63,8.55,16.04,2.21,0.0
20190718:0610,140.93,17.97,16.66,2.14,0.0
20190718:0710,264.08,27.77,18.33,2.69,0.0
20190718:0810,393.01,37.58,19.6,2.34,0.0
20190718:0910,275.62,46.95,21.33,2.21,0.0
20190718:1010,683.05,55.11,23.04,2.97,0.0
20190718:1110,758.74,60.73,24.13,3.79,0.0
20190718:1210,857.97,62.05,25.16,4.76,0.0
20190718:1310,845.48,58.5,25.71,5.17,0.0
20190718:1410,748.68,51.46,26.28,5.24,0.0
20190718:1510,264.72,42.6,25.58,5.1,0.0
20190718:1610,182.64,32.95,23.99,4.9,0.0
20190718:1710,143.98,23.1,22.71,3.93,0.0
20190718:1810,28.43,13.44,21.99,2.97,0.0
20190718:1910,8.59,4.31,21.85,2.76,0.0
20190718:2010,0.0,0.0,20.32,2.34,0.0
20190718:2110,0.0,0.0,19.55,1.72,0.0
20190718:2210,0.0,0.0,19.23,1.38,0.0
20190718:2310,0.0,0.0,19.04,1.17,0.0
20190719:0010,0.0,0.0,18.9,1.31,0.0
20190719:0110,0.0,0.0,18.79,1.45,0.0
20190719:0210,0.0,0.0,18.63,1.59,0.0
20190719:0310,0.0,0.0,18.28,1.59,0.0
20190719:0410,0.0,0.0,17.92,1.38,0.0
20190719:0510,46.37,8.4,17.64,1.1,0.0
20190719:0610,136.4,17.83,17.74,0.62,0.0
20190719:0710,260.79,27.63,18.64,0.34,0.0
20190719:0810,318.46,37.44,19.35,0.62,0.0
20190719:0910,527.73,46.8,20.3,1.31,0.0
20190719:1010,370.08,54.95,22.12,2.07,0.0
20190719:1110,638.86,60.55,23.63,2.9,0.0
20190719:1210,740.38,61.87,24.38,3.03,0.0
20190719:1310,920.14,58.34,25.16,2.97,0.0
20190719:1410,796.97,51.33,25.4,2.76,0.0
20190719:1510,610.68,42.48,25.61,1.79,0.0
20190719:1610,369.52,32.84,25.65,1.24,0.0
20190719:1710,234.27,22.99,25.71,0.83,0.0
20190719:1810,57.41,13.32,25.59,0.62,0.0
20190719:1910,20.61,4.18,25.32,1.72,0.0
20190719:2010,0.0,0.0,23.61,2.0,0.0
20190719:2110,0.0,0.0,22.0,2.14,0.0
20190719:2210,0.0,0.0,20.78,2.07,0.0
20190719:2310,0.0,0.0,19.74,2.14,0.0
20190720:0010,0.0,0.0,18.97,2.21,0.0
20190720:0110,0.0,0.0,18.46,2.34,0.0
20190720:0210,0.0,0.0,18.36,2.41,0.0
20190720:0310,0.0,0.0,18.28,2.62,0.0
20190720:0410,0.0,0.0,18.5,2.69,0.0
20190720:0510,33.49,8.25,19.1,2.41,0.0
20190720:0610,136.84,17.69,19.97,2.48,0.0
20190720:0710,335.44,27.49,21.19,3.72,0.0
20190720:0810,468.41,37.3,21.96,3.59,0.0
20190720:0910,734.59,46.65,23.9,4.21,0.0
20190720:1010,532.65,54.78,25.91,5.17,0.0
20190720:1110,476.13,60.37,26.88,5.72,0.0
20190720:1210,606.82,61.69,27.59,6.28,0.0
20190720:1310,383.67,58.18,27.61,6.0,0.0
20190720:1410,333.06,51.19,24.71,5.52,0.0
20190720:1510,117.4,42.36,23.95,4.28,0.0
20190720:1610,99.97,32.72,24.37,4.07,0.0
20190720:1710,232.61,22.87,24.81,4.28,0.0
20190720:1810,80.33,13.2,24.72,3.93,0.0
20190720:1910,19.75,4.05,22.58,3.03,0.0
20190720:2010,0.0,0.0,21.54,2.69,0.0
20190720:2110,0.0,0.0,20.99,2.07,0.0
20190720:2210,0.0,0.0,20.44,1.93,0.0
20190720:2310,0.0,0.0,19.78,2.14,0.0
20190721:0010,0.0,0.0,19.28,2.28,0.0
20190721:0110,0.0,0.0,18.53,2.14,0.0
20190721:0210,0.0,0.0,17.73,1.86,0.0
20190721:0310,0.0,0.0,17.06,1.72,0.0
20190721:0410,0.0,0.0,16.53,1.79,0.0
20190721:0510,41.22,8.1,16.08,1.72,0.0
20190721:0610,136.41,17.54,17.17,2.07,0.0
20190721:0710,343.0,27.34,18.12,1.93,0.0
20190721:0810,547.06,37.15,19.62,1.79,0.0
20190721:0910,704.56,46.49,21.17,1.79,0.0
20190721:1010,900.09,54.61,22.64,1.79,0.0
20190721:1110,935.1,60.19,24.17,1.79,0.0
20190721:1210,945.76,61.5,25.5,2.34,0.0
20190721:1310,914.34,58.01,26.33,2.62,0.0
20190721:1410,767.73,51.04,26.93,2.76,0.0
20190721:1510,461.63,42.23,26.99,2.69,0.0
20190721:1610,425.4,32.6,27.07,2.48,0.0
20190721:1710,237.69,22.74,26.94,2.48,0.0
20190721:1810,81.57,13.07,26.42,2.28,0.0
20190721:1910,17.17,3.91,25.38,1.31,0.0
20190721:2010,0.0,0.0,23.7,1.66,0.0
20190721:2110,0.0,0.0,21.86,2.07,0.0
20190721:2210,0.0,0.0,20.5,2.48,0.0
20190721:2310,0.0,0.0,19.43,2.34,0.0
20190722:0010,0.0,0.0,18.65,2.14,0.0
20190722:0110,0.0,0.0,17.99,1.93,0.0
20190722:0210,0.0,0.0,17.23,1.72,0.0
20190722:0310,0.0,0.0,16.46,1.45,0.0
20190722:0410,0.0,0.0,16.54,1.1,0.0
20190722:0510,43.8,7.94,16.97,0.9,0.0
20190722:0610,136.19,17.39,18.06,0.55,0.0
20190722:0710,332.56,27.2,21.25,0.69,0.0
20190722:0810,538.72,37.0,23.83,0.55,0.0
20190722:0910,749.31,46.34,25.86,0.48,0.0
20190722:1010,891.31,54.44,27.06,0.41,0.0
20190722:1110,991.19,59.99,27.99,0.41,0.0
20190722:1210,991.08,61.31,28.86,0.55,0.0
20190722:1310,934.42,57.84,29.6,0.83,0.0
20190722:1410,804.43,50.89,30.19,1.17,0.0
20190722:1510,634.17,42.09,30.53,1.38,0.0
20190722:1610,433.64,32.46,30.61,1.45,0.0
20190722:1710,215.79,22.61,30.46,1.52,0.0
20190722:1810,75.52,12.93,30.05,1.38,0.0
20190722:1910,18.03,3.76,29.1,1.52,0.0
20190722:2010,0.0,0.0,26.89,2.28,0.0
20190722:2110,0.0,0.0,24.99,2.41,0.0
20190722:2210,0.0,0.0,23.63,2.48,0.0
20190722:2310,0.0,0.0,22.54,2.48,0.0
20190723:0010,0.0,0.0,21.66,2.41,0.0
20190723:0110,0.0,0.0,20.93,2.41,0.0
20190723:0210,0.0,0.0,20.31,2.48,0.0
20190723:0310,0.0,0.0,19.84,2.55,0.0
20190723:0410,0.0,0.0,19.47,2.55,0.0
20190723:0510,39.5,7.79,19.46,2.48,0.0
20190723:0610,135.23,17.24,21.28,2.21,0.0
20190723:0710,347.66,27.05,23.99,2.48,0.0
20190723:0810,572.4,36.85,26.7,2.76,0.0
20190723:0910,763.48,46.18,29.21,2.97,0.0
20190723:1010,913.74,54.26,31.44,3.17,0.0
20190723:1110,1009.13,59.8,33.19,3.66,0.0
20190723:1210,1010.85,61.11,34.31,3.86,0.0
20190723:1310,971.03,57.66,35.1,3.66,0.0
20190723:1410,846.01,50.73,35.6,3.31,0.0
20190723:1510,669.62,41.95,35.87,2.97,0.0
20190723:1610,452.42,32.33,35.86,2.76,0.0
20190723:1710,236.24,22.47,35.57,2.76,0.0
20190723:1810,66.31,12.79,34.6,2.28,0.0
20190723:1910,17.17,3.61,32.71,2.69,0.0
20190723:2010,0.0,0.0,30.38,3.1,0.0
20190723:2110,0.0,0.0,29.02,3.17,0.0
20190723:2210,0.0,0.0,27.97,3.24,0.0
20190723:2310,0.0,0.0,27.14,3.17,0.0
20190724:0010,0.0,0.0,26.37,3.24,0.0
20190724:0110,0.0,0.0,25.68,3.24,0.0
20190724:0210,0.0,0.0,25.11,3.17,0.0
20190724:0310,0.0,0.0,24.38,2.9,0.0
20190724:0410,0.0,0.0,23.41,2.48,0.0
20190724:0510,42.94,7.62,22.73,2.14,0.0
20190724:0610,134.12,17.09,24.04,1.66,0.0
20190724:0710,326.99,26.89,26.91,2.28,0.0
20190724:0810,538.67,36.69,28.7,2.28,0.0
20190724:0910,729.8,46.01,30.6,2.0,0.0
20190724:1010,874.46,54.08,32.36,2.0,0.0
20190724:1110,971.96,59.6,33.81,1.72,0.0
20190724:1210,990.77,60.91,34.96,1.38,0.0
20190724:1310,928.73,57.47,35.97,1.38,0.0
20190724:1410,819.4,50.57,36.53,1.38,0.0
20190724:1510,643.67,41.8,36.74,1.1,0.0
20190724:1610,434.7,32.18,36.73,0.76,0.0
20190724:1710,230.19,22.33,36.44,0.62,0.0
20190724:1810,68.07,12.64,36.09,0.97,0.0
20190724:1910,13.74,3.46,34.67,2.21,0.0
20190724:2010,0.0,0.0,32.31,2.97,0.0
20190724:2110,0.0,0.0,30.92,3.38,0.0
20190724:2210,0.0,0.0,29.88,3.45,0.0
20190724:2310,0.0,0.0,29.0,3.38,0.0
20190725:0010,0.0,0.0,28.13,3.03,0.0
20190725:0110,0.0,0.0,27.19,2.76,0.0
20190725:0210,0.0,0.0,26.3,2.55,0.0
20190725:0310,0.0,0.0,25.44,2.41,0.0
20190725:0410,0.0,0.0,24.58,2.28,0.0
20190725:0510,41.22,7.46,23.99,2.0,0.0
20190725:0610,132.82,16.93,25.61,1.59,0.0
20190725:0710,329.63,26.74,29.32,2.28,0.0
20190725:0810,542.28,36.54,31.51,2.76,0.0
20190725:0910,731.8,45.84,34.06,3.17,0.0
20190725:1010,881.75,53.9,36.25,3.59,0.0
20190725:1110,980.66,59.39,37.79,3.93,0.0
20190725:1210,987.87,60.7,39.03,4.34,0.0
20190725:1310,942.59,57.28,39.6,4.41,0.0
20190725:1410,776.67,50.4,39.93,4.41,0.0
20190725:1510,633.26,41.64,39.91,4.41,0.0
20190725:1610,417.05,32.04,39.67,4.34,0.0
20190725:1710,186.14,22.18,39.14,3.93,0.0
20190725:1810,73.16,12.49,38.22,3.17,0.0
20190725:1910,11.16,3.3,36.06,1.59,0.0
20190725:2010,0.0,0.0,32.72,1.45,0.0
20190725:2110,0.0,0.0,30.55,1.52,0.0
20190725:2210,0.0,0.0,29.73,1.1,0.0
20190725:2310,0.0,0.0,29.85,0.62,0.0
20190726:0010,0.0,0.0,28.13,1.1,0.0
20190726:0110,0.0,0.0,25.58,1.72,0.0
20190726:0210,0.0,0.0,24.88,2.34,0.0
20190726:0310,0.0,0.0,24.18,3.24,0.0
20190726:0410,0.0,0.0,22.92,3.86,0.0
20190726:0510,36.93,7.29,21.95,4.14,0.0
20190726:0610,131.26,16.77,21.99,4.55,0.0
20190726:0710,332.36,26.58,22.71,5.31,0.0
20190726:0810,44.94,36.38,23.92,4.97,0.0
20190726:0910,295.81,45.67,24.84,4.83,0.0
20190726:1010,873.62,53.71,25.06,4.28,0.0
20190726:1110,825.14,59.18,25.79,3.38,0.0
20190726:1210,688.47,60.48,27.68,2.69,0.0
20190726:1310,717.39,57.08,29.0,3.03,0.0
20190726:1410,559.57,50.22,29.43,3.45,0.0
20190726:1510,246.11,41.48,29.02,3.59,0.0
20190726:1610,285.25,31.88,28.46,4.07,0.0
20190726:1710,151.49,22.03,27.55,4.28,0.0
20190726:1810,73.9,12.33,26.27,4.55,0.0
20190726:1910,1.72,3.13,24.33,4.21,0.0
20190726:2010,0.0,0.0,23.14,4.21,0.0
20190726:2110,0.0,0.0,22.03,4.28,0.0
20190726:2210,0.0,0.0,20.85,4.41,0.0
20190726:2310,0.0,0.0,19.09,4.69,0.0
20190727:0010,0.0,0.0,18.19,3.86,0.0
20190727:0110,0.0,0.0,17.71,3.03,0.0
20190727:0210,0.0,0.0,17.3,3.1,0.0
20190727:0310,0.0,0.0,16.84,3.24,0.0
20190727:0410,0.0,0.0,16.54,2.97,0.0
20190727:0510,6.01,7.13,16.29,3.1,0.0
20190727:0610,59.62,16.61,16.46,3.24,0.0
20190727:0710,63.29,26.42,16.88,3.1,0.0
20190727:0810,77.96,36.21,17.25,2.97,0.0
20190727:0910,114.65,45.5,17.62,2.83,0.0
20190727:1010,226.54,53.51,18.49,3.17,0.0
20190727:1110,252.56,58.97,19.66,3.86,0.0
20190727:1210,513.8,60.26,20.79,4.0,0.0
20190727:1310,443.75,56.87,21.47,4.28,0.0
20190727:1410,366.8,50.04,21.89,4.48,0.0
20190727:1510,447.25,41.31,22.14,4.9,0.0
20190727:1610,263.09,31.72,21.91,4.9,0.0
20190727:1710,224.26,21.87,21.72,4.97,0.0
20190727:1810,64.03,12.17,21.15,4.48,0.0
20190727:1910,7.73,2.96,19.78,3.72,0.0
20190727:2010,0.0,0.0,19.21,3.52,0.0
20190727:2110,0.0,0.0,18.75,3.52,0.0
20190727:2210,0.0,0.0,18.33,3.45,0.0
20190727:2310,0.0,0.0,17.87,3.59,0.0
20190728:0010,0.0,0.0,17.27,3.72,0.0
20190728:0110,0.0,0.0,16.84,3.66,0.0
20190728:0210,0.0,0.0,16.47,3.52,0.0
20190728:0310,0.0,0.0,16.16,3.24,0.0
20190728:0410,0.0,0.0,15.83,3.17,0.0
20190728:0510,30.91,6.95,15.68,3.17,0.0
20190728:0610,95.74,16.44,16.24,3.38,0.0
20190728:0710,186.78,26.26,17.84,4.97,0.0
20190728:0810,284.36,36.05,18.8,5.31,0.0
20190728:0910,447.07,45.32,19.43,5.24,0.0
20190728:1010,416.96,53.32,20.07,5.17,0.0
20190728:1110,729.35,58.75,21.05,5.17,0.0
20190728:1210,459.13,60.03,21.61,5.24,0.0
20190728:1310,434.07,56.66,22.31,5.1,0.0
20190728:1410,411.52,49.85,22.64,4.83,0.0
20190728:1510,458.21,41.14,22.76,4.55,0.0
20190728:1610,311.93,31.56,22.79,4.21,0.0
20190728:1710,220.29,21.7,22.33,3.52,0.0
20190728:1810,58.36,12.0,21.87,2.76,0.0
20190728:1910,11.16,2.78,21.04,2.0,0.0
20190728:2010,0.0,0.0,19.47,2.14,0.0
20190728:2110,0.0,0.0,18.2,2.07,0.0
20190728:2210,0.0,0.0,16.98,1.86,0.0
20190728:2310,0.0,0.0,15.99,1.45,0.0
20190729:0010,0.0,0.0,16.13,1.1,0.0
20190729:0110,0.0,0.0,15.82,1.1,0.0
20190729:0210,0.0,0.0,14.9,1.31,0.0
20190729:0310,0.0,0.0,14.09,1.52,0.0
20190729:0410,0.0,0.0,13.29,1.72,0.0
20190729:0510,36.07,6.78,13.08,1.72,0.0
20190729:0610,129.76,16.28,15.5,1.31,0.0
20190729:0710,344.42,26.1,18.5,1.79,0.0
20190729:0810,568.8,35.88,20.43,2.14,0.0
20190729:0910,760.47,45.14,22.12,2.48,0.0
20190729:1010,868.9,53.12,23.39,2.62,0.0
20190729:1110,991.83,58.53,24.2,2.55,0.0
20190729:1210,1011.91,59.8,24.81,2.62,0.0
20190729:1310,964.99,56.44,25.4,2.69,0.0
20190729:1410,845.47,49.65,25.83,2.83,0.0
20190729:1510,670.43,40.96,26.02,2.83,0.0
20190729:1610,458.93,31.38,26.0,2.83,0.0
20190729:1710,237.65,21.53,25.76,2.76,0.0
20190729:1810,50.06,11.82,25.18,2.14,0.0
20190729:1910,11.16,2.59,24.05,2.34,0.0
20190729:2010,0.0,0.0,22.29,2.69,0.0
20190729:2110,0.0,0.0,21.06,2.76,0.0
20190729:2210,0.0,0.0,20.16,2.83,0.0
20190729:2310,0.0,0.0,19.4,2.9,0.0
20190730:0010,0.0,0.0,19.17,2.76,0.0
20190730:0110,0.0,0.0,18.51,2.76,0.0
20190730:0210,0.0,0.0,18.26,3.03,0.0
20190730:0310,0.0,0.0,17.92,3.31,0.0
20190730:0410,0.0,0.0,17.44,3.59,0.0
20190730:0510,36.07,6.6,17.11,3.72,0.0
20190730:0610,128.69,16.11,17.79,3.59,0.0
20190730:0710,330.11,25.93,19.08,5.86,0.0
20190730:0810,536.0,35.71,20.15,6.21,0.0
20190730:0910,636.8,44.96,21.39,6.97,0.0
20190730:1010,499.1,52.91,22.5,7.52,0.0
20190730:1110,566.5,58.3,23.39,7.66,0.0
20190730:1210,673.04,59.56,23.61,7.45,0.0
20190730:1310,210.95,56.22,23.78,7.59,0.0
20190730:1410,227.76,49.45,23.41,6.9,0.0
20190730:1510,529.74,40.77,23.75,7.03,0.0
20190730:1610,229.59,31.21,23.47,6.76,0.0
20190730:1710,197.11,21.36,22.97,6.34,0.0
20190730:1810,21.1,11.64,22.12,5.45,0.0
20190730:1910,8.59,2.4,20.62,4.28,0.0
20190730:2010,0.0,0.0,19.96,3.79,0.0
20190730:2110,0.0,0.0,19.3,3.72,0.0
20190730:2210,0.0,0.0,18.61,3.66,0.0
20190730:2310,0.0,0.0,18.19,3.45,0.0
20190731:0010,0.0,0.0,17.74,3.31,0.0
20190731:0110,0.0,0.0,17.33,3.17,0.0
20190731:0210,0.0,0.0,16.75,3.03,0.0
20190731:0310,0.0,0.0,16.24,2.97,0.0
20190731:0410,0.0,0.0,15.77,3.03,0.0
20190731:0510,24.04,6.43,15.42,3.03,0.0
20190731:0610,108.89,15.94,15.94,3.31,0.0
20190731:0710,212.01,25.76,16.85,3.93,0.0
20190731:0810,496.46,35.54,17.46,4.07,0.0
20190731:0910,296.3,44.77,18.63,4.21,0.0
20190731:1010,192.61,52.7,19.93,4.41,0.0
20190731:1110,263.94,58.06,20.46,4.48,0.0
20190731:1210,129.32,59.32,21.12,4.48,0.0
20190731:1310,153.17,55.99,21.61,4.62,0.0
20190731:1410,393.33,49.25,21.67,4.41,0.0
20190731:1510,320.46,40.58,22.05,4.21,0.0
20190731:1610,412.41,31.02,22.38,3.79,0.0
20190731:1710,202.56,21.18,22.46,3.1,0.0
20190731:1810,56.92,11.45,22.13,1.72,0.0
20190731:1910,5.15,2.21,21.71,0.55,0.0
20190731:2010,0.0,0.0,20.28,0.83,0.0
20190731:2110,0.0,0.0,18.4,1.31,0.0
20190731:2210,0.0,0.0,17.38,1.52,0.0
20190731:2310,0.0,0.0,17.46,1.52,0.0
20190801:0010,0.0,0.0,17.18,1.52,0.0
20190801:0110,0.0,0.0,17.16,1.52,0.0
20190801:0210,0.0,0.0,17.08,1.38,0.0
20190801:0310,0.0,0.0,16.49,1.31,0.0
20190801:0410,0.0,0.0,16.16,1.24,0.0
20190801:0510,32.63,6.25,16.2,1.03,0.0
20190801:0610,125.83,15.76,17.38,0.55,0.0
20190801:0710,327.87,25.59,18.38,0.0,0.0
20190801:0810,552.74,35.36,20.37,0.69,0.0
20190801:0910,740.36,44.59,21.95,1.03,0.0
20190801:1010,775.91,52.49,22.93,0.9,0.0
20190801:1110,582.26,57.83,24.04,1.03,0.0
20190801:1210,703.13,59.07,24.69,0.9,0.0
20190801:1310,570.74,55.76,25.34,0.69,0.0
20190801:1410,601.96,49.03,25.48,0.83,0.0
20190801:1510,392.14,40.39,25.45,1.38,0.0
20190801:1610,277.72,30.84,25.3,2.07,0.0
20190801:1710,77.04,20.99,24.78,2.55,0.0
20190801:1810,66.3,11.26,24.08,2.48,0.0
20190801:1910,2.58,2.01,23.17,2.55,0.0
20190801:2010,0.0,0.0,22.15,2.97,0.0
20190801:2110,0.0,0.0,21.15,2.97,0.0
20190801:2210,0.0,0.0,20.39,2.83,0.0
20190801:2310,0.0,0.0,19.57,2.48,0.0
20190802:0010,0.0,0.0,18.9,2.41,0.0
20190802:0110,0.0,0.0,18.4,2.28,0.0
20190802:0210,0.0,0.0,18.01,2.07,0.0
20190802:0310,0.0,0.0,17.45,2.07,0.0
20190802:0410,0.0,0.0,17.17,2.21,0.0
20190802:0510,28.34,6.06,17.0,2.14,0.0
20190802:0610,124.3,15.59,17.2,2.28,0.0
20190802:0710,316.26,25.42,18.62,2.55,0.0
20190802:0810,554.99,35.18,19.81,2.34,0.0
20190802:0910,488.61,44.39,21.04,2.07,0.0
20190802:1010,915.9,52.28,22.56,1.93,0.0
20190802:1110,952.64,57.59,24.05,2.21,0.0
20190802:1210,777.6,58.82,25.24,2.69,0.0
20190802:1310,674.4,55.52,25.96,2.83,0.0
20190802:1410,694.34,48.81,26.36,2.9,0.0
20190802:1510,574.99,40.19,26.69,2.9,0.0
20190802:1610,413.32,30.64,26.52,3.24,0.0
20190802:1710,226.33,20.8,25.62,3.93,0.0
20190802:1810,41.95,11.06,24.39,4.21,0.0
20190802:1910,1.72,1.8,23.53,3.31,0.0
20190802:2010,0.0,0.0,22.1,3.31,0.0
20190802:2110,0.0,0.0,20.99,3.17,0.0
20190802:2210,0.0,0.0,19.97,2.9,0.0
20190802:2310,0.0,0.0,18.9,2.62,0.0
20190803:0010,0.0,0.0,17.91,2.41,0.0
20190803:0110,0.0,0.0,16.98,2.28,0.0
20190803:0210,0.0,0.0,16.13,2.14,0.0
20190803:0310,0.0,0.0,15.3,2.0,0.0
20190803:0410,0.0,0.0,14.52,1.86,0.0
20190803:0510,19.75,5.88,14.04,1.79,0.0
20190803:0610,95.15,15.41,15.51,1.72,0.0
20190803:0710,267.49,25.25,17.82,2.41,0.0
20190803:0810,399.5,35.0,19.18,2.07,0.0
20190803:0910,471.46,44.2,20.43,2.14,0.0
20190803:1010,613.88,52.06,21.87,2.28,0.0
20190803:1110,805.75,57.34,22.9,2.28,0.0
20190803:1210,903.31,58.56,23.99,2.14,0.0
20190803:1310,649.8,55.27,24.46,1.72,0.0
20190803:1410,557.98,48.59,24.8,1.45,0.0
20190803:1510,475.56,39.98,25.03,1.59,0.0
20190803:1610,287.97,30.44,24.98,1.86,0.0
20190803:1710,211.37,20.6,24.81,2.14,0.0
20190803:1810,46.0,10.86,24.28,2.07,0.0
20190803:1910,1.72,1.59,22.54,2.76,0.0
20190803:2010,0.0,0.0,21.08,2.83,0.0
20190803:2110,0.0,0.0,20.04,2.55,0.0
20190803:2210,0.0,0.0,19.15,2.34,0.0
20190803:2310,0.0,0.0,18.37,2.14,0.0
20190804:0010,0.0,0.0,17.56,2.07,0.0
20190804:0110,0.0,0.0,16.74,1.93,0.0
20190804:0210,0.0,0.0,16.11,1.86,0.0
20190804:0310,0.0,0.0,15.62,1.93,0.0
20190804:0410,0.0,0.0,15.15,1.86,0.0
20190804:0510,28.34,5.69,15.03,1.86,0.0
20190804:0610,122.15,15.23,16.76,1.38,0.0
20190804:0710,335.29,25.07,19.96,1.31,0.0
20190804:0810,499.01,34.82,22.45,1.31,0.0
20190804:0910,733.0,44.0,24.74,1.59,0.0
20190804:1010,908.64,51.84,26.47,1.93,0.0
20190804:1110,1012.5,57.09,27.77,2.07,0.0
20190804:1210,362.68,58.3,28.76,2.0,0.0
20190804:1310,832.91,55.02,29.4,2.0,0.0
20190804:1410,613.8,48.36,29.34,1.93,0.0
20190804:1510,634.62,39.76,29.27,1.86,0.0
20190804:1610,315.77,30.24,29.21,1.79,0.0
20190804:1710,84.38,20.39,29.14,1.93,0.0
20190804:1810,41.27,10.65,28.11,1.31,0.0
20190804:1910,0.86,1.37,26.5,2.0,0.0
20190804:2010,0.0,0.0,24.87,1.24,0.0
20190804:2110,0.0,0.0,23.71,2.62,0.0
20190804:2210,0.0,0.0,22.25,3.38,0.0
20190804:2310,0.0,0.0,20.84,3.52,0.0
20190805:0010,0.0,0.0,19.65,3.52,0.0
20190805:0110,0.0,0.0,18.69,2.97,0.0
20190805:0210,0.0,0.0,18.14,2.69,0.0
20190805:0310,0.0,0.0,17.76,2.21,0.0
20190805:0410,0.0,0.0,17.18,1.72,0.0
20190805:0510,27.48,5.5,16.7,1.31,0.0
20190805:0610,120.64,15.05,17.7,1.03,0.0
20190805:0710,292.61,24.89,19.78,0.83,0.0
20190805:0810,449.66,34.64,21.6,1.31,0.0
20190805:0910,578.7,43.8,22.92,2.21,0.0
20190805:1010,774.74,51.61,24.09,3.17,0.0
20190805:1110,825.01,56.84,24.94,4.07,0.0
20190805:1210,799.8,58.03,25.63,4.14,0.0
20190805:1310,650.24,54.76,25.94,4.21,0.0
20190805:1410,334.78,48.12,26.19,4.41,0.0
20190805:1510,476.27,39.54,26.85,4.76,0.0
20190805:1610,380.94,30.03,26.39,4.62,0.0
20190805:1710,196.75,20.18,25.83,4.07,0.0
20190805:1810,50.67,10.44,25.14,3.24,0.0
20190805:1910,0.0,0.0,24.57,2.48,0.0
20190805:2010,0.0,0.0,23.45,2.14,0.0
20190805:2110,0.0,0.0,22.59,2.07,0.0
20190805:2210,0.0,0.0,21.89,2.14,0.0
20190805:2310,0.0,0.0,21.06,2.14,0.0
20190806:0010,0.0,0.0,20.39,2.07,0.0
20190806:0110,0.0,0.0,19.92,1.59,0.0
20190806:0210,0.0,0.0,19.41,1.52,0.0
20190806:0310,0.0,0.0,18.72,1.59,0.0
20190806:0410,0.0,0.0,18.35,1.59,0.0
20190806:0510,12.02,5.31,18.14,1.66,0.0
20190806:0610,89.79,14.87,18.74,1.59,0.0
20190806:0710,189.74,24.71,19.41,1.93,0.0
20190806:0810,340.98,34.45,20.01,2.62,0.0
20190806:0910,290.84,43.6,20.29,2.76,0.0
20190806:1010,219.21,51.39,21.25,3.17,0.0
20190806:1110,159.59,56.58,22.29,3.45,0.0
20190806:1210,258.12,57.76,23.1,3.38,0.0
20190806:1310,107.31,54.5,22.8,3.03,0.0
20190806:1410,59.62,47.88,21.18,2.97,0.0
20190806:1510,275.22,39.32,20.11,2.83,0.0
20190806:1610,167.52,29.81,19.7,1.93,0.0
20190806:1710,183.45,19.97,20.28,1.79,0.0
20190806:1810,58.39,10.22,20.81,2.55,0.0
20190806:1910,0.0,0.0,20.46,2.34,0.0
20190806:2010,0.0,0.0,19.73,2.07,0.0
20190806:2110,0.0,0.0,19.24,2.21,0.0
20190806:2210,0.0,0.0,18.7,2.41,0.0
20190806:2310,0.0,0.0,18.45,2.28,0.0
20190807:0010,0.0,0.0,17.91,2.14,0.0
20190807:0110,0.0,0.0,17.39,2.21,0.0
20190807:0210,0.0,0.0,16.91,2.28,0.0
20190807:0310,0.0,0.0,16.66,2.14,0.0
20190807:0410,0.0,0.0,16.36,2.0,0.0
20190807:0510,23.19,5.12,16.1,1.72,0.0
20190807:0610,119.6,14.69,16.73,1.38,0.0
20190807:0710,183.52,24.53,17.91,0.97,0.0
20190807:0810,347.0,34.26,18.63,1.03,0.0
20190807:0910,437.06,43.4,19.71,1.17,0.0
20190807:1010,666.88,51.16,21.09,1.31,0.0
20190807:1110,716.66,56.32,22.29,2.0,0.0
20190807:1210,669.6,57.48,23.45,3.03,0.0
20190807:1310,629.05,54.24,23.89,3.59,0.0
20190807:1410,511.95,47.64,24.43,4.07,0.0
20190807:1510,512.0,39.09,24.58,4.28,0.0
20190807:1610,425.71,29.59,24.6,4.41,0.0
20190807:1710,210.91,19.75,24.25,3.66,0.0
20190807:1810,46.37,10.0,23.78,2.41,0.0
20190807:1910,0.0,0.0,22.73,1.79,0.0
20190807:2010,0.0,0.0,20.82,1.59,0.0
20190807:2110,0.0,0.0,19.23,1.66,0.0
20190807:2210,0.0,0.0,17.61,1.86,0.0
20190807:2310,0.0,0.0,16.54,1.79,0.0
20190808:0010,0.0,0.0,15.82,1.72,0.0
20190808:0110,0.0,0.0,15.56,1.52,0.0
20190808:0210,0.0,0.0,15.83,1.24,0.0
20190808:0310,0.0,0.0,15.48,1.31,0.0
20190808:0410,0.0,0.0,15.42,1.31,0.0
20190808:0510,23.19,4.92,15.23,1.45,0.0
20190808:0610,117.36,14.5,16.76,1.17,0.0
20190808:0710,244.02,24.34,18.67,1.31,0.0
20190808:0810,550.78,34.07,21.0,1.38,0.0
20190808:0910,760.36,43.19,23.14,1.72,0.0
20190808:1010,877.83,50.92,24.7,2.28,0.0
20190808:1110,952.98,56.05,25.91,2.55,0.0
20190808:1210,486.46,57.2,26.99,2.62,0.0
20190808:1310,722.26,53.96,27.53,2.76,0.0
20190808:1410,265.75,47.38,28.18,2.9,0.0
20190808:1510,371.77,38.85,28.37,2.97,0.0
20190808:1610,437.68,29.36,28.56,2.83,0.0
20190808:1710,227.6,19.53,28.26,2.07,0.0
20190808:1810,56.68,9.77,27.19,2.34,0.0
20190808:1910,0.0,0.0,25.74,2.76,0.0
20190808:2010,0.0,0.0,24.68,2.97,0.0
20190808:2110,0.0,0.0,24.26,3.24,0.0
20190808:2210,0.0,0.0,24.28,3.59,0.0
20190808:2310,0.0,0.0,24.08,3.52,0.0
20190809:0010,0.0,0.0,23.86,3.1,0.0
20190809:0110,0.0,0.0,23.3,2.9,0.0
20190809:0210,0.0,0.0,22.96,3.1,0.0
20190809:0310,0.0,0.0,22.74,3.17,0.0
20190809:0410,0.0,0.0,22.56,2.97,0.0
20190809:0510,19.75,4.73,22.42,2.83,0.0
20190809:0610,18.34,14.31,22.68,2.55,0.0
20190809:0710,67.87,24.16,22.81,1.93,0.0
20190809:0810,77.96,33.88,23.27,1.72,0.0
20190809:0910,150.42,42.98,24.08,1.52,0.0
20190809:1010,642.61,50.68,25.22,1.93,0.0
20190809:1110,145.83,55.78,25.5,2.34,0.0
20190809:1210,88.05,56.91,23.84,3.86,0.0
20190809:1310,776.97,53.69,22.67,4.48,0.0
20190809:1410,58.7,47.13,22.15,4.69,0.0
20190809:1510,79.79,38.61,21.39,3.66,0.0
20190809:1610,139.54,29.13,21.54,4.76,0.0
20190809:1710,49.53,19.3,22.07,5.38,0.0
20190809:1810,54.1,9.53,22.19,5.45,0.0
20190809:1910,0.0,0.0,21.76,4.9,0.0
20190809:2010,0.0,0.0,21.01,4.9,0.0
20190809:2110,0.0,0.0,20.96,5.31,0.0
20190809:2210,0.0,0.0,20.89,5.66,0.0
20190809:2310,0.0,0.0,20.67,6.21,0.0
20190810:0010,0.0,0.0,20.46,6.62,0.0
20190810:0110,0.0,0.0,19.93,6.69,0.0
20190810:0210,0.0,0.0,19.58,6.62,0.0
20190810:0310,0.0,0.0,18.87,6.41,0.0
20190810:0410,0.0,0.0,18.4,6.21,0.0
20190810:0510,20.61,4.53,18.18,6.07,0.0
20190810:0610,116.99,14.12,18.46,5.72,0.0
20190810:0710,303.5,23.97,19.27,7.38,0.0
20190810:0810,383.54,33.69,20.14,7.45,0.0
20190810:0910,547.73,42.77,21.11,7.52,0.0
20190810:1010,666.29,50.44,22.17,8.07,0.0
20190810:1110,980.18,55.51,22.86,7.93,0.0
20190810:1210,513.43,56.62,23.52,7.59,0.0
20190810:1310,731.4,53.4,24.11,7.52,0.0
20190810:1410,781.19,46.86,24.46,7.31,0.0
20190810:1510,526.92,38.37,24.61,6.9,0.0
20190810:1610,355.2,28.89,24.58,6.48,0.0
20190810:1710,191.54,19.06,24.14,5.79,0.0
20190810:1810,42.94,9.29,23.23,5.03,0.0
20190810:1910,0.0,0.0,21.83,4.28,0.0
20190810:2010,0.0,0.0,20.78,4.21,0.0
20190810:2110,0.0,0.0,19.77,4.21,0.0
20190810:2210,0.0,0.0,18.89,4.07,0.0
20190810:2310,0.0,0.0,18.02,3.79,0.0
20190811:0010,0.0,0.0,17.17,3.59,0.0
20190811:0110,0.0,0.0,16.43,3.38,0.0
20190811:0210,0.0,0.0,15.77,3.03,0.0
20190811:0310,0.0,0.0,14.99,2.69,0.0
20190811:0410,0.0,0.0,14.33,2.48,0.0
20190811:0510,16.32,4.33,13.97,2.34,0.0
20190811:0610,30.27,13.93,14.79,2.07,0.0
20190811:0710,103.64,23.78,16.56,2.55,0.0
20190811:0810,228.7,33.49,17.97,2.69,0.0
20190811:0910,170.59,42.55,18.88,2.9,0.0
20190811:1010,141.25,50.2,19.46,3.45,0.0
20190811:1110,201.78,55.23,19.48,3.38,0.0
20190811:1210,325.4,56.33,19.59,3.17,0.0
20190811:1310,319.24,53.12,19.69,3.31,0.0
20190811:1410,292.51,46.6,19.94,3.03,0.0
20190811:1510,470.68,38.12,20.5,3.03,0.0
20190811:1610,345.52,28.65,21.18,3.38,0.0
20190811:1710,209.79,18.82,21.12,3.31,0.0
20190811:1810,46.37,9.05,20.8,2.48,0.0
20190811:1910,0.0,0.0,19.76,2.14,0.0
20190811:2010,0.0,0.0,18.67,2.28,0.0
20190811:2110,0.0,0.0,17.81,2.21,0.0
20190811:2210,0.0,0.0,17.24,2.07,0.0
20190811:2310,0.0,0.0,16.59,2.07,0.0
20190812:0010,0.0,0.0,16.17,2.14,0.0
20190812:0110,0.0,0.0,15.4,2.41,0.0
20190812:0210,0.0,0.0,14.87,2.41,0.0
20190812:0310,0.0,0.0,14.32,2.28,0.0
20190812:0410,0.0,0.0,13.82,2.21,0.0
20190812:0510,20.61,4.13,13.37,2.21,0.0
20190812:0610,113.86,13.74,14.23,2.0,0.0
20190812:0710,324.91,23.59,15.78,2.14,0.0
20190812:0810,550.79,33.29,17.23,2.21,0.0
20190812:0910,574.48,42.34,19.05,2.48,0.0
20190812:1010,455.43,49.95,20.53,3.24,0.0
20190812:1110,408.83,54.95,21.41,3.66,0.0
20190812:1210,731.31,56.03,22.01,3.93,0.0
20190812:1310,73.37,52.82,22.22,4.28,0.0
20190812:1410,213.15,46.32,22.24,4.41,0.0
20190812:1510,487.97,37.86,21.88,5.17,0.0
20190812:1610,306.16,28.41,18.34,5.03,0.0
20190812:1710,185.42,18.58,17.78,3.86,0.0
20190812:1810,45.51,8.8,17.56,3.66,0.0
20190812:1910,0.0,0.0,16.55,2.48,0.0
20190812:2010,0.0,0.0,16.24,2.48,0.0
20190812:2110,0.0,0.0,15.35,2.69,0.0
20190812:2210,0.0,0.0,14.6,2.69,0.0
20190812:2310,0.0,0.0,14.16,2.76,0.0
20190813:0010,0.0,0.0,13.52,2.83,0.0
20190813:0110,0.0,0.0,12.99,2.76,0.0
20190813:0210,0.0,0.0,12.48,2.62,0.0
20190813:0310,0.0,0.0,12.01,2.48,0.0
20190813:0410,0.0,0.0,11.55,2.41,0.0
20190813:0510,18.89,3.93,11.18,2.48,0.0
20190813:0610,114.49,13.55,12.11,2.34,0.0
20190813:0710,327.77,23.4,13.58,2.76,0.0
20190813:0810,550.23,33.09,15.21,2.97,0.0
20190813:0910,727.46,42.12,17.13,3.59,0.0
20190813:1010,747.31,49.7,18.41,4.07,0.0
20190813:1110,876.64,54.67,18.96,4.34,0.0
20190813:1210,370.75,55.73,19.25,4.55,0.0
20190813:1310,396.24,52.53,19.3,3.93,0.0
20190813:1410,256.4,46.04,19.87,4.07,0.0
20190813:1510,119.23,37.6,20.09,4.21,0.0
20190813:1610,79.79,28.15,19.19,3.72,0.0
20190813:1710,116.2,18.33,18.12,2.28,0.0
20190813:1810,48.95,8.55,17.14,0.9,0.0
20190813:1910,0.0,0.0,17.38,1.79,0.0
20190813:2010,0.0,0.0,16.36,1.38,0.0
20190813:2110,0.0,0.0,15.62,0.97,0.0
20190813:2210,0.0,0.0,15.53,0.48,0.0
20190813:2310,0.0,0.0,14.9,0.76,0.0
20190814:0010,0.0,0.0,14.29,1.17,0.0
20190814:0110,0.0,0.0,13.91,1.45,0.0
20190814:0210,0.0,0.0,13.29,1.52,0.0
20190814:0310,0.0,0.0,12.75,1.52,0.0
20190814:0410,0.0,0.0,12.0,1.66,0.0
20190814:0510,16.32,3.72,11.53,1.66,0.0
20190814:0610,111.03,13.35,12.78,0.97,0.0
20190814:0710,325.11,23.21,15.39,0.69,0.0
20190814:0810,539.68,32.89,17.02,1.31,0.0
20190814:0910,733.0,41.9,18.62,2.07,0.0
20190814:1010,826.31,49.45,20.27,2.76,0.0
20190814:1110,709.86,54.38,21.35,3.1,0.0
20190814:1210,750.13,55.42,22.36,4.21,0.0
20190814:1310,670.41,52.22,22.77,4.41,0.0
20190814:1410,598.29,45.76,22.62,4.28,0.0
20190814:1510,592.89,37.33,22.61,4.28,0.0
20190814:1610,331.11,27.9,22.37,4.14,0.0
20190814:1710,39.44,18.07,21.27,2.34,0.0
20190814:1810,44.65,8.29,20.81,1.79,0.0
20190814:1910,0.0,0.0,20.35,3.79,0.0
20190814:2010,0.0,0.0,19.41,3.72,0.0
20190814:2110,0.0,0.0,19.02,4.0,0.0
20190814:2210,0.0,0.0,18.61,4.14,0.0
20190814:2310,0.0,0.0,18.15,4.07,0.0
20190815:0010,0.0,0.0,17.84,4.07,0.0
20190815:0110,0.0,0.0,17.83,4.14,0.0
20190815:0210,0.0,0.0,17.85,3.93,0.0
20190815:0310,0.0,0.0,17.85,3.86,0.0
20190815:0410,0.0,0.0,17.67,4.0,0.0
20190815:0510,13.74,3.52,17.45,4.14,0.0
20190815:0610,74.76,13.16,17.44,4.21,0.0
20190815:0710,231.23,23.01,17.54,4.14,0.0
20190815:0810,227.7,32.69,17.73,4.55,0.0
20190815:0910,452.87,41.67,18.4,5.66,0.0
20190815:1010,460.41,49.19,19.58,5.72,0.0
20190815:1110,138.49,54.09,20.6,5.79,0.0
20190815:1210,346.52,55.11,21.21,5.93,0.0
20190815:1310,380.55,51.92,21.72,6.0,0.0
20190815:1410,742.96,45.47,21.98,6.07,0.0
20190815:1510,422.53,37.06,22.31,6.14,0.0
20190815:1610,358.26,27.63,22.32,6.0,0.0
20190815:1710,195.61,17.81,21.76,5.1,0.0
20190815:1810,45.51,8.03,21.01,3.79,0.0
20190815:1910,0.0,0.0,19.86,3.52,0.0
20190815:2010,0.0,0.0,18.98,3.1,0.0
20190815:2110,0.0,0.0,18.33,2.55,0.0
20190815:2210,0.0,0.0,17.54,2.0,0.0
20190815:2310,0.0,0.0,16.42,1.79,0.0
20190816:0010,0.0,0.0,15.14,1.86,0.0
20190816:0110,0.0,0.0,14.34,1.86,0.0
20190816:0210,0.0,0.0,13.61,2.0,0.0
20190816:0310,0.0,0.0,13.08,1.93,0.0
20190816:0410,0.0,0.0,12.55,1.79,0.0
20190816:0510,2.58,3.31,12.06,1.72,0.0
20190816:0610,104.65,12.96,13.27,1.1,0.0
20190816:0710,223.07,22.81,15.97,1.1,0.0
20190816:0810,513.49,32.48,17.67,1.59,0.0
20190816:0910,739.14,41.45,19.51,2.55,0.0
20190816:1010,790.48,48.93,21.14,3.31,0.0
20190816:1110,648.12,53.79,22.54,4.07,0.0
20190816:1210,524.02,54.79,23.58,4.41,0.0
20190816:1310,709.02,51.61,24.57,4.48,0.0
20190816:1410,738.12,45.18,25.2,4.28,0.0
20190816:1510,210.2,36.78,25.56,4.21,0.0
20190816:1610,169.4,27.37,25.51,4.28,0.0
20190816:1710,108.24,17.55,25.02,3.93,0.0
20190816:1810,43.8,7.76,24.07,3.24,0.0
20190816:1910,0.0,0.0,21.97,2.55,0.0
20190816:2010,0.0,0.0,20.81,2.41,0.0
20190816:2110,0.0,0.0,20.01,2.62,0.0
20190816:2210,0.0,0.0,19.67,2.83,0.0
20190816:2310,0.0,0.0,19.75,3.66,0.0
20190817:0010,0.0,0.0,19.35,4.07,0.0
20190817:0110,0.0,0.0,17.99,4.0,0.0
20190817:0210,0.0,0.0,17.64,3.93,0.0
20190817:0310,0.0,0.0,17.26,4.34,0.0
20190817:0410,0.0,0.0,16.46,4.21,0.0
20190817:0510,2.58,3.11,16.22,4.34,0.0
20190817:0610,89.7,12.76,16.36,4.41,0.0
20190817:0710,55.95,22.61,17.76,4.41,0.0
20190817:0810,66.04,32.27,18.6,5.93,0.0
20190817:0910,114.65,41.22,18.53,5.52,0.0
20190817:1010,111.9,48.67,18.25,5.66,0.0
20190817:1110,105.48,53.49,18.18,4.69,0.0
20190817:1210,82.55,54.47,18.26,4.83,0.0
20190817:1310,125.65,51.29,18.57,4.9,0.0
20190817:1410,150.42,44.88,18.75,4.62,0.0
20190817:1510,106.39,36.5,19.24,4.48,0.0
20190817:1610,166.71,27.1,19.82,5.1,0.0
20190817:1710,95.81,17.28,19.79,4.34,0.0
20190817:1810,6.01,7.49,19.55,3.79,0.0
20190817:1910,0.0,0.0,19.53,3.24,0.0
20190817:2010,0.0,0.0,19.53,3.66,0.0
20190817:2110,0.0,0.0,18.91,3.1,0.0
20190817:2210,0.0,0.0,18.61,2.28,0.0
20190817:2310,0.0,0.0,18.39,2.34,0.0
20190818:0010,0.0,0.0,18.29,2.62,0.0
20190818:0110,0.0,0.0,18.34,2.9,0.0
20190818:0210,0.0,0.0,18.42,3.1,0.0
20190818:0310,0.0,0.0,18.61,3.86,0.0
20190818:0410,0.0,0.0,18.88,5.03,0.0
20190818:0510,3.43,2.9,19.22,6.07,0.0
20190818:0610,50.44,12.56,19.39,6.41,0.0
20190818:0710,50.44,22.41,19.85,6.83,0.0
20190818:0810,40.36,32.06,20.18,7.17,0.0
20190818:0910,65.12,40.99,20.62,6.69,0.0
20190818:1010,114.65,48.41,19.9,5.52,0.0
20190818:1110,232.49,53.19,18.66,4.21,0.0
20190818:1210,311.65,54.15,18.36,3.45,0.0
20190818:1310,296.34,50.97,19.55,4.0,0.0
20190818:1410,392.4,44.58,20.73,4.0,0.0
20190818:1510,403.9,36.22,21.48,3.79,0.0
20190818:1610,258.91,26.82,21.47,3.52,0.0
20190818:1710,137.05,17.01,21.26,3.17,0.0
20190818:1810,30.06,7.21,20.51,2.48,0.0
20190818:1910,0.0,0.0,19.52,2.07,0.0
20190818:2010,0.0,0.0,18.46,1.93,0.0
20190818:2110,0.0,0.0,17.49,1.79,0.0
20190818:2210,0.0,0.0,16.58,1.86,0.0
20190818:2310,0.0,0.0,16.43,1.66,0.0
20190819:0010,0.0,0.0,16.13,1.72,0.0
20190819:0110,0.0,0.0,16.1,1.66,0.0
20190819:0210,0.0,0.0,15.94,1.72,0.0
20190819:0310,0.0,0.0,15.32,1.79,0.0
20190819:0410,0.0,0.0,14.91,1.93,0.0
20190819:0510,8.59,2.69,14.31,2.14,0.0
20190819:0610,105.93,12.36,14.59,2.07,0.0
20190819:0710,326.41,22.21,15.88,2.55,0.0
20190819:0810,563.2,31.85,17.34,3.1,0.0
20190819:0910,771.43,40.75,18.79,3.31,0.0
20190819:1010,866.93,48.14,20.16,3.86,0.0
20190819:1110,992.16,52.89,21.08,4.21,0.0
20190819:1210,934.22,53.82,21.71,4.97,0.0
20190819:1310,799.88,50.65,21.99,4.97,0.0
20190819:1410,706.86,44.28,21.74,4.34,0.0
20190819:1510,553.62,35.93,21.75,4.0,0.0
20190819:1610,396.54,26.54,21.4,3.45,0.0
20190819:1710,190.73,16.73,21.09,2.76,0.0
20190819:1810,39.5,6.93,20.33,1.93,0.0
20190819:1910,0.0,0.0,19.19,1.45,0.0
20190819:2010,0.0,0.0,17.44,1.31,0.0
20190819:2110,0.0,0.0,15.95,1.52,0.0
20190819:2210,0.0,0.0,14.9,1.93,0.0
20190819:2310,0.0,0.0,14.4,2.0,0.0
20190820:0010,0.0,0.0,13.76,1.93,0.0
20190820:0110,0.0,0.0,13.37,1.66,0.0
20190820:0210,0.0,0.0,13.29,1.45,0.0
20190820:0310,0.0,0.0,12.89,1.45,0.0
20190820:0410,0.0,0.0,12.86,1.38,0.0
20190820:0510,4.29,2.48,12.37,1.52,0.0
20190820:0610,71.34,12.16,13.18,1.38,0.0
20190820:0710,307.79,22.01,15.39,1.79,0.0
20190820:0810,552.16,31.64,16.97,2.14,0.0
20190820:0910,747.11,40.52,18.84,2.07,0.0
20190820:1010,770.88,47.87,20.2,1.93,0.0
20190820:1110,606.8,52.58,21.1,2.07,0.0
20190820:1210,801.89,53.49,21.66,2.48,0.0
20190820:1310,576.73,50.32,22.08,3.45,0.0
20190820:1410,553.88,43.97,21.66,3.66,0.0
20190820:1510,524.75,35.63,21.76,3.79,0.0
20190820:1610,358.77,26.26,21.25,3.66,0.0
20190820:1710,193.1,16.45,20.59,3.1,0.0
20190820:1810,34.35,6.65,19.79,2.34,0.0
20190820:1910,0.0,0.0,18.77,2.28,0.0
20190820:2010,0.0,0.0,17.37,2.41,0.0
20190820:2110,0.0,0.0,16.22,2.48,0.0
20190820:2210,0.0,0.0,15.33,2.41,0.0
20190820:2310,0.0,0.0,14.36,2.34,0.0
20190821:0010,0.0,0.0,13.53,2.21,0.0
20190821:0110,0.0,0.0,12.79,2.14,0.0
20190821:0210,0.0,0.0,12.02,1.93,0.0
20190821:0310,0.0,0.0,11.25,1.79,0.0
20190821:0410,0.0,0.0,10.68,1.79,0.0
20190821:0510,7.73,2.26,10.23,1.72,0.0
20190821:0610,107.16,11.95,11.09,1.38,0.0
20190821:0710,322.53,21.81,14.69,1.66,0.0
20190821:0810,554.41,31.42,16.97,1.86,0.0
20190821:0910,763.82,40.28,19.03,2.0,0.0
20190821:1010,804.19,47.6,20.63,2.0,0.0
20190821:1110,905.98,52.27,21.78,1.72,0.0
20190821:1210,996.1,53.16,22.59,1.31,0.0
20190821:1310,958.88,49.99,22.96,1.52,0.0
20190821:1410,722.55,43.65,23.32,1.72,0.0
20190821:1510,635.93,35.34,23.41,2.0,0.0
20190821:1610,430.38,25.97,23.28,2.28,0.0
20190821:1710,196.74,16.17,22.76,2.55,0.0
20190821:1810,32.63,6.36,21.53,2.41,0.0
20190821:1910,0.0,0.0,19.89,2.62,0.0
20190821:2010,0.0,0.0,18.41,2.69,0.0
20190821:2110,0.0,0.0,17.31,2.69,0.0
20190821:2210,0.0,0.0,16.41,2.62,0.0
20190821:2310,0.0,0.0,15.65,2.55,0.0
20190822:0010,0.0,0.0,14.94,2.41,0.0
20190822:0110,0.0,0.0,14.18,2.21,0.0
20190822:0210,0.0,0.0,13.44,2.14,0.0
20190822:0310,0.0,0.0,12.78,2.21,0.0
20190822:0410,0.0,0.0,12.27,2.14,0.0
20190822:0510,6.01,2.05,11.84,2.07,0.0
20190822:0610,107.51,11.75,12.5,1.66,0.0
20190822:0710,327.25,21.6,15.78,1.31,0.0
20190822:0810,550.14,31.2,18.47,1.45,0.0
20190822:0910,782.69,40.04,20.87,1.86,0.0
20190822:1010,954.55,47.32,22.55,2.28,0.0
20190822:1110,1037.43,51.95,23.59,2.14,0.0
20190822:1210,1060.6,52.82,24.37,1.93,0.0
20190822:1310,981.78,49.66,24.91,1.93,0.0
20190822:1410,854.22,43.33,25.28,2.07,0.0
20190822:1510,662.48,35.03,25.39,2.34,0.0
20190822:1610,433.23,25.68,25.12,2.62,0.0
20190822:1710,197.74,15.88,24.48,2.62,0.0
20190822:1810,30.06,6.07,23.08,2.41,0.0
20190822:1910,0.0,0.0,21.17,2.76,0.0
20190822:2010,0.0,0.0,19.68,3.03,0.0
20190822:2110,0.0,0.0,18.57,3.1,0.0
20190822:2210,0.0,0.0,17.59,2.97,0.0
20190822:2310,0.0,0.0,16.71,2.83,0.0
20190823:0010,0.0,0.0,15.94,2.69,0.0
20190823:0110,0.0,0.0,15.27,2.55,0.0
20190823:0210,0.0,0.0,14.71,2.55,0.0
20190823:0310,0.0,0.0,14.25,2.55,0.0
20190823:0410,0.0,0.0,13.84,2.48,0.0
20190823:0510,3.43,1.84,13.43,2.48,0.0
20190823:0610,105.68,11.54,13.97,2.14,0.0
20190823:0710,320.6,21.39,16.71,2.0,0.0
20190823:0810,512.93,30.99,19.43,2.28,0.0
20190823:0910,737.44,39.79,21.86,2.48,0.0
20190823:1010,920.1,47.04,23.87,2.76,0.0
20190823:1110,1023.9,51.64,25.34,2.76,0.0
20190823:1210,1052.89,52.48,26.35,2.62,0.0
20190823:1310,948.29,49.32,27.04,2.48,0.0
20190823:1410,797.08,43.01,27.41,2.55,0.0
20190823:1510,663.92,34.73,27.59,2.69,0.0
20190823:1610,423.46,25.38,27.42,2.83,0.0
20190823:1710,178.19,15.58,26.86,2.62,0.0
20190823:1810,32.63,5.77,25.16,2.55,0.0
20190823:1910,0.0,0.0,23.09,2.97,0.0
20190823:2010,0.0,0.0,21.5,2.9,0.0
20190823:2110,0.0,0.0,20.27,2.76,0.0
20190823:2210,0.0,0.0,19.26,2.62,0.0
20190823:2310,0.0,0.0,18.42,2.48,0.0
20190824:0010,0.0,0.0,17.64,2.41,0.0
20190824:0110,0.0,0.0,16.87,2.41,0.0
20190824:0210,0.0,0.0,16.11,2.34,0.0
20190824:0310,0.0,0.0,15.45,2.34,0.0
20190824:0410,0.0,0.0,14.99,2.34,0.0
20190824:0510,3.43,1.62,14.62,2.28,0.0
20190824:0610,106.06,11.34,15.16,2.0,0.0
20190824:0710,322.35,21.19,18.22,1.38,0.0
20190824:0810,555.7,30.77,21.13,1.45,0.0
20190824:0910,772.67,39.55,23.79,1.52,0.0
20190824:1010,908.36,46.76,25.78,1.45,0.0
20190824:1110,1024.37,51.32,27.54,1.72,0.0
20190824:1210,991.67,52.13,28.57,1.79,0.0
20190824:1310,798.23,48.97,29.18,1.38,0.0
20190824:1410,817.68,42.68,29.55,1.17,0.0
20190824:1510,603.42,34.42,29.7,1.24,0.0
20190824:1610,367.58,25.08,29.53,1.38,0.0
20190824:1710,132.84,15.29,29.12,1.59,0.0
20190824:1810,30.06,5.47,27.59,1.86,0.0
20190824:1910,0.0,0.0,25.68,2.07,0.0
20190824:2010,0.0,0.0,23.22,2.21,0.0
20190824:2110,0.0,0.0,21.38,2.28,0.0
20190824:2210,0.0,0.0,20.05,2.28,0.0
20190824:2310,0.0,0.0,18.97,2.21,0.0
20190825:0010,0.0,0.0,18.11,2.07,0.0
20190825:0110,0.0,0.0,17.48,1.79,0.0
20190825:0210,0.0,0.0,17.26,1.59,0.0
20190825:0310,0.0,0.0,17.09,1.38,0.0
20190825:0410,0.0,0.0,16.57,1.45,0.0
20190825:0510,2.58,1.41,15.85,1.52,0.0
20190825:0610,106.36,11.13,16.3,1.24,0.0
20190825:0710,318.8,20.98,19.3,0.55,0.0
20190825:0810,557.46,30.54,22.64,0.83,0.0
20190825:0910,766.66,39.3,25.41,1.17,0.0
20190825:1010,920.04,46.48,27.72,1.38,0.0
20190825:1110,1029.97,50.99,29.31,1.38,0.0
20190825:1210,1044.93,51.79,30.09,0.97,0.0
20190825:1310,965.4,48.63,30.62,0.76,0.0
20190825:1410,837.88,42.35,30.97,0.76,0.0
20190825:1510,647.22,34.1,31.04,1.03,0.0
20190825:1610,419.22,24.78,30.84,1.38,0.0
20190825:1710,186.51,14.98,30.31,1.59,0.0
20190825:1810,26.62,5.17,28.54,2.0,0.0
20190825:1910,0.0,0.0,26.0,2.55,0.0
20190825:2010,0.0,0.0,24.17,2.62,0.0
20190825:2110,0.0,0.0,22.76,2.62,0.0
20190825:2210,0.0,0.0,21.61,2.55,0.0
20190825:2310,0.0,0.0,20.6,2.48,0.0
20190826:0010,0.0,0.0,19.57,2.34,0.0
20190826:0110,0.0,0.0,18.53,2.14,0.0
20190826:0210,0.0,0.0,17.71,1.86,0.0
20190826:0310,0.0,0.0,17.49,1.59,0.0
20190826:0410,0.0,0.0,17.62,1.31,0.0
20190826:0510,0.0,0.0,17.27,1.24,0.0
20190826:0610,100.1,10.92,17.56,0.97,0.0
20190826:0710,313.12,20.77,20.08,0.83,0.0
20190826:0810,544.89,30.32,23.38,0.76,0.0
20190826:0910,759.54,39.05,26.27,0.9,0.0
20190826:1010,911.65,46.19,28.74,1.17,0.0
20190826:1110,1014.56,50.67,30.44,1.38,0.0
20190826:1210,1029.37,51.44,31.44,1.45,0.0
20190826:1310,949.73,48.28,32.02,1.1,0.0
20190826:1410,827.98,42.02,32.31,0.69,0.0
20190826:1510,634.52,33.78,32.41,0.69,0.0
20190826:1610,408.37,24.47,32.25,0.97,0.0
20190826:1710,179.34,14.68,31.81,1.1,0.0
20190826:1810,24.9,4.86,29.93,2.07,0.0
20190826:1910,0.0,0.0,27.19,2.48,0.0
20190826:2010,0.0,0.0,25.39,2.69,0.0
20190826:2110,0.0,0.0,24.31,2.83,0.0
20190826:2210,0.0,0.0,23.49,2.76,0.0
20190826:2310,0.0,0.0,22.49,2.48,0.0
20190827:0010,0.0,0.0,21.19,2.0,0.0
20190827:0110,0.0,0.0,20.31,1.59,0.0
20190827:0210,0.0,0.0,19.95,1.45,0.0
20190827:0310,0.0,0.0,19.19,1.66,0.0
20190827:0410,0.0,0.0,18.21,2.0,0.0
20190827:0510,0.0,0.0,17.67,2.07,0.0
20190827:0610,91.57,10.71,18.01,1.86,0.0
20190827:0710,175.98,20.55,20.91,1.38,0.0
20190827:0810,339.0,30.09,23.47,1.59,0.0
20190827:0910,547.89,38.8,25.73,1.79,0.0
20190827:1010,534.97,45.91,28.31,2.07,0.0
20190827:1110,929.36,50.34,30.1,2.28,0.0
20190827:1210,948.67,51.08,31.27,2.34,0.0
20190827:1310,858.78,47.93,31.94,2.21,0.0
20190827:1410,612.98,41.68,32.18,3.03,0.0
20190827:1510,444.41,33.46,31.18,4.34,0.0
20190827:1610,108.23,24.16,29.83,3.24,0.0
20190827:1710,105.02,14.37,29.12,2.76,0.0
20190827:1810,21.47,4.55,27.53,1.59,0.0
20190827:1910,0.0,0.0,26.26,2.48,0.0
20190827:2010,0.0,0.0,24.52,2.41,0.0
20190827:2110,0.0,0.0,23.14,2.55,0.0
20190827:2210,0.0,0.0,22.43,2.76,0.0
20190827:2310,0.0,0.0,21.88,2.62,0.0
20190828:0010,0.0,0.0,21.31,2.41,0.0
20190828:0110,0.0,0.0,20.93,2.0,0.0
20190828:0210,0.0,0.0,20.33,1.59,0.0
20190828:0310,0.0,0.0,19.6,1.59,0.0
20190828:0410,0.0,0.0,18.88,1.66,0.0
20190828:0510,0.0,0.0,18.45,1.52,0.0
20190828:0610,80.58,10.5,18.79,1.24,0.0
20190828:0710,145.89,20.34,21.24,1.24,0.0
20190828:0810,306.41,29.87,23.11,1.45,0.0
20190828:0910,463.99,38.55,24.96,1.66,0.0
20190828:1010,692.31,45.62,26.51,1.86,0.0
20190828:1110,817.35,50.01,27.61,2.34,0.0
20190828:1210,892.49,50.73,28.33,2.62,0.0
20190828:1310,498.76,47.57,28.77,2.76,0.0
20190828:1410,657.75,41.34,28.66,2.83,0.0
20190828:1510,439.12,33.13,28.02,2.83,0.0
20190828:1610,370.13,23.84,27.82,2.62,0.0
20190828:1710,103.33,14.06,26.42,2.21,0.0
20190828:1810,22.33,4.24,25.62,1.45,0.0
20190828:1910,0.0,0.0,24.08,2.62,0.0
20190828:2010,0.0,0.0,22.76,2.55,0.0
20190828:2110,0.0,0.0,21.94,2.0,0.0
20190828:2210,0.0,0.0,21.29,1.52,0.0
20190828:2310,0.0,0.0,20.71,1.72,0.0
20190829:0010,0.0,0.0,20.59,2.14,0.0
20190829:0110,0.0,0.0,20.38,2.41,0.0
20190829:0210,0.0,0.0,19.77,2.55,0.0
20190829:0310,0.0,0.0,19.39,2.48,0.0
20190829:0410,0.0,0.0,18.65,2.41,0.0
20190829:0510,0.0,0.0,18.1,2.48,0.0
20190829:0610,83.56,10.29,17.87,2.55,0.0
20190829:0710,250.84,20.12,18.22,2.97,0.0
20190829:0810,266.1,29.64,18.97,3.17,0.0
20190829:0910,192.64,38.29,20.13,3.17,0.0
20190829:1010,205.96,45.32,21.27,3.1,0.0
20190829:1110,203.61,49.67,22.13,2.9,0.0
20190829:1210,490.04,50.37,22.86,3.1,0.0
20190829:1310,562.37,47.21,23.78,3.1,0.0
20190829:1410,741.68,40.99,24.25,2.97,0.0
20190829:1510,610.25,32.81,24.29,2.76,0.0
20190829:1610,397.35,23.52,24.04,2.76,0.0
20190829:1710,169.12,13.75,23.53,2.62,0.0
20190829:1810,19.75,3.92,22.54,2.28,0.0
20190829:1910,0.0,0.0,20.9,2.28,0.0
20190829:2010,0.0,0.0,19.66,2.28,0.0
20190829:2110,0.0,0.0,18.56,2.21,0.0
20190829:2210,0.0,0.0,17.51,2.28,0.0
20190829:2310,0.0,0.0,16.59,2.34,0.0
20190830:0010,0.0,0.0,15.79,2.34,0.0
20190830:0110,0.0,0.0,15.05,2.07,0.0
20190830:0210,0.0,0.0,14.33,1.86,0.0
20190830:0310,0.0,0.0,13.64,1.79,0.0
20190830:0410,0.0,0.0,13.01,1.66,0.0
20190830:0510,0.0,0.0,12.47,1.52,0.0
20190830:0610,98.34,10.07,12.83,1.38,0.0
20190830:0710,313.76,19.91,15.64,1.38,0.0
20190830:0810,547.63,29.41,18.35,1.52,0.0
20190830:0910,744.12,38.04,20.98,1.79,0.0
20190830:1010,904.29,45.03,22.81,1.79,0.0
20190830:1110,1000.27,49.34,24.2,1.45,0.0
20190830:1210,1007.25,50.01,25.26,1.17,0.0
20190830:1310,930.71,46.85,26.09,0.83,0.0
20190830:1410,826.63,40.65,26.63,0.55,0.0
20190830:1510,612.9,32.47,26.86,0.48,0.0
20190830:1610,206.48,23.2,26.79,0.76,0.0
20190830:1710,168.65,13.43,26.36,1.38,0.0
20190830:1810,18.89,3.6,25.02,2.14,0.0
20190830:1910,0.0,0.0,22.79,2.55,0.0
20190830:2010,0.0,0.0,21.23,2.76,0.0
20190830:2110,0.0,0.0,20.07,2.83,0.0
20190830:2210,0.0,0.0,19.14,2.76,0.0
20190830:2310,0.0,0.0,18.46,2.62,0.0
20190831:0010,0.0,0.0,17.92,2.55,0.0
20190831:0110,0.0,0.0,17.46,2.34,0.0
20190831:0210,0.0,0.0,16.95,2.21,0.0
20190831:0310,0.0,0.0,16.49,2.14,0.0
20190831:0410,0.0,0.0,16.23,2.21,0.0
20190831:0510,0.0,0.0,16.33,2.34,0.0
20190831:0610,65.46,9.86,17.19,2.28,0.0
20190831:0710,280.76,19.69,20.3,1.79,0.0
20190831:0810,510.67,29.18,23.25,2.21,0.0
20190831:0910,737.69,37.78,25.07,2.62,0.0
20190831:1010,885.34,44.73,26.84,2.83,0.0
20190831:1110,985.03,49.0,28.52,3.24,0.0
20190831:1210,865.9,49.64,29.53,3.86,0.0
20190831:1310,721.58,46.48,29.88,4.34,0.0
20190831:1410,713.14,40.29,29.84,4.41,0.0
20190831:1510,308.34,32.14,29.51,4.9,0.0
20190831:1610,272.25,22.87,28.44,5.03,0.0
20190831:1710,99.35,13.11,26.72,4.69,0.0
20190831:1810,16.32,3.28,24.84,4.48,0.0
20190831:1910,0.0,0.0,22.93,5.1,0.0
20190831:2010,0.0,0.0,21.03,4.62,0.0
20190831:2110,0.0,0.0,19.89,3.79,0.0
20190831:2210,0.0,0.0,19.06,2.76,0.0
20190831:2310,0.0,0.0,18.39,2.69,0.0
20190901:0010,0.0,0.0,17.88,2.97,0.0
20190901:0110,0.0,0.0,17.33,3.45,0.0
20190901:0210,0.0,0.0,16.83,3.52,0.0
20190901:0310,0.0,0.0,16.46,3.24,0.0
20190901:0410,0.0,0.0,16.21,2.9,0.0
20190901:0510,0.0,0.0,15.97,2.48,0.0
20190901:0610,56.69,9.64,15.77,2.28,0.0
20190901:0710,193.58,19.47,16.34,2.69,0.0
20190901:0810,219.9,28.94,17.02,2.83,0.0
20190901:0910,712.59,37.52,18.19,2.83,0.0
20190901:1010,656.28,44.43,19.6,2.69,0.0
20190901:1110,800.86,48.66,20.96,2.76,0.0
20190901:1210,804.5,49.28,21.56,2.97,0.0
20190901:1310,923.09,46.12,22.26,3.17,0.0
20190901:1410,671.09,39.94,22.67,3.59,0.0
20190901:1510,539.45,31.8,22.33,4.21,0.0
20190901:1610,330.2,22.55,21.45,4.55,0.0
20190901:1710,105.29,12.78,20.72,4.69,0.0
20190901:1810,10.3,2.95,19.92,4.0,0.0
20190901:1910,0.0,0.0,19.32,3.38,0.0
20190901:2010,0.0,0.0,18.24,3.31,0.0
20190901:2110,0.0,0.0,17.11,3.38,0.0
20190901:2210,0.0,0.0,15.94,3.1,0.0
20190901:2310,0.0,0.0,15.03,2.55,0.0
20190902:0010,0.0,0.0,14.22,2.21,0.0
20190902:0110,0.0,0.0,13.48,2.0,0.0
20190902:0210,0.0,0.0,12.72,1.93,0.0
20190902:0310,0.0,0.0,12.08,1.93,0.0
20190902:0410,0.0,0.0,11.44,1.93,0.0
20190902:0510,0.0,0.0,10.91,1.93,0.0
20190902:0610,97.75,9.43,11.07,1.72,0.0
20190902:0710,292.94,19.25,13.7,1.66,0.0
20190902:0810,518.9,28.71,16.03,1.93,0.0
20190902:0910,750.68,37.25,18.1,1.79,0.0
20190902:1010,664.49,44.13,19.73,1.93,0.0
20190902:1110,1000.19,48.31,20.71,1.93,0.0
20190902:1210,1050.93,48.91,21.36,2.07,0.0
20190902:1310,948.36,45.75,22.01,2.34,0.0
20190902:1410,838.59,39.58,22.33,2.9,0.0
20190902:1510,635.8,31.46,22.36,3.17,0.0
20190902:1610,401.58,22.22,22.13,3.17,0.0
20190902:1710,169.02,12.46,21.64,3.1,0.0
20190902:1810,9.45,2.62,20.69,2.41,0.0
20190902:1910,0.0,0.0,19.42,1.93,0.0
20190902:2010,0.0,0.0,18.01,2.28,0.0
20190902:2110,0.0,0.0,16.72,2.48,0.0
20190902:2210,0.0,0.0,15.69,2.28,0.0
20190902:2310,0.0,0.0,14.77,2.07,0.0
20190903:0010,0.0,0.0,13.89,2.0,0.0
20190903:0110,0.0,0.0,13.16,1.93,0.0
20190903:0210,0.0,0.0,12.53,1.79,0.0
20190903:0310,0.0,0.0,11.99,1.59,0.0
20190903:0410,0.0,0.0,11.84,1.45,0.0
20190903:0510,0.0,0.0,11.64,1.45,0.0
20190903:0610,95.73,9.21,12.0,1.24,0.0
20190903:0710,322.47,19.03,14.86,1.31,0.0
20190903:0810,551.7,28.47,17.4,1.79,0.0
20190903:0910,770.1,36.99,19.08,1.93,0.0
20190903:1010,906.81,43.82,20.47,2.14,0.0
20190903:1110,1008.08,47.97,21.52,2.48,0.0
20190903:1210,1039.8,48.54,22.61,2.9,0.0
20190903:1310,942.13,45.37,22.98,2.83,0.0
20190903:1410,801.3,39.22,23.57,2.9,0.0
20190903:1510,643.14,31.11,23.47,2.83,0.0
20190903:1610,379.43,21.88,23.17,2.83,0.0
20190903:1710,159.5,12.13,22.41,2.83,0.0
20190903:1810,7.73,2.29,21.26,2.55,0.0
20190903:1910,0.0,0.0,19.99,2.14,0.0
20190903:2010,0.0,0.0,18.8,2.14,0.0
20190903:2110,0.0,0.0,17.69,2.0,0.0
20190903:2210,0.0,0.0,16.77,1.86,0.0
20190903:2310,0.0,0.0,15.73,1.79,0.0
20190904:0010,0.0,0.0,14.68,1.66,0.0
20190904:0110,0.0,0.0,13.88,1.52,0.0
20190904:0210,0.0,0.0,14.04,1.1,0.0
20190904:0310,0.0,0.0,14.69,0.76,0.0
20190904:0410,0.0,0.0,14.35,0.48,0.0
20190904:0510,0.0,0.0,14.0,0.41,0.0
20190904:0610,94.93,8.99,13.77,0.62,0.0
20190904:0710,321.33,18.81,15.51,1.38,0.0
20190904:0810,553.98,28.23,18.41,2.14,0.0
20190904:0910,775.4,36.72,20.87,3.1,0.0
20190904:1010,935.56,43.51,22.48,4.0,0.0
20190904:1110,1020.09,47.62,23.45,4.83,0.0
20190904:1210,1025.72,48.16,24.3,5.66,0.0
20190904:1310,415.58,45.0,24.05,6.0,0.0
20190904:1410,119.23,38.86,21.15,5.52,0.0
20190904:1510,258.59,30.77,19.28,4.97,0.0
20190904:1610,238.35,21.55,18.6,4.34,0.0
20190904:1710,134.93,11.8,18.79,4.21,0.0
20190904:1810,6.01,1.96,18.2,4.0,0.0
20190904:1910,0.0,0.0,16.88,3.72,0.0
20190904:2010,0.0,0.0,15.81,3.31,0.0
20190904:2110,0.0,0.0,14.91,2.9,0.0
20190904:2210,0.0,0.0,14.11,2.55,0.0
20190904:2310,0.0,0.0,13.35,2.48,0.0
20190905:0010,0.0,0.0,12.79,2.62,0.0
20190905:0110,0.0,0.0,12.66,2.76,0.0
20190905:0210,0.0,0.0,12.66,2.83,0.0
20190905:0310,0.0,0.0,12.46,2.76,0.0
20190905:0410,0.0,0.0,12.31,2.69,0.0
20190905:0510,0.0,0.0,12.62,2.69,0.0
20190905:0610,74.84,8.78,12.92,2.83,0.0
20190905:0710,300.29,18.59,14.28,3.17,0.0
20190905:0810,455.32,27.99,15.16,3.79,0.0
20190905:0910,660.13,36.45,16.31,3.52,0.0
20190905:1010,380.44,43.2,16.95,3.45,0.0
20190905:1110,628.1,47.27,17.92,3.72,0.0
20190905:1210,156.84,47.79,18.85,4.0,0.0
20190905:1310,321.83,44.62,19.11,4.41,0.0
20190905:1410,249.56,38.5,19.13,4.55,0.0
20190905:1510,389.68,30.42,19.28,4.48,0.0
20190905:1610,249.33,21.21,18.95,4.62,0.0
20190905:1710,103.51,11.46,18.21,4.48,0.0
20190905:1810,1.72,1.62,17.51,3.93,0.0
20190905:1910,0.0,0.0,16.1,3.66,0.0
20190905:2010,0.0,0.0,15.05,3.45,0.0
20190905:2110,0.0,0.0,14.05,2.97,0.0
20190905:2210,0.0,0.0,13.17,2.48,0.0
20190905:2310,0.0,0.0,12.26,2.21,0.0
20190906:0010,0.0,0.0,11.37,1.86,0.0
20190906:0110,0.0,0.0,10.26,1.66,0.0
20190906:0210,0.0,0.0,9.33,1.79,0.0
20190906:0310,0.0,0.0,8.65,1.86,0.0
20190906:0410,0.0,0.0,8.08,1.79,0.0
20190906:0510,0.0,0.0,8.05,1.45,0.0
20190906:0610,84.45,8.56,9.62,0.83,0.0
20190906:0710,322.62,18.36,10.57,1.17,0.0
20190906:0810,552.96,27.75,13.39,1.1,0.0
20190906:0910,773.77,36.18,15.64,1.59,0.0
20190906:1010,916.5,42.89,17.36,1.93,0.0
20190906:1110,1035.85,46.92,18.59,1.72,0.0
20190906:1210,1041.43,47.41,19.76,2.0,0.0
20190906:1310,947.69,44.24,20.64,2.28,0.0
20190906:1410,791.76,38.13,21.32,2.62,0.0
20190906:1510,542.69,30.06,21.7,3.31,0.0
20190906:1610,269.34,20.86,21.86,3.79,0.0
20190906:1710,68.4,11.12,21.29,3.66,0.0
20190906:1810,0.86,1.28,20.13,3.03,0.0
20190906:1910,0.0,0.0,17.62,2.62,0.0
20190906:2010,0.0,0.0,17.1,2.28,0.0
20190906:2110,0.0,0.0,16.65,1.86,0.0
20190906:2210,0.0,0.0,16.4,2.0,0.0
20190906:2310,0.0,0.0,16.05,2.34,0.0
20190907:0010,0.0,0.0,15.49,2.41,0.0
20190907:0110,0.0,0.0,15.22,2.34,0.0
20190907:0210,0.0,0.0,14.69,2.21,0.0
20190907:0310,0.0,0.0,14.3,2.14,0.0
20190907:0410,0.0,0.0,13.74,2.07,0.0
20190907:0510,0.0,0.0,13.68,2.0,0.0
20190907:0610,86.95,8.34,13.82,1.86,0.0
20190907:0710,106.12,18.14,14.82,2.83,0.0
20190907:0810,226.92,27.51,15.65,2.69,0.0
20190907:0910,385.88,35.91,16.64,2.69,0.0
20190907:1010,322.74,42.58,17.47,2.83,0.0
20190907:1110,429.27,46.56,18.87,3.03,0.0
20190907:1210,893.88,47.03,19.4,3.31,0.0
20190907:1310,569.69,43.86,19.73,3.72,0.0
20190907:1410,357.69,37.76,19.61,4.07,0.0
20190907:1510,95.39,29.71,19.31,4.41,0.0
20190907:1610,225.34,20.52,18.59,4.62,0.0
20190907:1710,50.56,10.79,17.76,4.14,0.0
20190907:1810,0.0,0.0,16.86,4.07,0.0
20190907:1910,0.0,0.0,15.51,3.66,0.0
20190907:2010,0.0,0.0,14.76,3.31,0.0
20190907:2110,0.0,0.0,13.91,3.38,0.0
20190907:2210,0.0,0.0,13.31,3.31,0.0
20190907:2310,0.0,0.0,13.08,3.38,0.0
20190908:0010,0.0,0.0,12.53,3.1,0.0
20190908:0110,0.0,0.0,12.04,3.1,0.0
20190908:0210,0.0,0.0,11.44,3.1,0.0
20190908:0310,0.0,0.0,11.08,3.03,0.0
20190908:0410,0.0,0.0,10.75,2.97,0.0
20190908:0510,0.0,0.0,10.9,2.9,0.0
20190908:0610,53.85,8.11,10.96,2.69,0.0
20190908:0710,287.1,17.91,11.9,3.1,0.0
20190908:0810,555.39,27.26,13.57,3.66,0.0
20190908:0910,511.23,35.63,15.2,3.66,0.0
20190908:1010,615.31,42.26,16.14,3.52,0.0
20190908:1110,414.28,46.21,17.22,3.52,0.0
20190908:1210,520.32,46.65,18.15,3.66,0.0
20190908:1310,515.99,43.48,18.7,3.72,0.0
20190908:1410,401.67,37.39,18.93,3.93,0.0
20190908:1510,422.78,29.35,19.08,4.21,0.0
20190908:1610,392.56,20.18,18.55,4.41,0.0
20190908:1710,108.57,10.44,17.33,4.55,0.0
20190908:1810,0.0,0.0,16.09,4.0,0.0
20190908:1910,0.0,0.0,14.81,3.1,0.0
20190908:2010,0.0,0.0,13.78,2.48,0.0
20190908:2110,0.0,0.0,12.99,2.14,0.0
20190908:2210,0.0,0.0,12.38,2.0,0.0
20190908:2310,0.0,0.0,11.77,1.79,0.0
20190909:0010,0.0,0.0,11.0,1.79,0.0
20190909:0110,0.0,0.0,10.13,1.52,0.0
20190909:0210,0.0,0.0,9.79,1.17,0.0
20190909:0310,0.0,0.0,10.57,0.69,0.0
20190909:0410,0.0,0.0,10.14,0.28,0.0
20190909:0510,0.0,0.0,9.73,0.55,0.0
20190909:0610,64.13,7.89,9.43,0.55,0.0
20190909:0710,70.62,17.68,9.22,0.34,0.0
20190909:0810,392.42,27.02,11.57,0.69,0.0
20190909:0910,443.59,35.35,13.84,1.45,0.0
20190909:1010,490.58,41.95,15.62,1.79,0.0
20190909:1110,743.56,45.85,17.66,2.34,0.0
20190909:1210,645.13,46.26,19.15,3.1,0.0
20190909:1310,263.6,43.09,19.26,3.38,0.0
20190909:1410,280.02,37.02,18.22,3.52,0.0
20190909:1510,267.58,28.99,16.99,2.9,0.0
20190909:1610,84.38,19.83,16.5,1.45,0.0
20190909:1710,65.22,10.1,15.92,1.03,0.0
20190909:1810,0.0,0.0,15.18,1.86,0.0
20190909:1910,0.0,0.0,16.65,1.86,0.0
20190909:2010,0.0,0.0,15.69,1.93,0.0
20190909:2110,0.0,0.0,15.44,2.0,0.0
20190909:2210,0.0,0.0,14.73,2.0,0.0
20190909:2310,0.0,0.0,13.79,1.86,0.0
20190910:0010,0.0,0.0,13.06,1.52,0.0
20190910:0110,0.0,0.0,12.18,1.31,0.0
20190910:0210,0.0,0.0,11.41,1.38,0.0
20190910:0310,0.0,0.0,10.87,1.31,0.0
20190910:0410,0.0,0.0,11.43,1.03,0.0
20190910:0510,0.0,0.0,11.8,0.83,0.0
20190910:0610,82.62,7.67,9.34,1.45,0.0
20190910:0710,307.43,17.45,11.85,1.24,0.0
20190910:0810,541.5,26.77,15.43,1.79,0.0
20190910:0910,759.22,35.08,17.93,2.28,0.0
20190910:1010,922.12,41.63,19.69,2.21,0.0
20190910:1110,976.4,45.49,20.79,2.0,0.0
20190910:1210,829.3,45.88,21.71,1.79,0.0
20190910:1310,918.14,42.7,22.06,2.14,0.0
20190910:1410,678.84,36.64,21.94,2.55,0.0
20190910:1510,499.99,28.63,22.04,2.83,0.0
20190910:1610,359.9,19.48,21.78,2.83,0.0
20190910:1710,131.85,9.76,21.22,2.28,0.0
20190910:1810,0.0,0.0,19.91,2.0,0.0
20190910:1910,0.0,0.0,18.15,2.48,0.0
20190910:2010,0.0,0.0,16.68,2.76,0.0
20190910:2110,0.0,0.0,15.62,2.76,0.0
20190910:2210,0.0,0.0,14.67,2.41,0.0
20190910:2310,0.0,0.0,13.74,2.34,0.0
20190911:0010,0.0,0.0,13.03,2.21,0.0
20190911:0110,0.0,0.0,12.36,1.86,0.0
20190911:0210,0.0,0.0,11.74,2.0,0.0
20190911:0310,0.0,0.0,11.55,2.0,0.0
20190911:0410,0.0,0.0,11.81,1.52,0.0
20190911:0510,0.0,0.0,12.02,1.38,0.0
20190911:0610,33.07,7.44,12.33,1.52,0.0
20190911:0710,52.28,17.22,13.72,1.45,0.0
20190911:0810,157.01,26.52,15.83,1.86,0.0
20190911:0910,309.1,34.79,17.8,2.34,0.0
20190911:1010,821.46,41.31,19.39,3.03,0.0
20190911:1110,977.25,45.13,20.88,3.86,0.0
20190911:1210,998.22,45.49,22.58,4.55,0.0
20190911:1310,927.81,42.31,23.67,4.69,0.0
20190911:1410,741.87,36.26,24.19,4.48,0.0
20190911:1510,544.84,28.27,24.14,4.28,0.0
20190911:1610,351.62,19.13,23.5,4.21,0.0
20190911:1710,123.88,9.41,22.47,3.86,0.0
20190911:1810,0.0,0.0,21.23,3.38,0.0
20190911:1910,0.0,0.0,19.77,2.55,0.0
20190911:2010,0.0,0.0,18.74,2.55,0.0
20190911:2110,0.0,0.0,17.86,2.48,0.0
20190911:2210,0.0,0.0,17.31,2.48,0.0
20190911:2310,0.0,0.0,17.31,2.48,0.0
20190912:0010,0.0,0.0,17.21,2.69,0.0
20190912:0110,0.0,0.0,17.39,2.83,0.0
20190912:0210,0.0,0.0,17.45,2.83,0.0
20190912:0310,0.0,0.0,17.55,2.69,0.0
20190912:0410,0.0,0.0,17.55,2.48,0.0
20190912:0510,0.0,0.0,17.52,2.41,0.0
20190912:0610,58.45,7.22,17.64,2.41,0.0
20190912:0710,127.34,16.99,17.7,2.28,0.0
20190912:0810,207.36,26.27,18.58,2.55,0.0
20190912:0910,263.89,34.51,19.9,3.17,0.0
20190912:1010,259.74,40.98,21.49,2.97,0.0
20190912:1110,282.58,44.77,22.43,3.1,0.0
20190912:1210,208.85,45.1,22.98,2.97,0.0
20190912:1310,529.66,41.92,23.02,2.83,0.0
20190912:1410,127.49,35.88,23.31,2.69,0.0
20190912:1510,139.09,27.91,23.11,2.55,0.0
20190912:1610,108.47,18.77,22.9,2.28,0.0
20190912:1710,52.08,9.06,22.47,1.66,0.0
20190912:1810,0.0,0.0,21.94,0.97,0.0
20190912:1910,0.0,0.0,21.24,1.45,0.0
20190912:2010,0.0,0.0,20.56,1.52,0.0
20190912:2110,0.0,0.0,19.95,1.66,0.0
20190912:2210,0.0,0.0,18.96,1.79,0.0
20190912:2310,0.0,0.0,17.85,1.86,0.0
20190913:0010,0.0,0.0,16.9,1.79,0.0
20190913:0110,0.0,0.0,16.1,1.72,0.0
20190913:0210,0.0,0.0,15.32,1.52,0.0
20190913:0310,0.0,0.0,14.75,1.45,0.0
20190913:0410,0.0,0.0,14.22,1.59,0.0
20190913:0510,0.0,0.0,14.08,1.66,0.0
20190913:0610,38.94,6.99,14.2,1.52,0.0
20190913:0710,95.6,16.75,16.35,1.38,0.0
20190913:0810,123.49,26.01,17.45,1.93,0.0
20190913:0910,121.07,34.23,18.67,1.66,0.0
20190913:1010,163.26,40.66,20.55,1.38,0.0
20190913:1110,206.11,44.4,22.17,1.24,0.0
20190913:1210,414.29,44.72,23.06,1.31,0.0
20190913:1310,781.05,41.53,23.56,1.66,0.0
20190913:1410,759.81,35.5,23.73,2.07,0.0
20190913:1510,513.53,27.54,23.81,2.41,0.0
20190913:1610,234.88,18.42,23.52,2.69,0.0
20190913:1710,100.18,8.72,22.8,3.03,0.0
20190913:1810,0.0,0.0,21.94,3.1,0.0
20190913:1910,0.0,0.0,20.33,3.45,0.0
20190913:2010,0.0,0.0,19.38,3.1,0.0
20190913:2110,0.0,0.0,18.59,2.76,0.0
20190913:2210,0.0,0.0,18.03,2.62,0.0
20190913:2310,0.0,0.0,18.05,2.97,0.0
20190914:0010,0.0,0.0,17.98,3.38,0.0
20190914:0110,0.0,0.0,17.88,3.52,0.0
20190914:0210,0.0,0.0,17.43,3.17,0.0
20190914:0310,0.0,0.0,17.01,2.76,0.0
20190914:0410,0.0,0.0,16.98,2.62,0.0
20190914:0510,0.0,0.0,16.71,2.83,0.0
20190914:0610,71.91,6.77,16.61,3.03,0.0
20190914:0710,265.41,16.52,16.89,2.69,0.0
20190914:0810,454.69,25.76,18.0,3.1,0.0
20190914:0910,649.65,33.94,18.91,3.1,0.0
20190914:1010,865.22,40.33,20.1,3.1,0.0
20190914:1110,988.48,44.03,21.43,3.17,0.0
20190914:1210,962.38,44.33,23.33,3.17,0.0
20190914:1310,906.55,41.14,24.75,3.03,0.0
20190914:1410,769.66,35.12,25.92,2.76,0.0
20190914:1510,570.47,27.18,26.76,2.28,0.0
20190914:1610,335.58,18.07,26.74,2.41,0.0
20190914:1710,107.99,8.37,26.06,2.07,0.0
20190914:1810,0.0,0.0,24.14,2.48,0.0
20190914:1910,0.0,0.0,21.93,2.76,0.0
20190914:2010,0.0,0.0,20.69,2.9,0.0
20190914:2110,0.0,0.0,19.62,2.76,0.0
20190914:2210,0.0,0.0,18.67,2.55,0.0
20190914:2310,0.0,0.0,17.79,2.34,0.0
20190915:0010,0.0,0.0,16.99,2.07,0.0
20190915:0110,0.0,0.0,16.1,1.86,0.0
20190915:0210,0.0,0.0,15.19,1.72,0.0
20190915:0310,0.0,0.0,14.35,1.66,0.0
20190915:0410,0.0,0.0,13.68,1.66,0.0
20190915:0510,0.0,0.0,13.13,1.66,0.0
20190915:0610,73.67,6.54,12.9,1.66,0.0
20190915:0710,299.76,16.28,15.09,1.24,0.0
20190915:0810,533.07,25.5,18.52,1.17,0.0
20190915:0910,744.92,33.66,21.56,1.31,0.0
20190915:1010,899.06,40.0,23.76,1.79,0.0
20190915:1110,984.43,43.67,25.13,1.59,0.0
20190915:1210,975.72,43.93,26.22,1.66,0.0
20190915:1310,912.67,40.74,27.02,2.07,0.0
20190915:1410,779.95,34.74,27.38,2.21,0.0
20190915:1510,573.84,26.81,27.38,1.79,0.0
20190915:1610,336.64,17.71,27.06,1.79,0.0
20190915:1710,109.59,8.01,26.16,2.14,0.0
20190915:1810,0.0,0.0,24.04,2.55,0.0
20190915:1910,0.0,0.0,22.2,2.48,0.0
20190915:2010,0.0,0.0,20.72,2.41,0.0
20190915:2110,0.0,0.0,19.31,2.55,0.0
20190915:2210,0.0,0.0,18.08,2.55,0.0
20190915:2310,0.0,0.0,17.02,2.48,0.0
20190916:0010,0.0,0.0,16.03,2.28,0.0
20190916:0110,0.0,0.0,15.05,1.93,0.0
20190916:0210,0.0,0.0,13.93,1.66,0.0
20190916:0310,0.0,0.0,13.03,1.59,0.0
20190916:0410,0.0,0.0,12.65,1.52,0.0
20190916:0510,0.0,0.0,12.04,1.72,0.0
20190916:0610,52.37,6.31,11.98,1.79,0.0
20190916:0710,295.33,16.05,14.06,1.86,0.0
20190916:0810,533.02,25.25,17.14,1.52,0.0
20190916:0910,741.71,33.37,20.05,1.24,0.0
20190916:1010,896.28,39.67,22.44,1.59,0.0
20190916:1110,973.48,43.3,24.33,2.28,0.0
20190916:1210,926.99,43.54,25.64,2.48,0.0
20190916:1310,748.72,40.35,26.55,2.28,0.0
20190916:1410,636.02,34.36,26.98,2.9,0.0
20190916:1510,476.79,26.44,26.61,3.17,0.0
20190916:1610,265.13,17.35,25.79,3.59,0.0
20190916:1710,84.49,7.66,24.56,3.31,0.0
20190916:1810,0.0,0.0,22.84,2.9,0.0
20190916:1910,0.0,0.0,21.55,3.31,0.0
20190916:2010,0.0,0.0,20.23,3.52,0.0
20190916:2110,0.0,0.0,19.0,3.1,0.0
20190916:2210,0.0,0.0,18.14,2.62,0.0
20190916:2310,0.0,0.0,17.33,2.28,0.0
20190917:0010,0.0,0.0,16.76,2.14,0.0
20190917:0110,0.0,0.0,16.28,2.07,0.0
20190917:0210,0.0,0.0,15.99,2.0,0.0
20190917:0310,0.0,0.0,15.82,2.07,0.0
20190917:0410,0.0,0.0,15.76,2.21,0.0
20190917:0510,0.0,0.0,15.92,2.21,0.0
20190917:0610,36.18,6.08,16.01,2.14,0.0
20190917:0710,140.51,15.81,16.78,2.76,0.0
20190917:0810,192.58,24.99,17.49,3.1,0.0
20190917:0910,94.47,33.08,18.89,3.31,0.0
20190917:1010,230.92,39.34,20.55,3.38,0.0
20190917:1110,813.43,42.93,21.8,3.17,0.0
20190917:1210,515.38,43.15,22.44,3.17,0.0
20190917:1310,777.01,39.95,22.98,3.59,0.0
20190917:1410,750.37,33.97,23.11,3.93,0.0
20190917:1510,551.78,26.07,22.63,3.93,0.0
20190917:1610,315.1,16.99,22.21,3.86,0.0
20190917:1710,93.52,7.31,21.54,3.86,0.0
20190917:1810,0.0,0.0,20.25,3.45,0.0
20190917:1910,0.0,0.0,18.5,3.93,0.0
20190917:2010,0.0,0.0,17.38,4.62,0.0
20190917:2110,0.0,0.0,16.14,5.03,0.0
20190917:2210,0.0,0.0,15.0,4.83,0.0
20190917:2310,0.0,0.0,14.12,4.55,0.0
20190918:0010,0.0,0.0,13.46,4.28,0.0
20190918:0110,0.0,0.0,12.82,4.21,0.0
20190918:0210,0.0,0.0,12.32,4.14,0.0
20190918:0310,0.0,0.0,11.85,4.0,0.0
20190918:0410,0.0,0.0,11.44,3.93,0.0
20190918:0510,0.0,0.0,11.06,3.86,0.0
20190918:0610,69.17,5.85,10.87,4.0,0.0
20190918:0710,298.48,15.57,11.55,4.07,0.0
20190918:0810,0.0,0.0,13.12,5.03,0.0
20190918:0910,730.19,32.78,14.85,5.24,0.0
20190918:1010,881.4,39.01,16.5,5.38,0.0
20190918:1110,964.17,42.56,17.85,5.45,0.0
20190918:1210,968.75,42.75,18.96,5.59,0.0
20190918:1310,927.87,39.56,19.73,5.72,0.0
20190918:1410,758.61,33.59,20.12,5.66,0.0
20190918:1510,558.29,25.7,20.14,5.59,0.0
20190918:1610,321.35,16.63,19.62,5.59,0.0
20190918:1710,92.48,6.96,18.71,5.24,0.0
20190918:1810,0.0,0.0,17.31,4.76,0.0
20190918:1910,0.0,0.0,16.38,4.9,0.0
20190918:2010,0.0,0.0,15.52,4.9,0.0
20190918:2110,0.0,0.0,14.8,4.55,0.0
20190918:2210,0.0,0.0,14.13,4.28,0.0
20190918:2310,0.0,0.0,13.53,4.21,0.0
20190919:0010,0.0,0.0,12.98,4.21,0.0
20190919:0110,0.0,0.0,12.52,4.0,0.0
20190919:0210,0.0,0.0,12.05,3.86,0.0
20190919:0310,0.0,0.0,11.59,3.79,0.0
20190919:0410,0.0,0.0,11.18,3.72,0.0
20190919:0510,0.0,0.0,10.81,3.66,0.0
20190919:0610,58.51,5.62,10.59,3.66,0.0
20190919:0710,293.17,15.33,11.48,3.79,0.0
20190919:0810,523.28,24.47,13.29,4.69,0.0
20190919:0910,739.67,32.49,15.23,4.97,0.0
20190919:1010,887.34,38.68,16.95,5.38,0.0
20190919:1110,970.17,42.18,18.21,5.45,0.0
20190919:1210,952.36,42.36,19.25,5.45,0.0
20190919:1310,894.66,39.16,20.07,5.31,0.0
20190919:1410,760.86,33.2,20.59,5.24,0.0
20190919:1510,554.42,25.33,20.69,5.45,0.0
20190919:1610,316.72,16.27,20.31,5.59,0.0
20190919:1710,35.21,6.6,19.44,4.9,0.0
20190919:1810,0.0,0.0,17.94,4.41,0.0
20190919:1910,0.0,0.0,16.63,4.34,0.0
20190919:2010,0.0,0.0,15.69,4.48,0.0
20190919:2110,0.0,0.0,14.89,4.28,0.0
20190919:2210,0.0,0.0,14.17,3.86,0.0
20190919:2310,0.0,0.0,13.49,3.59,0.0
20190920:0010,0.0,0.0,12.86,3.45,0.0
20190920:0110,0.0,0.0,12.23,3.52,0.0
20190920:0210,0.0,0.0,11.75,3.38,0.0
20190920:0310,0.0,0.0,11.28,3.31,0.0
20190920:0410,0.0,0.0,10.83,3.24,0.0
20190920:0510,0.0,0.0,10.44,3.24,0.0
20190920:0610,59.11,5.39,10.25,3.31,0.0
20190920:0710,295.83,15.09,11.6,3.38,0.0
20190920:0810,521.82,24.2,13.76,4.41,0.0
20190920:0910,738.57,32.19,16.01,4.97,0.0
20190920:1010,884.17,38.34,18.13,5.24,0.0
20190920:1110,942.64,41.81,20.02,5.31,0.0
20190920:1210,955.11,41.96,21.58,5.31,0.0
20190920:1310,896.23,38.76,22.73,5.24,0.0
20190920:1410,756.77,32.82,23.48,5.17,0.0
20190920:1510,554.29,24.96,23.69,5.1,0.0
20190920:1610,310.43,15.91,23.43,5.03,0.0
20190920:1710,33.49,6.25,22.34,4.0,0.0
20190920:1810,0.0,0.0,20.38,3.79,0.0
20190920:1910,0.0,0.0,19.51,4.21,0.0
20190920:2010,0.0,0.0,18.6,4.41,0.0
20190920:2110,0.0,0.0,17.84,4.48,0.0
20190920:2210,0.0,0.0,17.14,4.34,0.0
20190920:2310,0.0,0.0,16.42,4.07,0.0
20190921:0010,0.0,0.0,15.73,3.79,0.0
20190921:0110,0.0,0.0,15.19,3.59,0.0
20190921:0210,0.0,0.0,14.71,3.45,0.0
20190921:0310,0.0,0.0,14.33,3.38,0.0
20190921:0410,0.0,0.0,14.02,3.24,0.0
20190921:0510,0.0,0.0,13.75,3.17,0.0
20190921:0610,27.48,5.16,13.6,2.97,0.0
20190921:0710,279.01,14.85,14.61,2.34,0.0
20190921:0810,511.39,23.94,17.78,2.62,0.0
20190921:0910,721.29,31.9,20.97,2.97,0.0
20190921:1010,864.46,38.0,23.49,3.24,0.0
20190921:1110,953.49,41.44,25.35,3.52,0.0
20190921:1210,942.16,41.57,26.67,3.93,0.0
20190921:1310,888.82,38.36,27.55,4.28,0.0
20190921:1410,742.37,32.43,28.05,4.48,0.0
20190921:1510,536.74,24.58,28.24,4.55,0.0
20190921:1610,298.81,15.55,28.03,4.34,0.0
20190921:1710,30.06,5.89,27.17,3.24,0.0
20190921:1810,0.0,0.0,25.0,2.83,0.0
20190921:1910,0.0,0.0,23.87,2.9,0.0
20190921:2010,0.0,0.0,22.98,3.03,0.0
20190921:2110,0.0,0.0,22.49,3.45,0.0
20190921:2210,0.0,0.0,22.66,4.21,0.0
20190921:2310,0.0,0.0,22.54,4.28,0.0
20190922:0010,0.0,0.0,21.88,4.0,0.0
20190922:0110,0.0,0.0,21.38,3.72,0.0
20190922:0210,0.0,0.0,20.94,3.31,0.0
20190922:0310,0.0,0.0,20.43,3.17,0.0
20190922:0410,0.0,0.0,20.13,3.45,0.0
20190922:0510,0.0,0.0,20.02,3.66,0.0
20190922:0610,25.76,4.92,20.01,3.79,0.0
20190922:0710,163.94,14.6,19.78,3.52,0.0
20190922:0810,305.54,23.67,20.69,3.86,0.0
20190922:0910,82.55,31.6,22.37,5.1,0.0
20190922:1010,114.65,37.67,22.53,6.21,0.0
20190922:1110,53.2,41.06,21.07,5.38,0.0
20190922:1210,146.75,41.17,18.92,4.69,0.0
20190922:1310,93.55,37.97,18.06,4.28,0.0
20190922:1410,54.11,32.04,17.46,3.24,0.0
20190922:1510,59.62,24.21,17.21,3.03,0.0
20190922:1610,38.52,15.19,17.29,3.17,0.0
20190922:1710,18.03,5.54,17.51,3.24,0.0
20190922:1810,0.0,0.0,16.97,3.24,0.0
20190922:1910,0.0,0.0,16.37,3.38,0.0
20190922:2010,0.0,0.0,16.47,3.24,0.0
20190922:2110,0.0,0.0,16.03,3.38,0.0
20190922:2210,0.0,0.0,15.47,3.59,0.0
20190922:2310,0.0,0.0,14.86,3.79,0.0
20190923:0010,0.0,0.0,14.31,3.86,0.0
20190923:0110,0.0,0.0,14.01,3.86,0.0
20190923:0210,0.0,0.0,13.83,3.86,0.0
20190923:0310,0.0,0.0,14.17,3.93,0.0
20190923:0410,0.0,0.0,14.56,3.79,0.0
20190923:0510,0.0,0.0,14.73,3.59,0.0
20190923:0610,24.9,4.69,14.57,3.38,0.0
20190923:0710,261.54,14.36,14.6,2.41,0.0
20190923:0810,492.46,23.41,15.77,3.38,0.0
20190923:0910,684.9,31.3,17.27,3.72,0.0
20190923:1010,843.54,37.33,18.52,3.52,0.0
20190923:1110,898.69,40.69,19.8,4.07,0.0
20190923:1210,813.21,40.77,20.61,4.62,0.0
20190923:1310,553.5,37.57,21.27,4.55,0.0
20190923:1410,433.42,31.66,20.95,4.0,0.0
20190923:1510,197.28,23.84,20.69,3.66,0.0
20190923:1610,241.22,14.83,20.61,3.72,0.0
20190923:1710,6.01,5.19,19.89,3.24,0.0
20190923:1810,0.0,0.0,19.2,3.24,0.0
20190923:1910,0.0,0.0,17.83,3.1,0.0
20190923:2010,0.0,0.0,17.08,3.59,0.0
20190923:2110,0.0,0.0,16.63,3.59,0.0
20190923:2210,0.0,0.0,16.29,3.45,0.0
20190923:2310,0.0,0.0,15.96,3.31,0.0
20190924:0010,0.0,0.0,15.54,3.38,0.0
20190924:0110,0.0,0.0,15.51,3.31,0.0
20190924:0210,0.0,0.0,15.69,3.59,0.0
20190924:0310,0.0,0.0,15.72,3.66,0.0
20190924:0410,0.0,0.0,15.56,3.52,0.0
20190924:0510,0.0,0.0,15.39,3.59,0.0
20190924:0610,5.15,4.45,15.18,4.21,0.0
20190924:0710,21.1,14.11,16.0,4.9,0.0
20190924:0810,52.28,23.14,16.47,4.34,0.0
20190924:0910,77.96,31.0,17.25,6.55,0.0
20190924:1010,51.36,36.99,18.2,6.97,0.0
20190924:1110,80.71,40.31,18.22,5.72,0.0
20190924:1210,52.28,40.38,17.97,5.59,0.0
20190924:1310,74.29,37.17,17.59,5.86,0.0
20190924:1410,185.68,31.27,18.34,4.76,0.0
20190924:1510,296.18,23.47,19.12,4.69,0.0
20190924:1610,31.18,14.47,19.49,4.07,0.0
20190924:1710,21.47,4.83,17.79,4.34,0.0
20190924:1810,0.0,0.0,17.0,3.59,0.0
20190924:1910,0.0,0.0,16.97,3.52,0.0
20190924:2010,0.0,0.0,16.44,3.45,0.0
20190924:2110,0.0,0.0,15.62,3.24,0.0
20190924:2210,0.0,0.0,15.33,3.72,0.0
20190924:2310,0.0,0.0,15.03,4.21,0.0
20190925:0010,0.0,0.0,14.68,4.28,0.0
20190925:0110,0.0,0.0,14.53,4.34,0.0
20190925:0210,0.0,0.0,14.28,4.48,0.0
20190925:0310,0.0,0.0,14.18,4.48,0.0
20190925:0410,0.0,0.0,13.88,4.34,0.0
20190925:0510,0.0,0.0,13.74,4.48,0.0
20190925:0610,17.17,4.22,13.68,4.41,0.0
20190925:0710,20.18,13.86,14.37,4.62,0.0
20190925:0810,31.18,22.87,14.42,5.1,0.0
20190925:0910,121.98,30.7,14.57,5.31,0.0
20190925:1010,227.74,36.65,15.62,5.66,0.0
20190925:1110,198.91,39.93,16.53,5.1,0.0
20190925:1210,275.12,39.98,18.25,5.31,0.0
20190925:1310,177.81,36.77,19.67,5.38,0.0
20190925:1410,187.52,30.88,20.26,5.59,0.0
20190925:1510,141.77,23.09,20.01,4.97,0.0
20190925:1610,161.69,14.11,19.79,4.34,0.0
20190925:1710,22.33,4.48,19.13,3.86,0.0
20190925:1810,0.0,0.0,17.89,3.59,0.0
20190925:1910,0.0,0.0,16.64,3.31,0.0
20190925:2010,0.0,0.0,16.31,3.24,0.0
20190925:2110,0.0,0.0,16.01,3.38,0.0
20190925:2210,0.0,0.0,15.92,3.59,0.0
20190925:2310,0.0,0.0,15.95,3.59,0.0
20190926:0010,0.0,0.0,16.07,3.59,0.0
20190926:0110,0.0,0.0,16.12,3.66,0.0
20190926:0210,0.0,0.0,16.15,3.86,0.0
20190926:0310,0.0,0.0,16.06,3.93,0.0
20190926:0410,0.0,0.0,16.09,3.86,0.0
20190926:0510,0.0,0.0,16.21,4.0,0.0
20190926:0610,8.59,3.98,16.4,4.14,0.0
20190926:0710,27.52,13.62,16.73,4.76,0.0
20190926:0810,83.46,22.6,17.34,5.38,0.0
20190926:0910,121.07,30.39,17.96,6.14,0.0
20190926:1010,232.33,36.3,18.39,6.28,0.0
20190926:1110,328.14,39.56,19.02,5.79,0.0
20190926:1210,134.83,39.58,20.21,6.21,0.0
20190926:1310,166.93,36.37,20.75,6.41,0.0
20190926:1410,124.74,30.49,20.58,5.59,0.0
20190926:1510,129.12,22.72,20.33,5.31,0.0
20190926:1610,47.69,13.75,19.77,6.14,0.0
20190926:1710,18.03,4.12,19.18,6.21,0.0
20190926:1810,0.0,0.0,19.08,6.21,0.0
20190926:1910,0.0,0.0,18.86,6.21,0.0
20190926:2010,0.0,0.0,18.52,6.28,0.0
20190926:2110,0.0,0.0,18.18,6.07,0.0
20190926:2210,0.0,0.0,17.6,5.79,0.0
20190926:2310,0.0,0.0,17.19,5.45,0.0
20190927:0010,0.0,0.0,16.76,5.24,0.0
20190927:0110,0.0,0.0,16.59,4.55,0.0
20190927:0210,0.0,0.0,16.15,4.34,0.0
20190927:0310,0.0,0.0,15.54,3.79,0.0
20190927:0410,0.0,0.0,15.19,3.59,0.0
20190927:0510,0.0,0.0,14.76,3.66,0.0
20190927:0610,8.59,3.74,14.29,3.66,0.0
20190927:0710,123.81,13.37,14.84,3.31,0.0
20190927:0810,311.7,22.33,16.06,3.79,0.0
20190927:0910,296.3,30.09,17.45,5.31,0.0
20190927:1010,244.43,35.96,18.29,5.52,0.0
20190927:1110,565.91,39.18,19.26,6.0,0.0
20190927:1210,545.7,39.18,19.89,6.48,0.0
20190927:1310,116.48,35.98,20.3,6.76,0.0
20190927:1410,649.58,30.11,20.42,6.62,0.0
20190927:1510,122.8,22.35,20.38,6.55,0.0
20190927:1610,133.27,13.39,19.76,5.66,0.0
20190927:1710,19.75,3.77,18.96,5.45,0.0
20190927:1810,0.0,0.0,18.24,5.03,0.0
20190927:1910,0.0,0.0,16.91,4.83,0.0
20190927:2010,0.0,0.0,16.69,5.03,0.0
20190927:2110,0.0,0.0,16.17,4.97,0.0
20190927:2210,0.0,0.0,15.7,4.97,0.0
20190927:2310,0.0,0.0,15.37,5.1,0.0
20190928:0010,0.0,0.0,14.9,4.97,0.0
20190928:0110,0.0,0.0,14.53,4.76,0.0
20190928:0210,0.0,0.0,14.13,4.48,0.0
20190928:0310,0.0,0.0,14.0,4.48,0.0
20190928:0410,0.0,0.0,13.74,4.41,0.0
20190928:0510,0.0,0.0,13.78,4.55,0.0
20190928:0610,14.6,3.51,13.76,4.62,0.0
20190928:0710,248.61,13.12,14.54,4.0,0.0
20190928:0810,241.17,22.05,15.34,6.07,0.0
20190928:0910,184.16,29.78,16.45,6.41,0.0
20190928:1010,569.51,35.62,17.34,6.41,0.0
20190928:1110,460.0,38.8,18.19,6.21,0.0
20190928:1210,242.74,38.79,18.91,6.21,0.0
20190928:1310,373.38,35.58,19.23,5.93,0.0
20190928:1410,380.88,29.72,19.23,6.21,0.0
20190928:1510,363.38,21.98,19.45,6.0,0.0
20190928:1610,138.18,13.03,19.25,5.03,0.0
20190928:1710,14.6,3.42,18.44,4.21,0.0
20190928:1810,0.0,0.0,17.48,3.72,0.0
20190928:1910,0.0,0.0,16.99,3.38,0.0
20190928:2010,0.0,0.0,16.58,3.59,0.0
20190928:2110,0.0,0.0,15.87,3.79,0.0
20190928:2210,0.0,0.0,15.7,4.21,0.0
20190928:2310,0.0,0.0,15.43,4.48,0.0
20190929:0010,0.0,0.0,15.06,4.55,0.0
20190929:0110,0.0,0.0,14.46,4.83,0.0
20190929:0210,0.0,0.0,14.12,5.17,0.0
20190929:0310,0.0,0.0,14.02,5.38,0.0
20190929:0410,0.0,0.0,14.21,5.72,0.0
20190929:0510,0.0,0.0,14.2,5.86,0.0
20190929:0610,7.73,3.27,14.15,6.07,0.0
20190929:0710,82.06,12.86,15.12,6.21,0.0
20190929:0810,26.6,21.78,15.79,6.34,0.0
20190929:0910,46.78,29.48,16.53,6.0,0.0
20190929:1010,108.23,35.27,17.18,6.69,0.0
20190929:1110,135.74,38.42,18.36,8.07,0.0
20190929:1210,98.14,38.39,19.2,9.38,0.0
20190929:1310,177.87,35.18,19.34,8.41,0.0
20190929:1410,519.97,29.34,20.29,9.24,0.0
20190929:1510,139.52,21.61,20.46,7.24,0.0
20190929:1610,97.41,12.68,19.99,8.07,0.0
20190929:1710,13.74,3.07,19.09,8.14,0.0
20190929:1810,0.0,0.0,18.14,7.52,0.0
20190929:1910,0.0,0.0,17.37,7.59,0.0
20190929:2010,0.0,0.0,16.52,6.97,0.0
20190929:2110,0.0,0.0,15.81,6.41,0.0
20190929:2210,0.0,0.0,15.47,5.86,0.0
20190929:2310,0.0,0.0,15.11,5.31,0.0
20190930:0010,0.0,0.0,14.95,4.97,0.0
20190930:0110,0.0,0.0,14.87,4.69,0.0
20190930:0210,0.0,0.0,14.6,4.41,0.0
20190930:0310,0.0,0.0,14.23,4.0,0.0
20190930:0410,0.0,0.0,14.13,3.66,0.0
20190930:0510,0.0,0.0,13.89,3.38,0.0
20190930:0610,11.16,3.03,13.45,3.17,0.0
20190930:0710,202.81,12.61,14.13,3.03,0.0
20190930:0810,409.21,21.5,14.84,4.55,0.0
20190930:0910,494.28,29.17,15.69,4.14,0.0
20190930:1010,742.94,34.93,16.38,3.66,0.0
20190930:1110,395.19,38.05,16.92,3.86,0.0
20190930:1210,503.86,37.99,17.47,4.07,0.0
20190930:1310,635.63,34.79,18.39,4.21,0.0
20190930:1410,376.69,28.95,19.38,4.21,0.0
20190930:1510,250.45,21.24,19.71,3.93,0.0
20190930:1610,234.14,12.32,19.59,3.79,0.0
20190930:1710,10.3,2.72,18.71,3.31,0.0
20190930:1810,0.0,0.0,17.57,3.31,0.0
20190930:1910,0.0,0.0,16.44,3.79,0.0
20190930:2010,0.0,0.0,16.16,3.79,0.0
20190930:2110,0.0,0.0,16.17,4.34,0.0
20190930:2210,0.0,0.0,16.28,4.62,0.0
20190930:2310,0.0,0.0,16.41,4.83,0.0
20191001:0010,0.0,0.0,16.77,4.9,0.0
20191001:0110,0.0,0.0,16.93,4.97,0.0
20191001:0210,0.0,0.0,16.9,5.03,0.0
20191001:0310,0.0,0.0,16.8,4.9,0.0
20191001:0410,0.0,0.0,17.11,5.03,0.0
20191001:0510,0.0,0.0,17.28,5.31,0.0
20191001:0610,1.72,2.79,17.3,5.45,0.0
20191001:0710,35.77,12.36,17.47,5.52,0.0
20191001:0810,79.79,21.23,17.46,5.31,0.0
20191001:0910,53.2,28.86,18.01,6.69,0.0
20191001:1010,237.79,34.58,17.54,6.69,0.0
20191001:1110,759.61,37.67,18.41,4.76,0.0
20191001:1210,420.72,37.6,18.52,5.03,0.0
20191001:1310,677.73,34.39,19.42,5.38,0.0
20191001:1410,362.94,28.57,19.85,6.0,0.0
20191001:1510,315.22,20.87,19.84,5.59,0.0
20191001:1610,110.78,11.97,18.81,5.38,0.0
20191001:1710,8.59,2.37,17.62,4.76,0.0
20191001:1810,0.0,0.0,16.7,5.03,0.0
20191001:1910,0.0,0.0,16.35,4.21,0.0
20191001:2010,0.0,0.0,15.59,4.34,0.0
20191001:2110,0.0,0.0,14.98,4.28,0.0
20191001:2210,0.0,0.0,14.59,4.14,0.0
20191001:2310,0.0,0.0,14.56,4.21,0.0
20191002:0010,0.0,0.0,14.34,4.41,0.0
20191002:0110,0.0,0.0,14.54,4.21,0.0
20191002:0210,0.0,0.0,14.2,3.72,0.0
20191002:0310,0.0,0.0,13.95,3.66,0.0
20191002:0410,0.0,0.0,13.98,4.14,0.0
20191002:0510,0.0,0.0,13.58,5.03,0.0
20191002:0610,5.15,2.54,13.04,5.17,0.0
20191002:0710,280.29,12.1,13.0,4.41,0.0
20191002:0810,534.01,20.95,13.23,4.69,0.0
20191002:0910,346.37,28.55,13.85,4.76,0.0
20191002:1010,230.55,34.24,14.66,4.62,0.0
20191002:1110,837.58,37.29,15.29,4.55,0.0
20191002:1210,962.31,37.2,15.61,4.9,0.0
20191002:1310,676.7,34.0,15.03,4.62,0.0
20191002:1410,752.57,28.19,15.23,4.48,0.0
20191002:1510,377.36,20.51,15.09,4.48,0.0
20191002:1610,266.81,11.61,14.56,4.48,0.0
20191002:1710,6.87,2.03,13.66,3.79,0.0
20191002:1810,0.0,0.0,12.57,3.38,0.0
20191002:1910,0.0,0.0,11.48,3.45,0.0
20191002:2010,0.0,0.0,10.91,2.76,0.0
20191002:2110,0.0,0.0,10.18,2.0,0.0
20191002:2210,0.0,0.0,9.25,1.59,0.0
20191002:2310,0.0,0.0,8.17,1.31,0.0
20191003:0010,0.0,0.0,8.43,0.97,0.0
20191003:0110,0.0,0.0,7.81,1.03,0.0
20191003:0210,0.0,0.0,6.49,1.17,0.0
20191003:0310,0.0,0.0,5.64,1.38,0.0
20191003:0410,0.0,0.0,5.84,1.17,0.0
20191003:0510,0.0,0.0,6.41,0.97,0.0
20191003:0610,1.72,2.3,6.39,0.83,0.0
20191003:0710,92.43,11.85,6.06,0.41,0.0
20191003:0810,283.63,20.67,8.22,0.21,0.0
20191003:0910,707.78,28.24,10.26,0.69,0.0
20191003:1010,920.65,33.89,11.46,1.1,0.0
20191003:1110,575.11,36.91,12.01,1.45,0.0
20191003:1210,759.29,36.81,12.49,2.07,0.0
20191003:1310,66.04,33.6,12.7,2.14,0.0
20191003:1410,305.27,27.81,12.84,2.0,0.0
20191003:1510,257.31,20.14,13.09,1.93,0.0
20191003:1610,265.24,11.26,13.13,2.07,0.0
20191003:1710,2.58,1.68,12.35,1.72,0.0
20191003:1810,0.0,0.0,10.95,2.07,0.0
20191003:1910,0.0,0.0,10.27,2.28,0.0
20191003:2010,0.0,0.0,10.48,2.28,0.0
20191003:2110,0.0,0.0,10.6,2.9,0.0
20191003:2210,0.0,0.0,11.26,3.17,0.0
20191003:2310,0.0,0.0,11.83,3.66,0.0
20191004:0010,0.0,0.0,12.2,3.93,0.0
20191004:0110,0.0,0.0,11.96,4.21,0.0
20191004:0210,0.0,0.0,12.2,4.62,0.0
20191004:0310,0.0,0.0,12.37,4.76,0.0
20191004:0410,0.0,0.0,13.09,4.62,0.0
20191004:0510,0.0,0.0,13.81,4.48,0.0
20191004:0610,5.15,2.06,14.09,4.83,0.0
20191004:0710,203.22,11.59,13.9,4.76,0.0
20191004:0810,486.68,20.39,14.21,4.34,0.0
20191004:0910,572.63,27.93,14.98,6.48,0.0
20191004:1010,676.8,33.55,15.74,6.48,0.0
20191004:1110,343.49,36.54,16.35,6.34,0.0
20191004:1210,347.4,36.42,16.86,6.69,0.0
20191004:1310,132.07,33.21,17.04,6.48,0.0
20191004:1410,124.74,27.43,16.76,4.21,0.0
20191004:1510,90.8,19.78,15.83,4.41,0.0
20191004:1610,35.77,10.91,16.02,4.69,0.0
20191004:1710,0.86,1.34,15.43,4.55,0.0
20191004:1810,0.0,0.0,14.74,4.48,0.0
20191004:1910,0.0,0.0,14.28,4.0,0.0
20191004:2010,0.0,0.0,14.15,3.66,0.0
20191004:2110,0.0,0.0,14.12,3.72,0.0
20191004:2210,0.0,0.0,14.09,3.52,0.0
20191004:2310,0.0,0.0,14.14,3.31,0.0
20191005:0010,0.0,0.0,14.24,3.31,0.0
20191005:0110,0.0,0.0,14.28,3.17,0.0
20191005:0210,0.0,0.0,14.13,2.9,0.0
20191005:0310,0.0,0.0,14.05,2.55,0.0
20191005:0410,0.0,0.0,13.94,2.21,0.0
20191005:0510,0.0,0.0,13.77,1.93,0.0
20191005:0610,0.86,1.82,13.61,1.79,0.0
20191005:0710,70.15,11.34,13.51,1.24,0.0
20191005:0810,90.8,20.11,14.23,1.17,0.0
20191005:0910,121.98,27.62,14.87,1.31,0.0
20191005:1010,115.56,33.2,15.43,1.38,0.0
20191005:1110,132.07,36.16,15.8,1.66,0.0
20191005:1210,283.66,36.03,16.1,1.59,0.0
20191005:1310,406.25,32.82,17.18,1.93,0.0
20191005:1410,252.31,27.05,16.87,1.93,0.0
20191005:1510,172.05,19.42,16.25,2.07,0.0
20191005:1610,134.53,10.56,16.42,1.72,0.0
20191005:1710,0.0,0.0,15.82,1.45,0.0
20191005:1810,0.0,0.0,15.3,1.52,0.0
20191005:1910,0.0,0.0,15.02,1.66,0.0
20191005:2010,0.0,0.0,14.76,1.52,0.0
20191005:2110,0.0,0.0,14.51,1.66,0.0
20191005:2210,0.0,0.0,14.29,2.07,0.0
20191005:2310,0.0,0.0,14.31,2.28,0.0
20191006:0010,0.0,0.0,14.33,2.14,0.0
20191006:0110,0.0,0.0,14.28,2.07,0.0
20191006:0210,0.0,0.0,14.05,2.28,0.0
20191006:0310,0.0,0.0,13.68,2.41,0.0
20191006:0410,0.0,0.0,13.49,2.69,0.0
20191006:0510,0.0,0.0,13.25,2.9,0.0
20191006:0610,1.72,1.57,13.2,3.17,0.0
20191006:0710,69.45,11.08,13.19,3.38,0.0
20191006:0810,87.13,19.83,14.03,3.72,0.0
20191006:0910,193.13,27.31,14.47,4.9,0.0
20191006:1010,444.0,32.85,14.61,4.83,0.0
20191006:1110,454.2,35.78,15.22,4.55,0.0
20191006:1210,830.71,35.63,16.46,5.24,0.0
20191006:1310,457.15,32.43,16.96,5.86,0.0
20191006:1410,702.31,26.68,17.19,6.41,0.0
20191006:1510,124.1,19.06,16.61,5.66,0.0
20191006:1610,146.23,10.21,16.11,5.17,0.0
20191006:1710,0.0,0.0,14.87,4.9,0.0
20191006:1810,0.0,0.0,13.93,4.48,0.0
20191006:1910,0.0,0.0,13.56,4.97,0.0
20191006:2010,0.0,0.0,13.23,4.83,0.0
20191006:2110,0.0,0.0,13.02,4.69,0.0
20191006:2210,0.0,0.0,12.78,4.48,0.0
20191006:2310,0.0,0.0,12.82,4.41,0.0
20191007:0010,0.0,0.0,12.77,4.28,0.0
20191007:0110,0.0,0.0,12.55,4.0,0.0
20191007:0210,0.0,0.0,12.6,3.93,0.0
20191007:0310,0.0,0.0,12.84,3.59,0.0
20191007:0410,0.0,0.0,12.74,3.1,0.0
20191007:0510,0.0,0.0,12.75,2.69,0.0
20191007:0610,0.86,1.33,12.54,2.62,0.0
20191007:0710,32.1,10.82,12.31,2.83,0.0
20191007:0810,122.11,19.55,13.09,2.9,0.0
20191007:0910,241.49,26.99,14.06,3.66,0.0
20191007:1010,223.2,32.51,15.39,4.34,0.0
20191007:1110,534.28,35.41,15.74,4.0,0.0
20191007:1210,308.9,35.25,16.22,3.93,0.0
20191007:1310,600.7,32.05,16.26,3.59,0.0
20191007:1410,272.21,26.3,16.36,3.1,0.0
20191007:1510,422.73,18.7,16.52,3.03,0.0
20191007:1610,114.53,9.87,16.29,3.24,0.0
20191007:1710,0.0,0.0,15.33,2.97,0.0
20191007:1810,0.0,0.0,14.71,3.38,0.0
20191007:1910,0.0,0.0,14.4,4.14,0.0
20191007:2010,0.0,0.0,14.13,4.21,0.0
20191007:2110,0.0,0.0,14.1,4.28,0.0
20191007:2210,0.0,0.0,14.14,4.41,0.0
20191007:2310,0.0,0.0,13.99,4.55,0.0
20191008:0010,0.0,0.0,13.82,4.69,0.0
20191008:0110,0.0,0.0,13.73,4.76,0.0
20191008:0210,0.0,0.0,13.77,4.9,0.0
20191008:0310,0.0,0.0,13.84,4.97,0.0
20191008:0410,0.0,0.0,13.93,4.97,0.0
20191008:0510,0.0,0.0,14.07,4.83,0.0
20191008:0610,0.0,0.0,14.26,4.62,0.0
20191008:0710,11.01,10.56,15.37,4.48,0.0
20191008:0810,102.22,19.27,15.75,4.07,0.0
20191008:0910,75.21,26.68,16.01,3.24,0.0
20191008:1010,124.74,32.16,16.11,2.48,0.0
20191008:1110,74.29,35.03,16.09,2.34,0.0
20191008:1210,158.67,34.86,15.95,2.28,0.0
20191008:1310,198.93,31.66,15.35,2.62,0.0
20191008:1410,44.94,25.93,14.91,2.69,0.0
20191008:1510,114.99,18.34,14.52,3.03,0.0
20191008:1610,43.61,9.52,14.26,3.38,0.0
20191008:1710,0.0,0.0,14.09,3.52,0.0
20191008:1810,0.0,0.0,13.63,3.45,0.0
20191008:1910,0.0,0.0,13.21,3.24,0.0
20191008:2010,0.0,0.0,12.79,3.45,0.0
20191008:2110,0.0,0.0,12.34,3.59,0.0
20191008:2210,0.0,0.0,11.82,3.66,0.0
20191008:2310,0.0,0.0,11.66,3.59,0.0
20191009:0010,0.0,0.0,11.42,3.45,0.0
20191009:0110,0.0,0.0,11.45,3.45,0.0
20191009:0210,0.0,0.0,11.22,3.52,0.0
20191009:0310,0.0,0.0,11.12,3.66,0.0
20191009:0410,0.0,0.0,10.97,3.72,0.0
20191009:0510,0.0,0.0,11.06,4.0,0.0
20191009:0610,0.0,0.0,11.35,4.34,0.0
20191009:0710,22.93,10.3,11.35,4.69,0.0
20191009:0810,115.69,18.98,12.16,5.17,0.0
20191009:0910,598.51,26.37,12.34,5.93,0.0
20191009:1010,59.62,31.81,13.42,5.03,0.0
20191009:1110,436.51,34.66,14.72,5.72,0.0
20191009:1210,219.14,34.47,15.61,6.07,0.0
20191009:1310,578.87,31.28,15.85,6.21,0.0
20191009:1410,89.88,25.56,15.45,6.41,0.0
20191009:1510,22.01,17.99,14.46,5.1,0.0
20191009:1610,230.22,9.18,14.74,5.72,0.0
20191009:1710,0.0,0.0,14.11,5.24,0.0
20191009:1810,0.0,0.0,13.31,4.83,0.0
20191009:1910,0.0,0.0,12.0,3.79,0.0
20191009:2010,0.0,0.0,12.0,4.14,0.0
20191009:2110,0.0,0.0,11.86,4.62,0.0
20191009:2210,0.0,0.0,11.86,4.97,0.0
20191009:2310,0.0,0.0,11.77,5.17,0.0
20191010:0010,0.0,0.0,11.65,5.24,0.0
20191010:0110,0.0,0.0,11.46,5.31,0.0
20191010:0210,0.0,0.0,11.56,5.24,0.0
20191010:0310,0.0,0.0,11.43,5.24,0.0
20191010:0410,0.0,0.0,11.4,4.97,0.0
20191010:0510,0.0,0.0,11.17,4.48,0.0
20191010:0610,0.0,0.0,11.02,4.21,0.0
20191010:0710,243.03,10.04,11.29,3.93,0.0
20191010:0810,374.14,18.7,12.4,3.38,0.0
20191010:0910,650.96,26.05,13.79,5.24,0.0
20191010:1010,586.33,31.47,14.97,5.38,0.0
20191010:1110,695.57,34.29,16.1,5.31,0.0
20191010:1210,852.33,34.09,16.4,4.9,0.0
20191010:1310,617.06,30.89,16.99,5.1,0.0
20191010:1410,642.21,25.19,17.15,4.83,0.0
20191010:1510,329.11,17.63,17.22,4.41,0.0
20191010:1610,143.32,8.84,16.56,3.24,0.0
20191010:1710,0.0,0.0,15.52,2.55,0.0
20191010:1810,0.0,0.0,14.06,2.34,0.0
20191010:1910,0.0,0.0,13.18,2.41,0.0
20191010:2010,0.0,0.0,12.42,2.55,0.0
20191010:2110,0.0,0.0,12.07,2.62,0.0
20191010:2210,0.0,0.0,11.98,2.76,0.0
20191010:2310,0.0,0.0,11.85,3.03,0.0
20191011:0010,0.0,0.0,11.77,3.24,0.0
20191011:0110,0.0,0.0,11.61,3.38,0.0
20191011:0210,0.0,0.0,11.43,3.31,0.0
20191011:0310,0.0,0.0,11.27,3.24,0.0
20191011:0410,0.0,0.0,11.05,3.31,0.0
20191011:0510,0.0,0.0,10.92,3.45,0.0
20191011:0610,0.0,0.0,10.98,3.59,0.0
20191011:0710,85.23,9.78,12.39,4.14,0.0
20191011:0810,101.49,18.42,13.11,6.0,0.0
20191011:0910,129.49,25.74,13.87,5.66,0.0
20191011:1010,137.58,31.12,14.93,5.79,0.0
20191011:1110,443.16,33.92,16.17,6.0,0.0
20191011:1210,545.61,33.7,17.83,6.41,0.0
20191011:1310,812.57,30.51,19.32,6.76,0.0
20191011:1410,541.44,24.82,19.75,5.93,0.0
20191011:1510,354.0,17.28,19.89,5.03,0.0
20191011:1610,181.49,8.51,19.28,3.93,0.0
20191011:1710,0.0,0.0,18.06,3.45,0.0
20191011:1810,0.0,0.0,16.68,3.17,0.0
20191011:1910,0.0,0.0,15.78,3.45,0.0
20191011:2010,0.0,0.0,15.37,3.59,0.0
20191011:2110,0.0,0.0,15.11,3.72,0.0
20191011:2210,0.0,0.0,14.88,3.86,0.0
20191011:2310,0.0,0.0,14.63,3.86,0.0
20191012:0010,0.0,0.0,14.37,3.93,0.0
20191012:0110,0.0,0.0,13.97,3.72,0.0
20191012:0210,0.0,0.0,13.4,3.59,0.0
20191012:0310,0.0,0.0,12.93,3.52,0.0
20191012:0410,0.0,0.0,12.69,3.38,0.0
20191012:0510,0.0,0.0,12.38,3.17,0.0
20191012:0610,0.0,0.0,12.14,2.83,0.0
20191012:0710,141.49,9.52,13.1,2.69,0.0
20191012:0810,382.31,18.13,14.36,3.45,0.0
20191012:0910,76.13,25.43,15.91,4.48,0.0
20191012:1010,186.15,30.77,16.69,3.86,0.0
20191012:1110,44.02,33.54,17.52,3.93,0.0
20191012:1210,372.19,33.32,19.25,5.38,0.0
20191012:1310,548.13,30.14,20.01,5.03,0.0
20191012:1410,634.14,24.46,20.49,4.69,0.0
20191012:1510,333.22,16.94,20.63,3.86,0.0
20191012:1610,98.82,8.17,20.38,3.1,0.0
20191012:1710,0.0,0.0,19.71,2.62,0.0
20191012:1810,0.0,0.0,18.6,2.55,0.0
20191012:1910,0.0,0.0,17.05,2.62,0.0
20191012:2010,0.0,0.0,16.65,2.55,0.0
20191012:2110,0.0,0.0,16.37,2.55,0.0
20191012:2210,0.0,0.0,16.33,2.76,0.0
20191012:2310,0.0,0.0,16.31,3.1,0.0
20191013:0010,0.0,0.0,16.49,3.66,0.0
20191013:0110,0.0,0.0,16.89,3.79,0.0
20191013:0210,0.0,0.0,17.04,3.66,0.0
20191013:0310,0.0,0.0,16.84,3.59,0.0
20191013:0410,0.0,0.0,16.49,3.66,0.0
20191013:0510,0.0,0.0,16.07,3.93,0.0
20191013:0610,0.0,0.0,15.75,4.14,0.0
20191013:0710,195.16,9.25,16.09,4.14,0.0
20191013:0810,444.89,17.85,17.63,4.76,0.0
20191013:0910,673.13,25.11,19.64,4.55,0.0
20191013:1010,840.71,30.43,21.81,5.59,0.0
20191013:1110,918.23,33.18,23.66,6.48,0.0
20191013:1210,584.94,32.94,24.65,7.79,0.0
20191013:1310,304.28,29.76,24.53,7.93,0.0
20191013:1410,560.45,24.1,23.87,5.31,0.0
20191013:1510,48.61,16.59,22.48,5.03,0.0
20191013:1610,82.22,7.84,21.49,3.86,0.0
20191013:1710,0.0,0.0,20.19,2.9,0.0
20191013:1810,0.0,0.0,18.87,2.28,0.0
20191013:1910,0.0,0.0,18.48,2.48,0.0
20191013:2010,0.0,0.0,17.41,2.0,0.0
20191013:2110,0.0,0.0,16.18,1.52,0.0
20191013:2210,0.0,0.0,15.56,0.97,0.0
20191013:2310,0.0,0.0,14.49,1.17,0.0
20191014:0010,0.0,0.0,13.68,1.52,0.0
20191014:0110,0.0,0.0,13.84,2.0,0.0
20191014:0210,0.0,0.0,14.4,2.21,0.0
20191014:0310,0.0,0.0,14.58,2.21,0.0
20191014:0410,0.0,0.0,14.78,2.28,0.0
20191014:0510,0.0,0.0,14.93,2.41,0.0
20191014:0610,0.0,0.0,14.96,2.97,0.0
20191014:0710,79.09,8.99,15.22,4.14,0.0
20191014:0810,322.24,17.56,16.29,4.28,0.0
20191014:0910,664.81,24.8,18.22,4.07,0.0
20191014:1010,752.8,30.09,20.27,4.62,0.0
20191014:1110,45.86,32.81,21.97,4.83,0.0
20191014:1210,404.52,32.56,23.24,4.9,0.0
20191014:1310,648.6,29.39,23.79,4.07,0.0
20191014:1410,538.66,23.74,24.2,3.79,0.0
20191014:1510,109.21,16.25,23.91,3.31,0.0
20191014:1610,56.93,7.52,23.11,2.76,0.0
20191014:1710,0.0,0.0,21.54,2.07,0.0
20191014:1810,0.0,0.0,18.85,3.24,0.0
20191014:1910,0.0,0.0,17.69,3.86,0.0
20191014:2010,0.0,0.0,17.23,3.79,0.0
20191014:2110,0.0,0.0,16.84,3.86,0.0
20191014:2210,0.0,0.0,16.33,3.31,0.0
20191014:2310,0.0,0.0,15.66,2.55,0.0
20191015:0010,0.0,0.0,14.99,1.93,0.0
20191015:0110,0.0,0.0,14.59,2.34,0.0
20191015:0210,0.0,0.0,14.15,2.34,0.0
20191015:0310,0.0,0.0,13.9,2.28,0.0
20191015:0410,0.0,0.0,13.59,2.34,0.0
20191015:0510,0.0,0.0,13.34,2.34,0.0
20191015:0610,0.0,0.0,13.12,2.76,0.0
20191015:0710,31.18,8.73,12.74,2.55,0.0
20191015:0810,143.13,17.28,13.21,4.14,0.0
20191015:0910,510.45,24.48,13.56,3.72,0.0
20191015:1010,567.07,29.74,13.77,3.66,0.0
20191015:1110,454.49,32.44,13.83,3.59,0.0
20191015:1210,812.67,32.19,14.43,3.66,0.0
20191015:1310,116.48,29.02,14.56,3.52,0.0
20191015:1410,309.75,23.39,15.08,4.07,0.0
20191015:1510,280.69,15.91,15.23,3.86,0.0
20191015:1610,164.47,7.19,15.08,3.72,0.0
20191015:1710,0.0,0.0,14.28,3.93,0.0
20191015:1810,0.0,0.0,13.76,4.34,0.0
20191015:1910,0.0,0.0,12.95,4.07,0.0
20191015:2010,0.0,0.0,12.74,3.79,0.0
20191015:2110,0.0,0.0,12.36,3.52,0.0
20191015:2210,0.0,0.0,12.07,3.52,0.0
20191015:2310,0.0,0.0,11.71,3.66,0.0
20191016:0010,0.0,0.0,11.8,3.72,0.0
20191016:0110,0.0,0.0,12.02,3.86,0.0
20191016:0210,0.0,0.0,12.34,4.21,0.0
20191016:0310,0.0,0.0,12.28,4.55,0.0
20191016:0410,0.0,0.0,12.48,4.76,0.0
20191016:0510,0.0,0.0,12.71,5.03,0.0
20191016:0610,0.0,0.0,13.03,5.72,0.0
20191016:0710,43.2,8.47,13.55,6.14,0.0
20191016:0810,107.9,16.99,13.88,6.34,0.0
20191016:0910,149.25,24.17,14.07,6.41,0.0
20191016:1010,307.89,29.4,14.28,6.41,0.0
20191016:1110,71.54,32.08,14.44,6.28,0.0
20191016:1210,90.8,31.81,14.93,6.0,0.0
20191016:1310,105.48,28.65,15.42,5.24,0.0
20191016:1410,209.03,23.03,15.42,6.0,0.0
20191016:1510,109.35,15.58,14.9,5.86,0.0
20191016:1610,42.07,6.87,14.09,5.93,0.0
20191016:1710,0.0,0.0,13.58,5.93,0.0
20191016:1810,0.0,0.0,13.5,5.86,0.0
20191016:1910,0.0,0.0,14.22,6.21,0.0
20191016:2010,0.0,0.0,14.39,6.34,0.0
20191016:2110,0.0,0.0,14.58,6.48,0.0
20191016:2210,0.0,0.0,14.68,6.41,0.0
20191016:2310,0.0,0.0,14.86,5.93,0.0
20191017:0010,0.0,0.0,14.84,5.17,0.0
20191017:0110,0.0,0.0,14.5,3.79,0.0
20191017:0210,0.0,0.0,14.03,2.48,0.0
20191017:0310,0.0,0.0,13.6,1.72,0.0
20191017:0410,0.0,0.0,13.39,1.1,0.0
20191017:0510,0.0,0.0,13.18,0.41,0.0
20191017:0610,0.0,0.0,13.17,0.62,0.0
20191017:0710,56.9,8.2,13.58,1.52,0.0
20191017:0810,92.71,16.71,13.81,1.52,0.0
20191017:0910,50.44,23.86,14.38,1.93,0.0
20191017:1010,126.57,29.06,14.42,2.41,0.0
20191017:1110,142.16,31.71,14.6,2.83,0.0
20191017:1210,200.79,31.44,15.4,3.17,0.0
20191017:1310,107.31,28.29,16.07,3.66,0.0
20191017:1410,572.22,22.68,16.87,3.86,0.0
20191017:1510,294.71,15.24,17.18,4.21,0.0
20191017:1610,144.26,6.55,16.58,4.14,0.0
20191017:1710,0.0,0.0,15.63,3.93,0.0
20191017:1810,0.0,0.0,15.09,4.07,0.0
20191017:1910,0.0,0.0,14.48,4.14,0.0
20191017:2010,0.0,0.0,14.07,4.07,0.0
20191017:2110,0.0,0.0,13.94,4.28,0.0
20191017:2210,0.0,0.0,13.98,4.55,0.0
20191017:2310,0.0,0.0,13.75,4.55,0.0
20191018:0010,0.0,0.0,13.6,4.76,0.0
20191018:0110,0.0,0.0,13.3,4.9,0.0
20191018:0210,0.0,0.0,13.46,5.1,0.0
20191018:0310,0.0,0.0,13.48,5.86,0.0
20191018:0410,0.0,0.0,13.5,5.93,0.0
20191018:0510,0.0,0.0,12.64,6.55,0.0
20191018:0610,0.0,0.0,12.62,6.28,0.0
20191018:0710,30.27,7.94,12.57,6.34,0.0
20191018:0810,426.05,16.42,12.54,6.07,0.0
20191018:0910,665.82,23.54,13.08,5.66,0.0
20191018:1010,694.86,28.72,14.17,6.62,0.0
20191018:1110,882.59,31.35,15.03,6.34,0.0
20191018:1210,931.84,31.08,15.77,6.21,0.0
20191018:1310,632.87,27.93,16.16,6.07,0.0
20191018:1410,440.06,22.34,16.5,5.72,0.0
20191018:1510,170.59,14.91,16.15,4.69,0.0
20191018:1610,60.15,6.24,15.42,4.34,0.0
20191018:1710,0.0,0.0,14.58,4.28,0.0
20191018:1810,0.0,0.0,14.24,4.34,0.0
20191018:1910,0.0,0.0,13.78,4.07,0.0
20191018:2010,0.0,0.0,13.4,4.0,0.0
20191018:2110,0.0,0.0,13.3,4.21,0.0
20191018:2210,0.0,0.0,12.99,4.34,0.0
20191018:2310,0.0,0.0,12.72,4.34,0.0
20191019:0010,0.0,0.0,12.39,4.48,0.0
20191019:0110,0.0,0.0,12.17,4.55,0.0
20191019:0210,0.0,0.0,12.26,4.48,0.0
20191019:0310,0.0,0.0,12.28,4.34,0.0
20191019:0410,0.0,0.0,12.35,4.34,0.0
20191019:0510,0.0,0.0,12.38,4.21,0.0
20191019:0610,0.0,0.0,12.52,4.48,0.0
20191019:0710,70.68,7.67,12.34,4.07,0.0
20191019:0810,128.94,16.13,12.42,3.66,0.0
20191019:0910,56.86,23.23,12.74,4.0,0.0
20191019:1010,118.32,28.38,13.55,3.66,0.0
20191019:1110,50.44,31.0,13.91,3.31,0.0
20191019:1210,320.45,30.71,13.85,2.97,0.0
20191019:1310,298.05,27.57,14.19,2.83,0.0
20191019:1410,425.77,21.99,14.39,2.34,0.0
20191019:1510,228.75,14.59,14.43,1.86,0.0
20191019:1610,101.95,5.93,14.12,1.17,0.0
20191019:1710,0.0,0.0,13.43,1.72,0.0
20191019:1810,0.0,0.0,12.77,1.72,0.0
20191019:1910,0.0,0.0,12.13,1.93,0.0
20191019:2010,0.0,0.0,11.82,1.59,0.0
20191019:2110,0.0,0.0,11.58,1.17,0.0
20191019:2210,0.0,0.0,11.39,1.31,0.0
20191019:2310,0.0,0.0,11.25,1.17,0.0
20191020:0010,0.0,0.0,11.17,1.1,0.0
20191020:0110,0.0,0.0,10.97,1.52,0.0
20191020:0210,0.0,0.0,11.12,1.86,0.0
20191020:0310,0.0,0.0,11.37,2.07,0.0
20191020:0410,0.0,0.0,11.55,2.55,0.0
20191020:0510,0.0,0.0,11.63,2.62,0.0
20191020:0610,0.0,0.0,11.63,2.62,0.0
20191020:0710,36.22,7.41,11.33,3.17,0.0
20191020:0810,55.03,15.85,11.51,3.72,0.0
20191020:0910,84.38,22.92,11.65,3.86,0.0
20191020:1010,215.52,28.04,11.87,3.86,0.0
20191020:1110,81.63,30.64,12.03,3.86,0.0
20191020:1210,100.89,30.35,12.48,4.48,0.0
20191020:1310,119.23,27.21,12.44,4.0,0.0
20191020:1410,68.79,21.65,12.53,4.21,0.0
20191020:1510,16.51,14.27,12.65,4.21,0.0
20191020:1610,15.59,5.62,12.66,4.14,0.0
20191020:1710,0.0,0.0,12.33,4.0,0.0
20191020:1810,0.0,0.0,12.08,3.72,0.0
20191020:1910,0.0,0.0,11.97,3.45,0.0
20191020:2010,0.0,0.0,11.82,2.62,0.0
20191020:2110,0.0,0.0,11.67,2.34,0.0
20191020:2210,0.0,0.0,11.51,2.48,0.0
20191020:2310,0.0,0.0,11.19,2.34,0.0
20191021:0010,0.0,0.0,11.28,2.0,0.0
20191021:0110,0.0,0.0,11.63,1.86,0.0
20191021:0210,0.0,0.0,12.02,2.48,0.0
20191021:0310,0.0,0.0,12.2,3.03,0.0
20191021:0410,0.0,0.0,12.17,3.03,0.0
20191021:0510,0.0,0.0,11.81,3.31,0.0
20191021:0610,0.0,0.0,11.28,4.0,0.0
20191021:0710,26.6,7.15,11.01,3.79,0.0
20191021:0810,97.14,15.56,11.25,4.41,0.0
20191021:0910,142.54,22.61,12.06,5.38,0.0
20191021:1010,338.26,27.71,13.12,5.24,0.0
20191021:1110,796.42,30.28,14.06,5.03,0.0
20191021:1210,380.7,29.99,14.66,4.83,0.0
20191021:1310,420.41,26.86,14.97,4.28,0.0
20191021:1410,305.62,21.32,14.94,3.45,0.0
20191021:1510,151.54,13.95,14.71,2.69,0.0
20191021:1610,44.38,5.32,14.22,1.93,0.0
20191021:1710,0.0,0.0,13.12,1.93,0.0
20191021:1810,0.0,0.0,11.99,1.93,0.0
20191021:1910,0.0,0.0,11.86,1.66,0.0
20191021:2010,0.0,0.0,10.98,1.72,0.0
20191021:2110,0.0,0.0,10.01,1.66,0.0
20191021:2210,0.0,0.0,8.7,1.66,0.0
20191021:2310,0.0,0.0,7.82,1.79,0.0
20191022:0010,0.0,0.0,7.24,1.66,0.0
20191022:0110,0.0,0.0,7.71,1.17,0.0
20191022:0210,0.0,0.0,8.52,0.69,0.0
20191022:0310,0.0,0.0,8.12,0.9,0.0
20191022:0410,0.0,0.0,7.7,0.9,0.0
20191022:0510,0.0,0.0,7.04,0.55,0.0
20191022:0610,0.0,0.0,6.69,0.28,0.0
20191022:0710,56.23,6.88,6.67,0.21,0.0
20191022:0810,97.33,15.28,7.39,0.34,0.0
20191022:0910,385.62,22.3,8.62,0.55,0.0
20191022:1010,142.5,27.37,10.49,0.97,0.0
20191022:1110,204.97,29.93,11.88,1.31,0.0
20191022:1210,178.35,29.63,13.67,1.59,0.0
20191022:1310,242.32,26.51,14.58,2.21,0.0
20191022:1410,292.6,20.98,14.95,2.28,0.0
20191022:1510,187.35,13.63,14.96,2.48,0.0
20191022:1610,48.17,5.02,14.27,2.34,0.0
20191022:1710,0.0,0.0,12.82,2.62,0.0
20191022:1810,0.0,0.0,12.4,2.76,0.0
20191022:1910,0.0,0.0,11.64,2.97,0.0
20191022:2010,0.0,0.0,11.62,2.9,0.0
20191022:2110,0.0,0.0,11.19,2.55,0.0
20191022:2210,0.0,0.0,11.37,2.69,0.0
20191022:2310,0.0,0.0,11.5,3.1,0.0
20191023:0010,0.0,0.0,11.44,3.17,0.0
20191023:0110,0.0,0.0,11.36,3.17,0.0
20191023:0210,0.0,0.0,11.28,3.24,0.0
20191023:0310,0.0,0.0,11.37,3.31,0.0
20191023:0410,0.0,0.0,11.08,3.1,0.0
20191023:0510,0.0,0.0,10.92,2.76,0.0
20191023:0610,0.0,0.0,10.85,2.9,0.0
20191023:0710,45.78,6.62,10.8,2.48,0.0
20191023:0810,136.88,14.99,11.76,2.34,0.0
20191023:0910,157.83,21.99,13.37,2.9,0.0
20191023:1010,65.12,27.04,14.99,2.62,0.0
20191023:1110,181.52,29.58,15.29,2.76,0.0
20191023:1210,150.73,29.28,16.54,2.76,0.0
20191023:1310,196.45,26.16,17.37,1.72,0.0
20191023:1410,140.46,20.66,17.61,1.45,0.0
20191023:1510,386.0,13.32,17.72,1.52,0.0
20191023:1610,50.45,4.72,17.27,0.9,0.0
20191023:1710,0.0,0.0,16.01,2.28,0.0
20191023:1810,0.0,0.0,15.8,2.0,0.0
20191023:1910,0.0,0.0,14.65,1.93,0.0
20191023:2010,0.0,0.0,14.39,2.62,0.0
20191023:2110,0.0,0.0,14.0,2.69,0.0
20191023:2210,0.0,0.0,13.63,2.28,0.0
20191023:2310,0.0,0.0,13.15,2.07,0.0
20191024:0010,0.0,0.0,13.06,2.21,0.0
20191024:0110,0.0,0.0,13.19,2.76,0.0
20191024:0210,0.0,0.0,13.22,3.03,0.0
20191024:0310,0.0,0.0,12.87,2.9,0.0
20191024:0410,0.0,0.0,13.04,2.41,0.0
20191024:0510,0.0,0.0,12.82,2.76,0.0
20191024:0610,0.0,0.0,12.61,3.1,0.0
20191024:0710,160.41,6.35,12.48,4.07,0.0
20191024:0810,406.06,14.71,13.28,4.97,0.0
20191024:0910,520.86,21.68,14.35,6.97,0.0
20191024:1010,88.05,26.71,15.07,6.97,0.0
20191024:1110,368.95,29.23,16.07,7.1,0.0
20191024:1210,634.53,28.92,16.48,5.93,0.0
20191024:1310,78.88,25.82,16.6,5.45,0.0
20191024:1410,135.5,20.33,16.69,4.83,0.0
20191024:1510,84.37,13.01,16.51,4.21,0.0
20191024:1610,18.89,4.43,15.98,3.72,0.0
20191024:1710,0.0,0.0,15.19,3.52,0.0
20191024:1810,0.0,0.0,14.73,3.66,0.0
20191024:1910,0.0,0.0,13.6,3.45,0.0
20191024:2010,0.0,0.0,13.22,3.1,0.0
20191024:2110,0.0,0.0,12.79,2.9,0.0
20191024:2210,0.0,0.0,12.24,3.03,0.0
20191024:2310,0.0,0.0,11.81,3.17,0.0
20191025:0010,0.0,0.0,11.25,2.97,0.0
20191025:0110,0.0,0.0,10.72,2.69,0.0
20191025:0210,0.0,0.0,10.14,2.48,0.0
20191025:0310,0.0,0.0,9.63,2.41,0.0
20191025:0410,0.0,0.0,9.24,2.55,0.0
20191025:0510,0.0,0.0,9.07,2.69,0.0
20191025:0610,0.0,0.0,9.07,2.83,0.0
20191025:0710,84.97,6.09,10.58,2.97,0.0
20191025:0810,296.04,14.43,11.53,3.17,0.0
20191025:0910,184.5,21.38,12.58,3.38,0.0
20191025:1010,158.54,26.38,13.7,4.14,0.0
20191025:1110,98.14,28.89,14.46,4.48,0.0
20191025:1210,86.21,28.58,14.87,4.28,0.0
20191025:1310,111.9,25.48,15.47,4.97,0.0
20191025:1410,67.87,20.01,15.99,4.9,0.0
20191025:1510,65.12,12.71,16.51,4.69,0.0
20191025:1610,20.61,4.14,16.59,4.41,0.0
20191025:1710,0.0,0.0,16.39,4.34,0.0
20191025:1810,0.0,0.0,15.99,4.34,0.0
20191025:1910,0.0,0.0,14.8,4.0,0.0
20191025:2010,0.0,0.0,14.1,4.0,0.0
20191025:2110,0.0,0.0,13.55,3.93,0.0
20191025:2210,0.0,0.0,13.23,4.0,0.0
20191025:2310,0.0,0.0,13.01,4.07,0.0
20191026:0010,0.0,0.0,12.88,3.93,0.0
20191026:0110,0.0,0.0,12.71,3.72,0.0
20191026:0210,0.0,0.0,12.49,3.31,0.0
20191026:0310,0.0,0.0,12.19,3.24,0.0
20191026:0410,0.0,0.0,11.93,3.38,0.0
20191026:0510,0.0,0.0,11.6,3.52,0.0
20191026:0610,0.0,0.0,11.29,3.59,0.0
20191026:0710,75.64,5.83,11.46,3.79,0.0
20191026:0810,419.33,14.14,12.39,3.72,0.0
20191026:0910,535.58,21.07,14.17,4.0,0.0
20191026:1010,743.48,26.05,16.01,4.76,0.0
20191026:1110,890.1,28.55,17.63,5.31,0.0
20191026:1210,660.65,28.23,18.87,5.52,0.0
20191026:1310,733.62,25.15,19.65,5.38,0.0
20191026:1410,561.34,19.69,20.0,4.97,0.0
20191026:1510,286.21,12.41,19.76,4.76,0.0
20191026:1610,18.89,3.86,18.83,4.28,0.0
20191026:1710,0.0,0.0,17.34,4.07,0.0
20191026:1810,0.0,0.0,16.45,4.14,0.0
20191026:1910,0.0,0.0,16.03,4.48,0.0
20191026:2010,0.0,0.0,15.55,4.55,0.0
20191026:2110,0.0,0.0,15.25,4.62,0.0
20191026:2210,0.0,0.0,15.41,4.48,0.0
20191026:2310,0.0,0.0,15.29,4.28,0.0
20191027:0010,0.0,0.0,15.1,4.0,0.0
20191027:0110,0.0,0.0,14.66,3.59,0.0
20191027:0210,0.0,0.0,14.64,3.17,0.0
20191027:0310,0.0,0.0,14.62,2.76,0.0
20191027:0410,0.0,0.0,14.69,2.41,0.0
20191027:0510,0.0,0.0,14.63,1.59,0.0
20191027:0610,0.0,0.0,13.97,2.0,0.0
20191027:0710,4.59,5.57,11.94,3.79,0.0
20191027:0810,27.52,13.86,10.67,4.21,0.0
20191027:0910,38.52,20.77,9.83,4.07,0.0
20191027:1010,61.45,25.73,9.37,3.86,0.0
20191027:1110,142.55,28.21,9.19,3.66,0.0
20191027:1210,173.69,27.89,9.19,3.24,0.0
20191027:1310,41.27,24.82,9.16,2.9,0.0
20191027:1410,88.97,19.38,9.09,3.17,0.0
20191027:1510,36.69,12.12,9.16,3.1,0.0
20191027:1610,12.88,3.58,9.12,2.97,0.0
20191027:1710,0.0,0.0,9.13,2.69,0.0
20191027:1810,0.0,0.0,9.09,2.62,0.0
20191027:1910,0.0,0.0,9.53,2.83,0.0
20191027:2010,0.0,0.0,9.56,2.9,0.0
20191027:2110,0.0,0.0,9.62,3.17,0.0
20191027:2210,0.0,0.0,9.59,3.31,0.0
20191027:2310,0.0,0.0,9.54,3.45,0.0
20191028:0010,0.0,0.0,9.38,3.52,0.0
20191028:0110,0.0,0.0,9.25,3.59,0.0
20191028:0210,0.0,0.0,9.05,3.52,0.0
20191028:0310,0.0,0.0,8.84,3.24,0.0
20191028:0410,0.0,0.0,8.63,3.24,0.0
20191028:0510,0.0,0.0,8.45,3.38,0.0
20191028:0610,0.0,0.0,8.26,3.52,0.0
20191028:0710,40.24,5.3,8.19,3.31,0.0
20191028:0810,180.97,13.58,8.33,2.97,0.0
20191028:0910,342.18,20.46,8.57,3.24,0.0
20191028:1010,709.56,25.4,9.04,3.52,0.0
20191028:1110,801.61,27.87,9.62,3.52,0.0
20191028:1210,856.75,27.56,10.47,3.79,0.0
20191028:1310,452.41,24.49,10.85,3.72,0.0
20191028:1410,239.4,19.07,11.33,3.52,0.0
20191028:1510,92.65,11.83,11.25,3.45,0.0
20191028:1610,11.16,3.31,11.13,3.38,0.0
20191028:1710,0.0,0.0,10.86,3.52,0.0
20191028:1810,0.0,0.0,10.5,3.72,0.0
20191028:1910,0.0,0.0,10.01,3.86,0.0
20191028:2010,0.0,0.0,9.47,3.59,0.0
20191028:2110,0.0,0.0,9.11,3.45,0.0
20191028:2210,0.0,0.0,8.82,3.45,0.0
20191028:2310,0.0,0.0,8.61,3.38,0.0
20191029:0010,0.0,0.0,8.38,3.38,0.0
20191029:0110,0.0,0.0,8.39,3.31,0.0
20191029:0210,0.0,0.0,8.21,3.38,0.0
20191029:0310,0.0,0.0,7.9,3.59,0.0
20191029:0410,0.0,0.0,7.51,3.72,0.0
20191029:0510,0.0,0.0,7.24,3.66,0.0
20191029:0610,0.0,0.0,7.16,3.45,0.0
20191029:0710,48.74,5.04,7.5,3.93,0.0
20191029:0810,20.18,13.3,7.82,3.93,0.0
20191029:0910,66.04,20.16,8.4,3.17,0.0
20191029:1010,313.99,25.08,9.16,3.52,0.0
20191029:1110,196.67,27.54,9.57,3.72,0.0
20191029:1210,242.62,27.22,9.91,3.79,0.0
20191029:1310,86.21,24.17,10.21,3.86,0.0
20191029:1410,149.62,18.76,10.5,4.0,0.0
20191029:1510,82.25,11.54,10.39,3.59,0.0
20191029:1610,13.74,3.04,10.2,3.59,0.0
20191029:1710,0.0,0.0,10.05,3.66,0.0
20191029:1810,0.0,0.0,9.95,3.86,0.0
20191029:1910,0.0,0.0,10.24,4.07,0.0
20191029:2010,0.0,0.0,9.86,4.0,0.0
20191029:2110,0.0,0.0,9.09,3.79,0.0
20191029:2210,0.0,0.0,8.74,3.72,0.0
20191029:2310,0.0,0.0,8.49,3.66,0.0
20191030:0010,0.0,0.0,8.29,3.52,0.0
20191030:0110,0.0,0.0,8.08,3.31,0.0
20191030:0210,0.0,0.0,7.98,2.97,0.0
20191030:0310,0.0,0.0,7.9,2.97,0.0
20191030:0410,0.0,0.0,7.96,2.83,0.0
20191030:0510,0.0,0.0,7.97,2.62,0.0
20191030:0610,0.0,0.0,7.96,2.55,0.0
20191030:0710,74.23,4.78,8.14,2.55,0.0
20191030:0810,102.54,13.02,8.26,2.76,0.0
20191030:0910,91.72,19.86,8.44,2.83,0.0
20191030:1010,393.01,24.76,9.22,3.24,0.0
20191030:1110,140.78,27.21,9.61,2.97,0.0
20191030:1210,182.03,26.89,9.91,2.69,0.0
20191030:1310,99.97,23.85,10.16,2.69,0.0
20191030:1410,268.55,18.46,10.39,2.55,0.0
20191030:1510,124.36,11.26,10.69,2.55,0.0
20191030:1610,12.02,2.77,10.58,2.07,0.0
20191030:1710,0.0,0.0,10.31,2.0,0.0
20191030:1810,0.0,0.0,10.04,2.21,0.0
20191030:1910,0.0,0.0,9.53,1.79,0.0
20191030:2010,0.0,0.0,9.58,1.72,0.0
20191030:2110,0.0,0.0,9.65,1.72,0.0
20191030:2210,0.0,0.0,9.73,2.0,0.0
20191030:2310,0.0,0.0,9.72,2.21,0.0
20191031:0010,0.0,0.0,9.76,2.14,0.0
20191031:0110,0.0,0.0,9.82,2.14,0.0
20191031:0210,0.0,0.0,9.76,2.34,0.0
20191031:0310,0.0,0.0,9.67,2.76,0.0
20191031:0410,0.0,0.0,9.49,2.76,0.0
20191031:0510,0.0,0.0,9.32,2.76,0.0
20191031:0610,0.0,0.0,9.18,2.69,0.0
20191031:0710,30.67,4.52,9.3,3.03,0.0
20191031:0810,70.07,12.75,9.39,3.1,0.0
20191031:0910,77.04,19.57,9.87,2.83,0.0
20191031:1010,143.83,24.45,10.58,2.76,0.0
20191031:1110,258.07,26.89,10.88,2.41,0.0
20191031:1210,440.11,26.57,11.19,2.21,0.0
20191031:1310,249.57,23.54,11.52,2.21,0.0
20191031:1410,124.95,18.17,11.85,2.21,0.0
20191031:1510,75.1,10.99,12.08,2.21,0.0
20191031:1610,4.29,2.51,11.85,2.14,0.0
20191031:1710,0.0,0.0,11.33,2.07,0.0
20191031:1810,0.0,0.0,11.13,1.72,0.0
20191031:1910,0.0,0.0,10.56,1.86,0.0
20191031:2010,0.0,0.0,10.48,1.66,0.0
20191031:2110,0.0,0.0,10.41,1.38,0.0
20191031:2210,0.0,0.0,10.35,1.1,0.0
20191031:2310,0.0,0.0,10.27,1.03,0.0
20191101:0010,0.0,0.0,10.15,0.83,0.0
20191101:0110,0.0,0.0,10.17,1.86,0.0
20191101:0210,0.0,0.0,10.34,1.93,0.0
20191101:0310,0.0,0.0,10.47,1.93,0.0
20191101:0410,0.0,0.0,10.77,2.34,0.0
20191101:0510,0.0,0.0,11.19,2.97,0.0
20191101:0610,0.0,0.0,11.78,3.79,0.0
20191101:0710,6.42,4.27,11.67,3.66,0.0
20191101:0810,97.65,12.47,11.94,4.28,0.0
20191101:0910,70.62,19.27,12.14,4.9,0.0
20191101:1010,68.79,24.14,12.38,5.38,0.0
20191101:1110,62.37,26.56,12.68,5.59,0.0
20191101:1210,157.12,26.25,13.08,5.03,0.0
20191101:1310,230.49,23.23,13.68,4.55,0.0
20191101:1410,42.19,17.88,14.38,3.93,0.0
20191101:1510,67.47,10.71,15.31,3.86,0.0
20191101:1610,2.58,2.26,15.68,4.0,0.0
20191101:1710,0.0,0.0,15.51,3.93,0.0
20191101:1810,0.0,0.0,15.17,4.62,0.0
20191101:1910,0.0,0.0,15.43,5.24,0.0
20191101:2010,0.0,0.0,15.67,5.24,0.0
20191101:2110,0.0,0.0,15.6,5.31,0.0
20191101:2210,0.0,0.0,15.32,5.31,0.0
20191101:2310,0.0,0.0,15.24,6.0,0.0
20191102:0010,0.0,0.0,15.05,6.48,0.0
20191102:0110,0.0,0.0,15.0,6.21,0.0
20191102:0210,0.0,0.0,15.06,6.76,0.0
20191102:0310,0.0,0.0,14.97,6.28,0.0
20191102:0410,0.0,0.0,14.52,5.52,0.0
20191102:0510,0.0,0.0,14.04,5.93,0.0
20191102:0610,0.0,0.0,13.52,6.07,0.0
20191102:0710,14.67,4.01,13.37,6.28,0.0
20191102:0810,77.14,12.2,13.33,6.83,0.0
20191102:0910,264.36,18.98,13.36,7.1,0.0
20191102:1010,175.23,23.83,13.42,6.69,0.0
20191102:1110,350.91,26.24,13.68,7.93,0.0
20191102:1210,230.53,25.93,13.95,8.62,0.0
20191102:1310,94.47,22.93,13.92,8.28,0.0
20191102:1410,166.14,17.59,13.63,7.45,0.0
20191102:1510,103.29,10.45,13.14,7.38,0.0
20191102:1610,2.58,2.01,12.71,6.76,0.0
20191102:1710,0.0,0.0,12.21,6.48,0.0
20191102:1810,0.0,0.0,11.89,6.34,0.0
20191102:1910,0.0,0.0,11.78,6.21,0.0
20191102:2010,0.0,0.0,11.4,5.79,0.0
20191102:2110,0.0,0.0,11.04,6.14,0.0
20191102:2210,0.0,0.0,11.05,6.28,0.0
20191102:2310,0.0,0.0,11.04,5.86,0.0
20191103:0010,0.0,0.0,10.99,5.31,0.0
20191103:0110,0.0,0.0,10.92,4.83,0.0
20191103:0210,0.0,0.0,11.1,4.76,0.0
20191103:0310,0.0,0.0,11.19,4.62,0.0
20191103:0410,0.0,0.0,11.01,4.76,0.0
20191103:0510,0.0,0.0,11.07,4.9,0.0
20191103:0610,0.0,0.0,11.05,4.55,0.0
20191103:0710,2.75,3.75,11.38,4.83,0.0
20191103:0810,82.4,11.92,11.83,4.48,0.0
20191103:0910,182.99,18.69,11.97,4.07,0.0
20191103:1010,137.61,23.52,12.09,3.17,0.0
20191103:1110,171.38,25.93,12.29,2.97,0.0
20191103:1210,183.45,25.62,12.2,3.31,0.0
20191103:1310,55.03,22.63,12.27,5.24,0.0
20191103:1410,76.13,17.31,12.05,5.59,0.0
20191103:1510,28.43,10.19,12.21,4.55,0.0
20191103:1610,3.43,1.76,12.0,3.86,0.0
20191103:1710,0.0,0.0,11.59,4.34,0.0
20191103:1810,0.0,0.0,11.44,4.76,0.0
20191103:1910,0.0,0.0,11.45,5.03,0.0
20191103:2010,0.0,0.0,11.53,5.17,0.0
20191103:2110,0.0,0.0,11.46,5.1,0.0
20191103:2210,0.0,0.0,11.31,4.83,0.0
20191103:2310,0.0,0.0,10.94,4.9,0.0
20191104:0010,0.0,0.0,10.24,4.69,0.0
20191104:0110,0.0,0.0,9.86,4.69,0.0
20191104:0210,0.0,0.0,9.63,5.03,0.0
20191104:0310,0.0,0.0,10.1,5.52,0.0
20191104:0410,0.0,0.0,10.32,5.24,0.0
20191104:0510,0.0,0.0,10.36,4.76,0.0
20191104:0610,0.0,0.0,10.75,4.83,0.0
20191104:0710,29.41,3.5,10.46,4.0,0.0
20191104:0810,416.79,11.65,10.65,4.21,0.0
20191104:0910,497.68,18.4,11.55,4.34,0.0
20191104:1010,469.75,23.22,12.33,4.97,0.0
20191104:1110,163.52,25.62,13.32,5.31,0.0
20191104:1210,763.35,25.31,13.71,5.59,0.0
20191104:1310,518.32,22.33,13.02,6.14,0.0
20191104:1410,389.57,17.04,12.78,6.21,0.0
20191104:1510,75.26,9.93,12.57,6.76,0.0
20191104:1610,1.72,1.52,11.82,6.55,0.0
20191104:1710,0.0,0.0,11.17,6.07,0.0
20191104:1810,0.0,0.0,10.7,5.86,0.0
20191104:1910,0.0,0.0,10.49,5.72,0.0
20191104:2010,0.0,0.0,9.95,5.45,0.0
20191104:2110,0.0,0.0,9.57,5.1,0.0
20191104:2210,0.0,0.0,9.15,5.03,0.0
20191104:2310,0.0,0.0,8.87,4.97,0.0
20191105:0010,0.0,0.0,8.67,4.69,0.0
20191105:0110,0.0,0.0,8.49,4.48,0.0
20191105:0210,0.0,0.0,8.52,4.21,0.0
20191105:0310,0.0,0.0,8.39,4.07,0.0
20191105:0410,0.0,0.0,8.9,4.0,0.0
20191105:0510,0.0,0.0,8.68,3.72,0.0
20191105:0610,0.0,0.0,8.55,3.66,0.0
20191105:0710,4.59,3.24,8.61,3.17,0.0
20191105:0810,93.01,11.38,8.83,2.76,0.0
20191105:0910,313.57,18.11,9.71,3.59,0.0
20191105:1010,387.87,22.92,10.77,2.9,0.0
20191105:1110,178.53,25.31,11.42,2.28,0.0
20191105:1210,623.08,25.01,11.97,1.72,0.0
20191105:1310,302.47,22.04,12.15,0.9,0.0
20191105:1410,123.44,16.76,12.25,0.14,0.0
20191105:1510,217.47,9.68,12.17,0.83,0.0
20191105:1610,0.0,0.0,11.35,1.1,0.0
20191105:1710,0.0,0.0,10.41,1.79,0.0
20191105:1810,0.0,0.0,9.67,1.72,0.0
20191105:1910,0.0,0.0,8.6,2.0,0.0
20191105:2010,0.0,0.0,7.82,2.21,0.0
20191105:2110,0.0,0.0,7.36,2.34,0.0
20191105:2210,0.0,0.0,7.12,2.41,0.0
20191105:2310,0.0,0.0,6.88,2.48,0.0
20191106:0010,0.0,0.0,6.91,2.41,0.0
20191106:0110,0.0,0.0,7.13,2.28,0.0
20191106:0210,0.0,0.0,6.95,2.34,0.0
20191106:0310,0.0,0.0,6.98,2.41,0.0
20191106:0410,0.0,0.0,6.83,2.55,0.0
20191106:0510,0.0,0.0,7.16,2.48,0.0
20191106:0610,0.0,0.0,7.84,2.41,0.0
20191106:0710,11.01,2.99,7.69,2.41,0.0
20191106:0810,251.73,11.11,8.36,2.14,0.0
20191106:0910,188.3,17.83,9.51,3.38,0.0
20191106:1010,618.56,22.62,10.42,3.31,0.0
20191106:1110,90.8,25.01,11.27,2.83,0.0
20191106:1210,552.87,24.71,11.87,2.28,0.0
20191106:1310,411.04,21.76,12.12,2.28,0.0
20191106:1410,35.77,16.5,12.2,2.28,0.0
20191106:1510,83.63,9.43,11.78,2.28,0.0
20191106:1610,0.0,0.0,10.77,2.48,0.0
20191106:1710,0.0,0.0,10.05,2.76,0.0
20191106:1810,0.0,0.0,9.61,2.83,0.0
20191106:1910,0.0,0.0,9.24,2.34,0.0
20191106:2010,0.0,0.0,8.69,2.55,0.0
20191106:2110,0.0,0.0,8.22,2.69,0.0
20191106:2210,0.0,0.0,7.68,3.03,0.0
20191106:2310,0.0,0.0,7.5,3.1,0.0
20191107:0010,0.0,0.0,7.61,3.17,0.0
20191107:0110,0.0,0.0,7.8,3.59,0.0
20191107:0210,0.0,0.0,7.87,3.93,0.0
20191107:0310,0.0,0.0,7.93,4.34,0.0
20191107:0410,0.0,0.0,8.24,5.1,0.0
20191107:0510,0.0,0.0,8.48,5.31,0.0
20191107:0610,0.0,0.0,8.59,4.97,0.0
20191107:0710,5.5,2.74,8.95,5.52,0.0
20191107:0810,408.22,10.85,8.28,5.79,0.0
20191107:0910,486.26,17.55,8.44,5.24,0.0
20191107:1010,642.92,22.32,9.08,6.55,0.0
20191107:1110,630.42,24.71,9.42,6.28,0.0
20191107:1210,184.17,24.41,9.85,6.07,0.0
20191107:1310,482.17,21.48,10.15,6.07,0.0
20191107:1410,324.84,16.24,10.17,5.72,0.0
20191107:1510,336.49,9.19,10.12,4.83,0.0
20191107:1610,0.0,0.0,9.33,3.86,0.0
20191107:1710,0.0,0.0,8.42,3.45,0.0
20191107:1810,0.0,0.0,7.58,3.1,0.0
20191107:1910,0.0,0.0,6.97,3.45,0.0
20191107:2010,0.0,0.0,6.73,3.31,0.0
20191107:2110,0.0,0.0,6.65,3.03,0.0
20191107:2210,0.0,0.0,6.22,2.9,0.0
20191107:2310,0.0,0.0,5.87,2.83,0.0
20191108:0010,0.0,0.0,5.48,2.76,0.0
20191108:0110,0.0,0.0,5.46,2.76,0.0
20191108:0210,0.0,0.0,5.15,2.97,0.0
20191108:0310,0.0,0.0,5.31,2.9,0.0
20191108:0410,0.0,0.0,5.32,2.69,0.0
20191108:0510,0.0,0.0,5.52,2.62,0.0
20191108:0610,0.0,0.0,5.7,2.41,0.0
20191108:0710,4.29,2.49,4.42,2.28,0.0
20191108:0810,201.31,10.59,4.85,1.72,0.0
20191108:0910,136.86,17.27,6.49,1.66,0.0
20191108:1010,368.86,22.03,7.62,1.59,0.0
20191108:1110,618.44,24.41,8.51,1.79,0.0
20191108:1210,875.0,24.12,9.45,2.21,0.0
20191108:1310,457.96,21.2,9.9,2.28,0.0
20191108:1410,547.25,15.98,10.04,2.07,0.0
20191108:1510,346.33,8.96,9.93,1.79,0.0
20191108:1610,0.0,0.0,9.05,1.86,0.0
20191108:1710,0.0,0.0,7.87,2.14,0.0
20191108:1810,0.0,0.0,6.85,2.21,0.0
20191108:1910,0.0,0.0,6.87,1.79,0.0
20191108:2010,0.0,0.0,6.83,1.59,0.0
20191108:2110,0.0,0.0,6.21,1.52,0.0
20191108:2210,0.0,0.0,6.03,1.45,0.0
20191108:2310,0.0,0.0,5.64,1.79,0.0
20191109:0010,0.0,0.0,5.57,1.93,0.0
20191109:0110,0.0,0.0,5.53,2.14,0.0
20191109:0210,0.0,0.0,5.31,2.34,0.0
20191109:0310,0.0,0.0,5.21,2.34,0.0
20191109:0410,0.0,0.0,4.82,2.41,0.0
20191109:0510,0.0,0.0,4.56,2.28,0.0
20191109:0610,0.0,0.0,4.23,2.21,0.0
20191109:0710,5.15,2.24,3.12,2.14,0.0
20191109:0810,362.79,10.32,3.7,2.14,0.0
20191109:0910,602.29,16.99,5.46,2.34,0.0
20191109:1010,724.24,21.75,7.31,2.48,0.0
20191109:1110,693.81,24.12,8.55,2.55,0.0
20191109:1210,284.3,23.84,9.52,3.03,0.0
20191109:1310,244.33,20.93,9.94,3.52,0.0
20191109:1410,257.82,15.73,10.01,3.66,0.0
20191109:1510,112.97,8.73,9.56,3.03,0.0
20191109:1610,0.0,0.0,8.48,3.03,0.0
20191109:1710,0.0,0.0,7.62,3.31,0.0
20191109:1810,0.0,0.0,7.01,3.45,0.0
20191109:1910,0.0,0.0,7.36,3.45,0.0
20191109:2010,0.0,0.0,7.0,3.1,0.0
20191109:2110,0.0,0.0,6.76,2.83,0.0
20191109:2210,0.0,0.0,6.42,2.55,0.0
20191109:2310,0.0,0.0,6.25,2.34,0.0
20191110:0010,0.0,0.0,6.16,2.14,0.0
20191110:0110,0.0,0.0,5.99,1.93,0.0
20191110:0210,0.0,0.0,5.9,1.72,0.0
20191110:0310,0.0,0.0,5.9,1.93,0.0
20191110:0410,0.0,0.0,5.95,2.07,0.0
20191110:0510,0.0,0.0,5.98,2.21,0.0
20191110:0610,0.0,0.0,6.01,2.41,0.0
20191110:0710,2.58,2.0,6.19,1.17,0.0
20191110:0810,106.21,10.07,6.44,0.97,0.0
20191110:0910,45.86,16.72,6.99,1.24,0.0
20191110:1010,98.14,21.46,7.37,1.38,0.0
20191110:1110,95.39,23.84,7.5,1.24,0.0
20191110:1210,101.81,23.56,7.85,1.38,0.0
20191110:1310,60.53,20.67,8.26,1.66,0.0
20191110:1410,57.78,15.49,8.62,1.79,0.0
20191110:1510,71.61,8.5,8.65,1.59,0.0
20191110:1610,0.0,0.0,8.46,1.31,0.0
20191110:1710,0.0,0.0,8.07,1.24,0.0
20191110:1810,0.0,0.0,7.72,1.17,0.0
20191110:1910,0.0,0.0,6.97,1.45,0.0
20191110:2010,0.0,0.0,6.25,1.86,0.0
20191110:2110,0.0,0.0,6.18,2.14,0.0
20191110:2210,0.0,0.0,5.83,2.14,0.0
20191110:2310,0.0,0.0,5.56,2.41,0.0
20191111:0010,0.0,0.0,5.23,2.69,0.0
20191111:0110,0.0,0.0,5.11,2.62,0.0
20191111:0210,0.0,0.0,4.89,2.62,0.0
20191111:0310,0.0,0.0,4.64,2.83,0.0
20191111:0410,0.0,0.0,4.33,3.17,0.0
20191111:0510,0.0,0.0,4.27,3.66,0.0
20191111:0610,0.0,0.0,4.25,4.14,0.0
20191111:0710,2.58,1.76,4.68,4.28,0.0
20191111:0810,52.27,9.81,5.42,4.76,0.0
20191111:0910,40.36,16.45,6.52,6.0,0.0
20191111:1010,60.53,21.19,7.03,5.31,0.0
20191111:1110,62.37,23.55,7.52,5.31,0.0
20191111:1210,50.44,23.28,7.67,5.38,0.0
20191111:1310,264.37,20.41,8.52,3.93,0.0
20191111:1410,0.0,0.0,9.03,4.28,0.0
20191111:1510,319.01,8.29,8.83,4.41,0.0
20191111:1610,0.0,0.0,7.91,4.0,0.0
20191111:1710,0.0,0.0,7.08,3.66,0.0
20191111:1810,0.0,0.0,6.81,3.59,0.0
20191111:1910,0.0,0.0,5.87,3.38,0.0
20191111:2010,0.0,0.0,5.34,3.45,0.0
20191111:2110,0.0,0.0,5.21,3.52,0.0
20191111:2210,0.0,0.0,5.06,3.66,0.0
20191111:2310,0.0,0.0,4.89,4.0,0.0
20191112:0010,0.0,0.0,5.06,4.34,0.0
20191112:0110,0.0,0.0,4.81,4.41,0.0
20191112:0210,0.0,0.0,4.74,4.62,0.0
20191112:0310,0.0,0.0,5.09,4.9,0.0
20191112:0410,0.0,0.0,5.6,4.97,0.0
20191112:0510,0.0,0.0,5.72,4.97,0.0
20191112:0610,0.0,0.0,5.43,4.97,0.0
20191112:0710,0.0,0.0,5.48,4.62,0.0
20191112:0810,90.67,9.56,5.56,4.28,0.0
20191112:0910,186.52,16.19,6.53,3.86,0.0
20191112:1010,152.2,20.91,7.41,4.62,0.0
20191112:1110,244.58,23.28,8.24,4.69,0.0
20191112:1210,31.18,23.02,8.82,4.76,0.0
20191112:1310,716.53,20.15,8.94,4.69,0.0
20191112:1410,19.26,15.02,8.77,4.55,0.0
20191112:1510,78.34,8.07,7.78,4.55,0.0
20191112:1610,0.0,0.0,6.94,3.72,0.0
20191112:1710,0.0,0.0,5.96,3.45,0.0
20191112:1810,0.0,0.0,5.32,3.59,0.0
20191112:1910,0.0,0.0,4.48,3.24,0.0
20191112:2010,0.0,0.0,4.04,3.1,0.0
20191112:2110,0.0,0.0,3.71,3.17,0.0
20191112:2210,0.0,0.0,3.66,3.52,0.0
20191112:2310,0.0,0.0,3.92,3.86,0.0
20191113:0010,0.0,0.0,4.15,3.86,0.0
20191113:0110,0.0,0.0,4.63,3.59,0.0
20191113:0210,0.0,0.0,4.83,3.17,0.0
20191113:0310,0.0,0.0,4.79,2.9,0.0
20191113:0410,0.0,0.0,4.38,2.76,0.0
20191113:0510,0.0,0.0,4.41,2.62,0.0
20191113:0610,0.0,0.0,4.24,2.62,0.0
20191113:0710,0.0,0.0,4.33,2.83,0.0
20191113:0810,49.68,9.31,5.14,2.69,0.0
20191113:0910,63.29,15.92,6.44,3.03,0.0
20191113:1010,124.64,20.64,7.7,4.0,0.0
20191113:1110,309.84,23.01,8.69,3.45,0.0
20191113:1210,368.04,22.75,9.26,3.31,0.0
20191113:1310,26.6,19.91,9.51,3.38,0.0
20191113:1410,208.71,14.79,9.62,3.52,0.0
20191113:1510,227.49,7.87,8.53,3.52,0.0
20191113:1610,0.0,0.0,7.86,3.59,0.0
20191113:1710,0.0,0.0,7.4,3.59,0.0
20191113:1810,0.0,0.0,6.98,3.72,0.0
20191113:1910,0.0,0.0,6.31,4.07,0.0
20191113:2010,0.0,0.0,6.35,4.83,0.0
20191113:2110,0.0,0.0,6.32,5.31,0.0
20191113:2210,0.0,0.0,6.24,5.59,0.0
20191113:2310,0.0,0.0,6.01,5.79,0.0
20191114:0010,0.0,0.0,5.75,5.59,0.0
20191114:0110,0.0,0.0,5.66,6.0,0.0
20191114:0210,0.0,0.0,5.8,6.21,0.0
20191114:0310,0.0,0.0,5.91,5.52,0.0
20191114:0410,0.0,0.0,5.92,4.34,0.0
20191114:0510,0.0,0.0,5.77,3.72,0.0
20191114:0610,0.0,0.0,5.24,3.24,0.0
20191114:0710,0.0,0.0,4.35,3.03,0.0
20191114:0810,163.43,9.06,4.3,3.03,0.0
20191114:0910,481.2,15.66,5.31,4.21,0.0
20191114:1010,608.37,20.37,6.18,3.79,0.0
20191114:1110,304.76,22.74,7.19,3.17,0.0
20191114:1210,160.14,22.49,7.83,2.69,0.0
20191114:1310,156.88,19.67,8.16,2.62,0.0
20191114:1410,235.45,14.57,8.38,2.69,0.0
20191114:1510,92.53,7.67,8.18,2.0,0.0
20191114:1610,0.0,0.0,7.65,2.07,0.0
20191114:1710,0.0,0.0,6.77,2.0,0.0
20191114:1810,0.0,0.0,6.16,1.93,0.0
20191114:1910,0.0,0.0,6.07,1.66,0.0
20191114:2010,0.0,0.0,5.74,2.0,0.0
20191114:2110,0.0,0.0,5.25,2.21,0.0
20191114:2210,0.0,0.0,5.08,2.28,0.0
20191114:2310,0.0,0.0,5.18,2.14,0.0
20191115:0010,0.0,0.0,5.18,2.14,0.0
20191115:0110,0.0,0.0,5.07,2.0,0.0
20191115:0210,0.0,0.0,4.91,2.28,0.0
20191115:0310,0.0,0.0,4.62,2.55,0.0
20191115:0410,0.0,0.0,4.46,2.76,0.0
20191115:0510,0.0,0.0,4.56,3.1,0.0
20191115:0610,0.0,0.0,4.59,3.31,0.0
20191115:0710,0.0,0.0,4.13,3.52,0.0
20191115:0810,29.35,8.81,3.82,3.24,0.0
20191115:0910,54.11,15.41,3.69,3.38,0.0
20191115:1010,40.36,20.11,3.17,2.69,0.0
20191115:1110,63.29,22.48,2.64,1.79,0.0
20191115:1210,48.61,22.24,2.51,1.17,0.0
20191115:1310,67.87,19.43,2.49,0.34,0.0
20191115:1410,61.45,14.35,2.53,0.41,0.0
20191115:1510,37.37,7.47,2.5,0.97,0.0
20191115:1610,0.0,0.0,2.37,1.86,0.0
20191115:1710,0.0,0.0,2.26,2.76,0.0
20191115:1810,0.0,0.0,2.23,3.1,0.0
20191115:1910,0.0,0.0,2.91,4.34,0.0
20191115:2010,0.0,0.0,3.05,3.93,0.0
20191115:2110,0.0,0.0,3.18,3.38,0.0
20191115:2210,0.0,0.0,3.31,3.31,0.0
20191115:2310,0.0,0.0,3.57,3.52,0.0
20191116:0010,0.0,0.0,3.7,3.52,0.0
20191116:0110,0.0,0.0,3.92,3.66,0.0
20191116:0210,0.0,0.0,4.11,3.66,0.0
20191116:0310,0.0,0.0,4.2,3.72,0.0
20191116:0410,0.0,0.0,4.3,3.79,0.0
20191116:0510,0.0,0.0,4.41,3.86,0.0
20191116:0610,0.0,0.0,4.53,3.86,0.0
20191116:0710,0.0,0.0,5.05,3.31,0.0
20191116:0810,55.11,8.57,5.3,3.24,0.0
20191116:0910,45.86,15.16,5.58,3.86,0.0
20191116:1010,70.62,19.85,6.11,4.14,0.0
20191116:1110,147.5,22.22,6.49,4.28,0.0
20191116:1210,94.47,21.99,6.77,3.93,0.0
20191116:1310,63.29,19.2,6.97,3.45,0.0
20191116:1410,45.86,14.14,7.13,3.59,0.0
20191116:1510,93.03,7.28,7.1,3.17,0.0
20191116:1610,0.0,0.0,6.86,2.62,0.0
20191116:1710,0.0,0.0,6.62,2.28,0.0
20191116:1810,0.0,0.0,6.29,1.93,0.0
20191116:1910,0.0,0.0,5.95,1.72,0.0
20191116:2010,0.0,0.0,5.8,1.52,0.0
20191116:2110,0.0,0.0,5.26,1.59,0.0
20191116:2210,0.0,0.0,4.65,1.66,0.0
20191116:2310,0.0,0.0,4.16,1.59,0.0
20191117:0010,0.0,0.0,3.72,1.45,0.0
20191117:0110,0.0,0.0,3.26,1.38,0.0
20191117:0210,0.0,0.0,2.87,1.17,0.0
20191117:0310,0.0,0.0,2.82,1.1,0.0
20191117:0410,0.0,0.0,2.44,1.31,0.0
20191117:0510,0.0,0.0,2.21,1.31,0.0
20191117:0610,0.0,0.0,1.93,1.38,0.0
20191117:0710,0.0,0.0,1.65,0.97,0.0
20191117:0810,52.52,8.33,2.26,1.1,0.0
20191117:0910,53.2,14.91,3.1,1.38,0.0
20191117:1010,119.47,19.6,4.28,1.52,0.0
20191117:1110,773.51,21.97,5.9,1.79,0.0
20191117:1210,807.3,21.75,6.86,1.52,0.0
20191117:1310,485.53,18.98,7.68,1.59,0.0
20191117:1410,90.54,13.94,7.84,1.66,0.0
20191117:1510,19.26,7.1,7.67,1.52,0.0
20191117:1610,0.0,0.0,7.02,1.45,0.0
20191117:1710,0.0,0.0,6.03,1.72,0.0
20191117:1810,0.0,0.0,5.09,1.93,0.0
20191117:1910,0.0,0.0,4.61,2.21,0.0
20191117:2010,0.0,0.0,4.4,2.41,0.0
20191117:2110,0.0,0.0,4.11,2.55,0.0
20191117:2210,0.0,0.0,3.86,2.55,0.0
20191117:2310,0.0,0.0,3.72,2.48,0.0
20191118:0010,0.0,0.0,3.53,2.41,0.0
20191118:0110,0.0,0.0,3.29,2.28,0.0
20191118:0210,0.0,0.0,2.99,2.14,0.0
20191118:0310,0.0,0.0,2.82,2.07,0.0
20191118:0410,0.0,0.0,2.78,2.21,0.0
20191118:0510,0.0,0.0,2.83,2.34,0.0
20191118:0610,0.0,0.0,3.15,2.34,0.0
20191118:0710,0.0,0.0,2.77,2.48,0.0
20191118:0810,86.26,8.1,3.33,2.55,0.0
20191118:0910,111.28,14.67,4.76,2.34,0.0
20191118:1010,86.21,19.35,6.21,2.76,0.0
20191118:1110,55.03,21.72,7.42,3.31,0.0
20191118:1210,110.93,21.52,8.22,4.69,0.0
20191118:1310,173.15,18.76,8.06,3.93,0.0
20191118:1410,152.57,13.74,7.53,3.03,0.0
20191118:1510,75.58,6.92,7.52,2.97,0.0
20191118:1610,0.0,0.0,7.37,3.17,0.0
20191118:1710,0.0,0.0,7.24,3.86,0.0
20191118:1810,0.0,0.0,6.92,3.72,0.0
20191118:1910,0.0,0.0,6.43,2.97,0.0
20191118:2010,0.0,0.0,5.65,2.69,0.0
20191118:2110,0.0,0.0,4.71,2.48,0.0
20191118:2210,0.0,0.0,4.11,2.34,0.0
20191118:2310,0.0,0.0,3.26,2.28,0.0
20191119:0010,0.0,0.0,3.06,2.0,0.0
20191119:0110,0.0,0.0,2.55,1.79,0.0
20191119:0210,0.0,0.0,2.26,1.52,0.0
20191119:0310,0.0,0.0,1.97,1.52,0.0
20191119:0410,0.0,0.0,1.6,1.52,0.0
20191119:0510,0.0,0.0,1.75,1.24,0.0
20191119:0610,0.0,0.0,2.38,0.9,0.0
20191119:0710,0.0,0.0,3.27,0.97,0.0
20191119:0810,120.82,7.87,3.63,0.76,0.0
20191119:0910,93.25,14.43,5.01,0.55,0.0
20191119:1010,124.43,19.11,6.54,0.55,0.0
20191119:1110,500.67,21.48,7.16,0.62,0.0
20191119:1210,685.82,21.29,7.34,0.55,0.0
20191119:1310,626.51,18.55,7.44,0.48,0.0
20191119:1410,557.29,13.55,7.35,0.48,0.0
20191119:1510,195.96,6.75,7.24,0.48,0.0
20191119:1610,0.0,0.0,6.87,0.41,0.0
20191119:1710,0.0,0.0,6.24,0.55,0.0
20191119:1810,0.0,0.0,4.77,1.1,0.0
20191119:1910,0.0,0.0,3.72,1.93,0.0
20191119:2010,0.0,0.0,2.43,2.0,0.0
20191119:2110,0.0,0.0,1.78,2.0,0.0
20191119:2210,0.0,0.0,0.94,2.0,0.0
20191119:2310,0.0,0.0,0.33,2.14,0.0
20191120:0010,0.0,0.0,-0.16,2.14,0.0
20191120:0110,0.0,0.0,-0.51,2.14,0.0
20191120:0210,0.0,0.0,-0.76,2.21,0.0
20191120:0310,0.0,0.0,-0.69,2.41,0.0
20191120:0410,0.0,0.0,-0.35,2.62,0.0
20191120:0510,0.0,0.0,-0.02,2.76,0.0
20191120:0610,0.0,0.0,0.0,2.76,0.0
20191120:0710,0.0,0.0,-0.25,2.83,0.0
20191120:0810,172.85,7.64,0.0,2.83,0.0
20191120:0910,301.64,14.19,1.4,2.69,0.0
20191120:1010,532.11,18.87,3.06,3.1,0.0
20191120:1110,656.53,21.25,4.53,3.24,0.0
20191120:1210,733.67,21.06,5.69,3.31,0.0
20191120:1310,677.78,18.34,6.46,3.38,0.0
20191120:1410,508.88,13.37,6.74,3.52,0.0
20191120:1510,259.39,6.59,6.34,3.24,0.0
20191120:1610,0.0,0.0,5.01,3.59,0.0
20191120:1710,0.0,0.0,3.85,3.79,0.0
20191120:1810,0.0,0.0,2.98,3.72,0.0
20191120:1910,0.0,0.0,2.88,3.31,0.0
20191120:2010,0.0,0.0,2.53,3.03,0.0
20191120:2110,0.0,0.0,2.28,2.83,0.0
20191120:2210,0.0,0.0,2.0,2.76,0.0
20191120:2310,0.0,0.0,1.77,2.69,0.0
20191121:0010,0.0,0.0,1.58,2.69,0.0
20191121:0110,0.0,0.0,1.55,2.55,0.0
20191121:0210,0.0,0.0,1.5,2.48,0.0
20191121:0310,0.0,0.0,1.49,2.41,0.0
20191121:0410,0.0,0.0,1.43,2.41,0.0
20191121:0510,0.0,0.0,1.51,2.41,0.0
20191121:0610,0.0,0.0,1.79,2.41,0.0
20191121:0710,0.0,0.0,1.93,2.48,0.0
20191121:0810,167.85,7.41,2.47,2.55,0.0
20191121:0910,528.41,13.96,4.21,2.41,0.0
20191121:1010,666.93,18.64,6.54,3.03,0.0
20191121:1110,790.56,21.02,8.29,3.38,0.0
20191121:1210,778.47,20.85,9.53,3.52,0.0
20191121:1310,720.65,18.14,10.31,3.52,0.0
20191121:1410,59.62,13.19,10.59,3.31,0.0
20191121:1510,118.75,6.43,10.02,2.9,0.0
20191121:1610,0.0,0.0,8.84,3.1,0.0
20191121:1710,0.0,0.0,7.93,3.38,0.0
20191121:1810,0.0,0.0,7.8,3.72,0.0
20191121:1910,0.0,0.0,8.04,3.79,0.0
20191121:2010,0.0,0.0,7.82,3.86,0.0
20191121:2110,0.0,0.0,7.3,3.93,0.0
20191121:2210,0.0,0.0,6.93,4.0,0.0
20191121:2310,0.0,0.0,6.59,3.93,0.0
20191122:0010,0.0,0.0,6.49,3.86,0.0
20191122:0110,0.0,0.0,6.51,3.86,0.0
20191122:0210,0.0,0.0,6.25,3.79,0.0
20191122:0310,0.0,0.0,6.11,3.86,0.0
20191122:0410,0.0,0.0,5.88,3.79,0.0
20191122:0510,0.0,0.0,5.66,3.72,0.0
20191122:0610,0.0,0.0,5.32,3.59,0.0
20191122:0710,0.0,0.0,4.97,3.59,0.0
20191122:0810,273.3,7.19,4.94,3.45,0.0
20191122:0910,533.13,13.73,6.04,3.31,0.0
20191122:1010,646.15,18.41,7.74,3.72,0.0
20191122:1110,752.13,20.79,9.37,4.0,0.0
20191122:1210,722.72,20.64,10.54,4.14,0.0
20191122:1310,623.71,17.95,11.12,4.62,0.0
20191122:1410,490.8,13.02,11.21,4.83,0.0
20191122:1510,213.8,6.28,10.75,4.9,0.0
20191122:1610,0.0,0.0,10.13,4.97,0.0
20191122:1710,0.0,0.0,10.1,5.1,0.0
20191122:1810,0.0,0.0,10.36,5.79,0.0
20191122:1910,0.0,0.0,11.71,6.83,0.0
20191122:2010,0.0,0.0,11.48,7.17,0.0
20191122:2110,0.0,0.0,10.61,6.97,0.0
20191122:2210,0.0,0.0,9.94,6.41,0.0
20191122:2310,0.0,0.0,9.5,5.93,0.0
20191123:0010,0.0,0.0,9.67,5.86,0.0
20191123:0110,0.0,0.0,9.52,5.72,0.0
20191123:0210,0.0,0.0,9.65,5.66,0.0
20191123:0310,0.0,0.0,9.71,5.45,0.0
20191123:0410,0.0,0.0,9.74,5.24,0.0
20191123:0510,0.0,0.0,9.83,5.24,0.0
20191123:0610,0.0,0.0,9.91,5.52,0.0
20191123:0710,0.0,0.0,10.7,7.31,0.0
20191123:0810,12.84,6.98,10.5,6.69,0.0
20191123:0910,108.74,13.51,9.77,6.0,0.0
20191123:1010,82.55,18.19,9.17,5.52,0.0
20191123:1110,189.34,20.58,8.89,5.45,0.0
20191123:1210,88.05,20.43,8.93,5.45,0.0
20191123:1310,100.46,17.76,9.41,4.9,0.0
20191123:1410,99.26,12.85,9.49,3.59,0.0
20191123:1510,156.42,6.14,9.37,3.17,0.0
20191123:1610,0.0,0.0,9.17,3.24,0.0
20191123:1710,0.0,0.0,9.12,2.69,0.0
20191123:1810,0.0,0.0,8.95,2.21,0.0
20191123:1910,0.0,0.0,9.58,2.21,0.0
20191123:2010,0.0,0.0,8.96,2.21,0.0
20191123:2110,0.0,0.0,8.46,2.07,0.0
20191123:2210,0.0,0.0,7.76,1.45,0.0
20191123:2310,0.0,0.0,8.59,0.28,0.0
20191124:0010,0.0,0.0,8.04,0.48,0.0
20191124:0110,0.0,0.0,6.34,0.97,0.0
20191124:0210,0.0,0.0,5.33,1.1,0.0
20191124:0310,0.0,0.0,5.34,1.24,0.0
20191124:0410,0.0,0.0,5.84,1.66,0.0
20191124:0510,0.0,0.0,6.24,1.86,0.0
20191124:0610,0.0,0.0,6.62,1.93,0.0
20191124:0710,0.0,0.0,7.37,0.97,0.0
20191124:0810,64.27,6.76,7.74,1.17,0.0
20191124:0910,56.86,13.29,8.71,2.07,0.0
20191124:1010,419.43,17.97,9.42,2.48,0.0
20191124:1110,742.61,20.37,10.14,2.76,0.0
20191124:1210,590.77,20.23,10.49,2.55,0.0
20191124:1310,385.6,17.58,11.0,2.76,0.0
20191124:1410,301.8,12.7,11.07,2.48,0.0
20191124:1510,56.25,6.0,10.46,2.21,0.0
20191124:1610,0.0,0.0,9.17,2.41,0.0
20191124:1710,0.0,0.0,7.83,2.62,0.0
20191124:1810,0.0,0.0,7.34,2.62,0.0
20191124:1910,0.0,0.0,7.55,2.34,0.0
20191124:2010,0.0,0.0,7.84,2.55,0.0
20191124:2110,0.0,0.0,8.41,2.62,0.0
20191124:2210,0.0,0.0,8.72,2.69,0.0
20191124:2310,0.0,0.0,9.05,2.76,0.0
20191125:0010,0.0,0.0,9.01,2.76,0.0
20191125:0110,0.0,0.0,9.01,2.76,0.0
20191125:0210,0.0,0.0,9.02,2.9,0.0
20191125:0310,0.0,0.0,8.93,3.03,0.0
20191125:0410,0.0,0.0,8.94,3.1,0.0
20191125:0510,0.0,0.0,8.74,3.24,0.0
20191125:0610,0.0,0.0,8.59,3.38,0.0
20191125:0710,0.0,0.0,8.17,3.59,0.0
20191125:0810,69.39,6.55,8.0,3.59,0.0
20191125:0910,150.6,13.08,8.48,3.45,0.0
20191125:1010,704.18,17.76,9.11,3.38,0.0
20191125:1110,732.03,20.16,9.49,3.45,0.0
20191125:1210,538.4,20.04,10.06,3.31,0.0
20191125:1310,191.1,17.41,10.72,3.59,0.0
20191125:1410,368.93,12.54,11.23,3.72,0.0
20191125:1510,8.25,5.87,10.9,3.86,0.0
20191125:1610,0.0,0.0,10.45,3.66,0.0
20191125:1710,0.0,0.0,10.33,3.45,0.0
20191125:1810,0.0,0.0,10.51,3.59,0.0
20191125:1910,0.0,0.0,10.63,3.17,0.0
20191125:2010,0.0,0.0,10.7,3.17,0.0
20191125:2110,0.0,0.0,10.64,3.24,0.0
20191125:2210,0.0,0.0,10.8,3.31,0.0
20191125:2310,0.0,0.0,10.79,3.38,0.0
20191126:0010,0.0,0.0,10.86,3.52,0.0
20191126:0110,0.0,0.0,10.88,3.59,0.0
20191126:0210,0.0,0.0,10.91,3.79,0.0
20191126:0310,0.0,0.0,10.9,3.59,0.0
20191126:0410,0.0,0.0,10.7,3.66,0.0
20191126:0510,0.0,0.0,10.58,3.86,0.0
20191126:0610,0.0,0.0,10.49,4.14,0.0
20191126:0710,0.0,0.0,10.92,4.34,0.0
20191126:0810,24.76,6.35,10.97,4.62,0.0
20191126:0910,94.99,12.87,11.12,4.9,0.0
20191126:1010,26.6,17.55,11.15,5.1,0.0
20191126:1110,70.62,19.96,11.2,4.9,0.0
20191126:1210,133.99,19.85,11.45,4.76,0.0
20191126:1310,142.64,17.24,11.84,4.48,0.0
20191126:1410,55.95,12.4,12.15,4.28,0.0
20191126:1510,40.8,5.74,12.22,4.21,0.0
20191126:1610,0.0,0.0,11.83,4.0,0.0
20191126:1710,0.0,0.0,11.44,3.93,0.0
20191126:1810,0.0,0.0,11.29,4.21,0.0
20191126:1910,0.0,0.0,11.23,3.86,0.0
20191126:2010,0.0,0.0,11.25,4.21,0.0
20191126:2110,0.0,0.0,11.19,4.21,0.0
20191126:2210,0.0,0.0,11.35,4.28,0.0
20191126:2310,0.0,0.0,11.43,4.76,0.0
20191127:0010,0.0,0.0,11.3,4.97,0.0
20191127:0110,0.0,0.0,11.82,6.62,0.0
20191127:0210,0.0,0.0,12.01,7.86,0.0
20191127:0310,0.0,0.0,11.4,7.45,0.0
20191127:0410,0.0,0.0,10.77,7.17,0.0
20191127:0510,0.0,0.0,10.34,7.45,0.0
20191127:0610,0.0,0.0,9.79,6.9,0.0
20191127:0710,0.0,0.0,9.95,6.28,0.0
20191127:0810,82.92,6.15,9.8,6.21,0.0
20191127:0910,114.77,12.67,10.36,6.07,0.0
20191127:1010,64.2,17.35,10.67,6.21,0.0
20191127:1110,172.31,19.77,10.99,6.83,0.0
20191127:1210,243.45,19.68,11.26,7.03,0.0
20191127:1310,22.93,17.08,11.37,7.79,0.0
20191127:1410,14.67,12.26,11.67,7.38,0.0
20191127:1510,22.33,5.62,11.75,7.03,0.0
20191127:1610,0.0,0.0,11.6,6.83,0.0
20191127:1710,0.0,0.0,11.12,7.1,0.0
20191127:1810,0.0,0.0,10.84,7.1,0.0
20191127:1910,0.0,0.0,11.2,7.17,0.0
20191127:2010,0.0,0.0,10.89,6.97,0.0
20191127:2110,0.0,0.0,10.79,6.83,0.0
20191127:2210,0.0,0.0,10.38,6.69,0.0
20191127:2310,0.0,0.0,10.6,6.62,0.0
20191128:0010,0.0,0.0,10.57,6.41,0.0
20191128:0110,0.0,0.0,10.51,6.21,0.0
20191128:0210,0.0,0.0,10.38,6.14,0.0
20191128:0310,0.0,0.0,10.34,6.41,0.0
20191128:0410,0.0,0.0,10.11,6.28,0.0
20191128:0510,0.0,0.0,9.99,6.07,0.0
20191128:0610,0.0,0.0,9.83,5.72,0.0
20191128:0710,0.0,0.0,9.62,5.72,0.0
20191128:0810,48.2,5.95,9.46,5.45,0.0
20191128:0910,204.43,12.47,9.71,5.93,0.0
20191128:1010,99.78,17.15,9.94,6.0,0.0
20191128:1110,128.42,19.58,10.48,6.14,0.0
20191128:1210,114.14,19.5,11.26,6.34,0.0
20191128:1310,65.12,16.93,11.42,4.76,0.0
20191128:1410,221.32,12.13,11.04,4.55,0.0
20191128:1510,22.33,5.51,10.7,4.62,0.0
20191128:1610,0.0,0.0,10.42,4.83,0.0
20191128:1710,0.0,0.0,10.27,4.69,0.0
20191128:1810,0.0,0.0,9.94,4.41,0.0
20191128:1910,0.0,0.0,9.93,4.55,0.0
20191128:2010,0.0,0.0,9.33,4.07,0.0
20191128:2110,0.0,0.0,9.18,3.72,0.0
20191128:2210,0.0,0.0,8.95,3.45,0.0
20191128:2310,0.0,0.0,8.59,3.38,0.0
20191129:0010,0.0,0.0,8.88,3.52,0.0
20191129:0110,0.0,0.0,9.03,3.72,0.0
20191129:0210,0.0,0.0,8.91,3.59,0.0
20191129:0310,0.0,0.0,8.64,3.17,0.0
20191129:0410,0.0,0.0,8.77,2.9,0.0
20191129:0510,0.0,0.0,8.8,2.83,0.0
20191129:0610,0.0,0.0,8.42,2.55,0.0
20191129:0710,0.0,0.0,8.14,2.55,0.0
20191129:0810,41.94,5.76,8.12,2.34,0.0
20191129:0910,103.34,12.28,8.37,2.14,0.0
20191129:1010,22.01,16.96,8.79,2.62,0.0
20191129:1110,25.68,19.4,8.89,2.21,0.0
20191129:1210,55.03,19.34,8.68,2.41,0.0
20191129:1310,99.88,16.79,8.96,2.41,0.0
20191129:1410,40.36,12.0,8.82,2.21,0.0
20191129:1510,30.06,5.41,8.46,2.0,0.0
20191129:1610,0.0,0.0,7.86,1.79,0.0
20191129:1710,0.0,0.0,6.92,1.79,0.0
20191129:1810,0.0,0.0,6.15,1.59,0.0
20191129:1910,0.0,0.0,6.26,1.52,0.0
20191129:2010,0.0,0.0,5.81,1.66,0.0
20191129:2110,0.0,0.0,4.92,1.72,0.0
20191129:2210,0.0,0.0,4.54,1.52,0.0
20191129:2310,0.0,0.0,4.04,1.66,0.0
20191130:0010,0.0,0.0,3.91,1.72,0.0
20191130:0110,0.0,0.0,3.66,1.79,0.0
20191130:0210,0.0,0.0,3.33,1.79,0.0
20191130:0310,0.0,0.0,3.25,1.86,0.0
20191130:0410,0.0,0.0,3.4,2.07,0.0
20191130:0510,0.0,0.0,3.95,2.28,0.0
20191130:0610,0.0,0.0,4.03,2.48,0.0
20191130:0710,0.0,0.0,4.79,3.03,0.0
20191130:0810,134.73,5.58,4.55,2.97,0.0
20191130:0910,365.75,12.1,5.34,2.9,0.0
20191130:1010,568.57,16.78,6.51,3.59,0.0
20191130:1110,535.84,19.23,7.4,3.79,0.0
20191130:1210,495.95,19.18,8.07,4.07,0.0
20191130:1310,155.61,16.65,8.5,4.14,0.0
20191130:1410,197.1,11.89,8.3,3.66,0.0
20191130:1510,28.34,5.31,7.84,3.93,0.0
20191130:1610,0.0,0.0,7.09,4.28,0.0
20191130:1710,0.0,0.0,6.37,4.07,0.0
20191130:1810,0.0,0.0,5.83,3.79,0.0
20191130:1910,0.0,0.0,5.68,4.28,0.0
20191130:2010,0.0,0.0,5.39,4.41,0.0
20191130:2110,0.0,0.0,5.27,4.55,0.0
20191130:2210,0.0,0.0,5.04,4.62,0.0
20191130:2310,0.0,0.0,5.01,4.41,0.0
20191201:0010,0.0,0.0,4.93,4.21,0.0
20191201:0110,0.0,0.0,4.68,4.07,0.0
20191201:0210,0.0,0.0,4.56,3.93,0.0
20191201:0310,0.0,0.0,4.35,3.66,0.0
20191201:0410,0.0,0.0,3.92,3.59,0.0
20191201:0510,0.0,0.0,3.72,3.38,0.0
20191201:0610,0.0,0.0,3.55,3.1,0.0
20191201:0710,0.0,0.0,3.38,2.41,0.0
20191201:0810,22.93,5.4,3.45,2.41,0.0
20191201:0910,54.11,11.92,3.51,2.62,0.0
20191201:1010,52.28,16.6,3.6,3.03,0.0
20191201:1110,29.35,19.06,3.67,3.38,0.0
20191201:1210,55.95,19.03,3.65,3.52,0.0
20191201:1310,61.45,16.52,3.71,3.59,0.0
20191201:1410,72.7,11.78,3.58,3.52,0.0
20191201:1510,17.17,5.22,3.35,3.52,0.0
20191201:1610,0.0,0.0,3.13,3.66,0.0
20191201:1710,0.0,0.0,3.02,3.79,0.0
20191201:1810,0.0,0.0,2.98,4.14,0.0
20191201:1910,0.0,0.0,3.22,4.14,0.0
20191201:2010,0.0,0.0,3.06,4.07,0.0
20191201:2110,0.0,0.0,2.73,4.28,0.0
20191201:2210,0.0,0.0,2.59,4.34,0.0
20191201:2310,0.0,0.0,2.24,4.21,0.0
20191202:0010,0.0,0.0,1.55,3.93,0.0
20191202:0110,0.0,0.0,0.84,3.66,0.0
20191202:0210,0.0,0.0,0.3,3.52,0.0
20191202:0310,0.0,0.0,-0.14,3.45,0.0
20191202:0410,0.0,0.0,-0.43,3.38,0.0
20191202:0510,0.0,0.0,-0.63,3.03,0.0
20191202:0610,0.0,0.0,-0.79,2.9,0.0
20191202:0710,0.0,0.0,-0.71,2.9,0.0
20191202:0810,220.76,5.22,-0.51,2.69,0.0
20191202:0910,478.31,11.74,0.7,2.28,0.0
20191202:1010,461.93,16.43,2.65,2.28,0.0
20191202:1110,541.34,18.9,4.24,2.34,0.0
20191202:1210,355.89,18.88,5.31,2.55,0.0
20191202:1310,535.31,16.39,5.95,2.69,0.0
20191202:1410,357.6,11.67,6.25,2.69,0.0
20191202:1510,27.48,5.13,6.0,2.21,0.0
20191202:1610,0.0,0.0,5.19,2.28,0.0
20191202:1710,0.0,0.0,4.67,2.34,0.0
20191202:1810,0.0,0.0,4.09,2.34,0.0
20191202:1910,0.0,0.0,3.16,2.55,0.0
20191202:2010,0.0,0.0,2.81,2.55,0.0
20191202:2110,0.0,0.0,2.45,2.48,0.0
20191202:2210,0.0,0.0,2.02,2.41,0.0
20191202:2310,0.0,0.0,1.6,2.41,0.0
20191203:0010,0.0,0.0,1.16,2.41,0.0
20191203:0110,0.0,0.0,0.87,2.21,0.0
20191203:0210,0.0,0.0,0.77,2.0,0.0
20191203:0310,0.0,0.0,0.91,1.93,0.0
20191203:0410,0.0,0.0,0.84,1.86,0.0
20191203:0510,0.0,0.0,0.97,1.66,0.0
20191203:0610,0.0,0.0,1.61,1.52,0.0
20191203:0710,0.0,0.0,1.33,1.45,0.0
20191203:0810,28.12,5.05,2.27,1.31,0.0
20191203:0910,120.84,11.57,3.26,1.59,0.0
20191203:1010,95.45,16.27,4.13,1.93,0.0
20191203:1110,154.25,18.75,4.59,2.07,0.0
20191203:1210,82.55,18.75,5.09,2.07,0.0
20191203:1310,0.0,0.0,5.42,1.86,0.0
20191203:1410,110.87,11.58,5.59,1.93,0.0
20191203:1510,27.48,5.06,5.61,2.14,0.0
20191203:1610,0.0,0.0,5.22,2.07,0.0
20191203:1710,0.0,0.0,4.73,2.34,0.0
20191203:1810,0.0,0.0,4.5,2.48,0.0
20191203:1910,0.0,0.0,3.42,2.62,0.0
20191203:2010,0.0,0.0,2.79,2.62,0.0
20191203:2110,0.0,0.0,2.37,2.55,0.0
20191203:2210,0.0,0.0,1.91,2.48,0.0
20191203:2310,0.0,0.0,1.46,2.48,0.0
20191204:0010,0.0,0.0,1.02,2.41,0.0
20191204:0110,0.0,0.0,0.48,2.28,0.0
20191204:0210,0.0,0.0,-0.12,2.07,0.0
20191204:0310,0.0,0.0,-0.74,2.07,0.0
20191204:0410,0.0,0.0,-1.22,2.21,0.0
20191204:0510,0.0,0.0,-1.5,2.21,0.0
20191204:0610,0.0,0.0,-1.76,2.21,0.0
20191204:0710,0.0,0.0,-2.11,2.21,0.0
20191204:0810,187.39,4.88,-2.14,2.21,0.0
20191204:0910,457.47,11.41,-0.53,1.72,0.0
20191204:1010,660.39,16.11,1.35,1.66,0.0
20191204:1110,721.48,18.6,2.73,1.38,0.0
20191204:1210,769.93,18.62,3.82,1.1,0.0
20191204:1310,647.07,16.16,4.56,1.03,0.0
20191204:1410,369.96,11.49,4.84,0.9,0.0
20191204:1510,21.47,4.99,4.61,0.69,0.0
20191204:1610,0.0,0.0,3.47,0.69,0.0
20191204:1710,0.0,0.0,2.98,0.48,0.0
20191204:1810,0.0,0.0,2.29,0.34,0.0
20191204:1910,0.0,0.0,-0.12,1.17,0.0
20191204:2010,0.0,0.0,-1.03,1.31,0.0
20191204:2110,0.0,0.0,-2.4,1.66,0.0
20191204:2210,0.0,0.0,-2.83,1.79,0.0
20191204:2310,0.0,0.0,-2.85,1.79,0.0
20191205:0010,0.0,0.0,-2.77,1.59,0.0
20191205:0110,0.0,0.0,-2.56,1.31,0.0
20191205:0210,0.0,0.0,-2.91,1.1,0.0
20191205:0310,0.0,0.0,-2.95,1.24,0.0
20191205:0410,0.0,0.0,-2.17,1.66,0.0
20191205:0510,0.0,0.0,-1.82,1.72,0.0
20191205:0610,0.0,0.0,-1.68,1.31,0.0
20191205:0710,0.0,0.0,-1.57,0.9,0.0
20191205:0810,36.92,4.72,-1.83,1.1,0.0
20191205:0910,54.11,11.25,-1.63,1.66,0.0
20191205:1010,78.88,15.96,-1.16,1.66,0.0
20191205:1110,98.44,18.46,-0.72,0.76,0.0
20191205:1210,66.95,18.49,-0.1,1.45,0.0
20191205:1310,54.11,16.06,0.24,1.72,0.0
20191205:1410,35.77,11.4,0.39,1.72,0.0
20191205:1510,26.62,4.92,0.39,1.72,0.0
20191205:1610,0.0,0.0,0.27,1.17,0.0
20191205:1710,0.0,0.0,0.24,1.38,0.0
20191205:1810,0.0,0.0,0.43,1.52,0.0
20191205:1910,0.0,0.0,0.89,1.86,0.0
20191205:2010,0.0,0.0,0.87,2.21,0.0
20191205:2110,0.0,0.0,1.17,2.41,0.0
20191205:2210,0.0,0.0,1.15,2.48,0.0
20191205:2310,0.0,0.0,1.07,2.76,0.0
20191206:0010,0.0,0.0,1.11,3.03,0.0
20191206:0110,0.0,0.0,1.08,3.17,0.0
20191206:0210,0.0,0.0,1.04,3.31,0.0
20191206:0310,0.0,0.0,1.09,3.31,0.0
20191206:0410,0.0,0.0,1.18,3.45,0.0
20191206:0510,0.0,0.0,1.29,3.66,0.0
20191206:0610,0.0,0.0,1.54,3.79,0.0
20191206:0710,0.0,0.0,2.34,4.0,0.0
20191206:0810,36.33,4.57,2.56,4.28,0.0
20191206:0910,93.16,11.09,3.11,4.55,0.0
20191206:1010,28.43,15.81,3.79,4.97,0.0
20191206:1110,45.86,18.33,4.46,5.17,0.0
20191206:1210,38.52,18.38,4.91,5.45,0.0
20191206:1310,58.7,15.96,5.27,5.52,0.0
20191206:1410,44.94,11.33,5.62,5.86,0.0
20191206:1510,24.9,4.86,6.07,5.86,0.0
20191206:1610,0.0,0.0,6.6,6.14,0.0
20191206:1710,0.0,0.0,7.26,6.41,0.0
20191206:1810,0.0,0.0,7.79,6.48,0.0
20191206:1910,0.0,0.0,8.17,6.55,0.0
20191206:2010,0.0,0.0,8.51,6.34,0.0
20191206:2110,0.0,0.0,8.8,6.0,0.0
20191206:2210,0.0,0.0,8.96,5.52,0.0
20191206:2310,0.0,0.0,9.01,5.03,0.0
20191207:0010,0.0,0.0,9.0,4.41,0.0
20191207:0110,0.0,0.0,9.04,3.93,0.0
20191207:0210,0.0,0.0,8.91,3.79,0.0
20191207:0310,0.0,0.0,8.81,3.66,0.0
20191207:0410,0.0,0.0,8.72,3.66,0.0
20191207:0510,0.0,0.0,8.63,3.52,0.0
20191207:0610,0.0,0.0,8.53,3.24,0.0
20191207:0710,0.0,0.0,8.73,3.1,0.0
20191207:0810,66.52,4.42,8.68,2.97,0.0
20191207:0910,80.46,10.95,9.0,2.97,0.0
20191207:1010,113.28,15.68,9.49,3.31,0.0
20191207:1110,496.28,18.2,9.99,3.38,0.0
20191207:1210,323.32,18.27,10.18,3.66,0.0
20191207:1310,160.77,15.88,10.37,3.72,0.0
20191207:1410,39.44,11.26,10.26,2.76,0.0
20191207:1510,21.47,4.81,9.65,2.48,0.0
20191207:1610,0.0,0.0,8.43,2.55,0.0
20191207:1710,0.0,0.0,7.64,2.62,0.0
20191207:1810,0.0,0.0,7.02,2.76,0.0
20191207:1910,0.0,0.0,8.01,3.03,0.0
20191207:2010,0.0,0.0,7.86,2.9,0.0
20191207:2110,0.0,0.0,8.07,3.03,0.0
20191207:2210,0.0,0.0,8.57,3.1,0.0
20191207:2310,0.0,0.0,9.0,3.24,0.0
20191208:0010,0.0,0.0,9.35,3.86,0.0
20191208:0110,0.0,0.0,9.53,4.69,0.0
20191208:0210,0.0,0.0,9.57,5.17,0.0
20191208:0310,0.0,0.0,9.56,5.45,0.0
20191208:0410,0.0,0.0,9.54,5.72,0.0
20191208:0510,0.0,0.0,9.53,6.0,0.0
20191208:0610,0.0,0.0,9.62,6.14,0.0
20191208:0710,0.0,0.0,10.44,6.55,0.0
20191208:0810,9.17,4.27,10.61,6.69,0.0
20191208:0910,77.79,10.81,10.85,6.83,0.0
20191208:1010,74.29,15.54,11.13,6.83,0.0
20191208:1110,83.46,18.08,11.49,6.34,0.0
20191208:1210,67.87,18.17,11.76,5.79,0.0
20191208:1310,331.82,15.79,11.62,5.45,0.0
20191208:1410,96.2,11.2,10.43,5.59,0.0
20191208:1510,24.04,4.77,9.51,4.76,0.0
20191208:1610,0.0,0.0,8.62,5.03,0.0
20191208:1710,0.0,0.0,8.3,5.45,0.0
20191208:1810,0.0,0.0,8.19,5.72,0.0
20191208:1910,0.0,0.0,8.32,6.0,0.0
20191208:2010,0.0,0.0,7.93,6.34,0.0
20191208:2110,0.0,0.0,7.63,6.0,0.0
20191208:2210,0.0,0.0,7.28,6.34,0.0
20191208:2310,0.0,0.0,7.18,6.69,0.0
20191209:0010,0.0,0.0,6.97,7.17,0.0
20191209:0110,0.0,0.0,6.8,7.45,0.0
20191209:0210,0.0,0.0,6.96,7.93,0.0
20191209:0310,0.0,0.0,7.19,8.21,0.0
20191209:0410,0.0,0.0,7.3,7.72,0.0
20191209:0510,0.0,0.0,7.3,7.59,0.0
20191209:0610,0.0,0.0,7.17,7.45,0.0
20191209:0710,0.0,0.0,7.6,7.31,0.0
20191209:0810,3.67,4.13,7.37,7.1,0.0
20191209:0910,229.91,10.67,7.61,7.93,0.0
20191209:1010,206.44,15.42,7.97,7.93,0.0
20191209:1110,288.53,17.97,8.55,7.31,0.0
20191209:1210,274.78,18.07,8.42,7.86,0.0
20191209:1310,53.2,15.72,8.53,7.31,0.0
20191209:1410,375.13,11.14,8.26,7.31,0.0
20191209:1510,19.75,4.73,7.83,6.28,0.0
20191209:1610,0.0,0.0,7.18,5.66,0.0
20191209:1710,0.0,0.0,6.72,5.38,0.0
20191209:1810,0.0,0.0,6.21,5.03,0.0
20191209:1910,0.0,0.0,6.01,4.9,0.0
20191209:2010,0.0,0.0,5.54,4.28,0.0
20191209:2110,0.0,0.0,4.87,3.66,0.0
20191209:2210,0.0,0.0,4.03,2.9,0.0
20191209:2310,0.0,0.0,3.03,2.34,0.0
20191210:0010,0.0,0.0,1.99,2.28,0.0
20191210:0110,0.0,0.0,0.93,2.14,0.0
20191210:0210,0.0,0.0,0.04,2.07,0.0
20191210:0310,0.0,0.0,-0.57,2.07,0.0
20191210:0410,0.0,0.0,-0.92,2.28,0.0
20191210:0510,0.0,0.0,-1.07,2.21,0.0
20191210:0610,0.0,0.0,-0.9,2.28,0.0
20191210:0710,0.0,0.0,-0.01,2.41,0.0
20191210:0810,89.39,4.0,0.84,2.76,0.0
20191210:0910,498.14,10.55,2.17,3.03,0.0
20191210:1010,606.03,15.3,4.16,3.45,0.0
20191210:1110,654.3,17.87,5.9,4.0,0.0
20191210:1210,740.79,17.99,6.94,4.62,0.0
20191210:1310,225.37,15.65,7.41,5.1,0.0
20191210:1410,225.3,11.1,7.49,5.03,0.0
20191210:1510,21.47,4.71,6.98,4.97,0.0
20191210:1610,0.0,0.0,6.36,5.17,0.0
20191210:1710,0.0,0.0,5.85,5.45,0.0
20191210:1810,0.0,0.0,5.58,5.66,0.0
20191210:1910,0.0,0.0,6.2,5.72,0.0
20191210:2010,0.0,0.0,6.14,5.66,0.0
20191210:2110,0.0,0.0,6.2,5.52,0.0
20191210:2210,0.0,0.0,6.39,5.38,0.0
20191210:2310,0.0,0.0,6.47,5.24,0.0
20191211:0010,0.0,0.0,6.71,5.17,0.0
20191211:0110,0.0,0.0,6.79,5.17,0.0
20191211:0210,0.0,0.0,6.81,4.9,0.0
20191211:0310,0.0,0.0,6.71,4.62,0.0
20191211:0410,0.0,0.0,6.69,4.34,0.0
20191211:0510,0.0,0.0,6.8,4.07,0.0
20191211:0610,0.0,0.0,6.96,3.45,0.0
20191211:0710,0.0,0.0,7.16,1.79,0.0
20191211:0810,59.42,3.87,7.14,1.72,0.0
20191211:0910,54.54,10.42,7.19,1.86,0.0
20191211:1010,90.29,15.19,7.66,2.28,0.0
20191211:1110,311.12,17.77,7.92,2.97,0.0
20191211:1210,330.03,17.91,7.94,3.31,0.0
20191211:1310,318.46,15.59,8.02,3.59,0.0
20191211:1410,140.1,11.06,7.93,3.86,0.0
20191211:1510,24.9,4.68,7.38,3.79,0.0
20191211:1610,0.0,0.0,6.68,3.93,0.0
20191211:1710,0.0,0.0,6.16,4.14,0.0
20191211:1810,0.0,0.0,5.99,4.41,0.0
20191211:1910,0.0,0.0,5.67,3.86,0.0
20191211:2010,0.0,0.0,5.87,3.72,0.0
20191211:2110,0.0,0.0,5.71,4.28,0.0
20191211:2210,0.0,0.0,5.04,4.28,0.0
20191211:2310,0.0,0.0,4.53,4.21,0.0
20191212:0010,0.0,0.0,4.3,4.41,0.0
20191212:0110,0.0,0.0,4.21,4.28,0.0
20191212:0210,0.0,0.0,3.93,4.0,0.0
20191212:0310,0.0,0.0,3.59,3.66,0.0
20191212:0410,0.0,0.0,3.29,3.59,0.0
20191212:0510,0.0,0.0,2.92,3.52,0.0
20191212:0610,0.0,0.0,2.45,3.45,0.0
20191212:0710,0.0,0.0,2.8,3.59,0.0
20191212:0810,24.21,3.75,2.99,3.93,0.0
20191212:0910,161.44,10.31,3.42,4.34,0.0
20191212:1010,299.61,15.08,4.32,5.17,0.0
20191212:1110,80.71,17.68,5.59,6.97,0.0
20191212:1210,149.1,17.84,6.13,7.52,0.0
20191212:1310,127.72,15.54,6.45,6.97,0.0
20191212:1410,75.52,11.02,6.65,6.55,0.0
20191212:1510,20.61,4.67,6.93,6.9,0.0
20191212:1610,0.0,0.0,7.08,7.24,0.0
20191212:1710,0.0,0.0,6.99,7.17,0.0
20191212:1810,0.0,0.0,7.12,6.97,0.0
20191212:1910,0.0,0.0,7.36,6.28,0.0
20191212:2010,0.0,0.0,7.11,5.52,0.0
20191212:2110,0.0,0.0,7.25,4.48,0.0
20191212:2210,0.0,0.0,7.79,4.83,0.0
20191212:2310,0.0,0.0,7.95,5.1,0.0
20191213:0010,0.0,0.0,7.87,6.0,0.0
20191213:0110,0.0,0.0,7.9,6.0,0.0
20191213:0210,0.0,0.0,8.25,6.34,0.0
20191213:0310,0.0,0.0,8.04,7.24,0.0
20191213:0410,0.0,0.0,7.3,7.17,0.0
20191213:0510,0.0,0.0,6.74,6.83,0.0
20191213:0610,0.0,0.0,6.19,7.03,0.0
20191213:0710,0.0,0.0,6.06,7.17,0.0
20191213:0810,67.41,3.63,6.02,7.24,0.0
20191213:0910,54.62,10.2,6.32,7.59,0.0
20191213:1010,63.29,14.99,6.88,7.93,0.0
20191213:1110,36.69,17.6,7.5,6.55,0.0
20191213:1210,510.03,17.77,7.61,8.07,0.0
20191213:1310,229.13,15.5,7.78,7.86,0.0
20191213:1410,298.55,11.0,7.78,7.79,0.0
20191213:1510,19.75,4.66,7.39,7.1,0.0
20191213:1610,0.0,0.0,6.8,6.41,0.0
20191213:1710,0.0,0.0,6.42,5.93,0.0
20191213:1810,0.0,0.0,6.02,5.31,0.0
20191213:1910,0.0,0.0,6.33,4.34,0.0
20191213:2010,0.0,0.0,6.73,4.41,0.0
20191213:2110,0.0,0.0,7.27,4.83,0.0
20191213:2210,0.0,0.0,7.3,4.9,0.0
20191213:2310,0.0,0.0,7.42,6.07,0.0
20191214:0010,0.0,0.0,9.42,6.76,0.0
20191214:0110,0.0,0.0,10.36,8.41,0.0
20191214:0210,0.0,0.0,9.87,8.9,0.0
20191214:0310,0.0,0.0,9.73,9.31,0.0
20191214:0410,0.0,0.0,9.5,8.83,0.0
20191214:0510,0.0,0.0,8.87,7.45,0.0
20191214:0610,0.0,0.0,8.19,6.69,0.0
20191214:0710,0.0,0.0,7.84,6.69,0.0
20191214:0810,52.23,3.52,7.63,6.21,0.0
20191214:0910,397.52,10.1,7.73,5.59,0.0
20191214:1010,204.14,14.9,8.21,6.0,0.0
20191214:1110,353.55,17.52,8.62,6.55,0.0
20191214:1210,148.36,17.72,8.95,7.1,0.0
20191214:1310,159.33,15.46,9.72,6.83,0.0
20191214:1410,426.19,10.98,10.16,6.76,0.0
20191214:1510,24.04,4.66,9.67,5.52,0.0
20191214:1610,0.0,0.0,8.75,4.34,0.0
20191214:1710,0.0,0.0,7.87,3.52,0.0
20191214:1810,0.0,0.0,7.32,3.31,0.0
20191214:1910,0.0,0.0,7.91,3.59,0.0
20191214:2010,0.0,0.0,7.96,4.28,0.0
20191214:2110,0.0,0.0,8.5,5.1,0.0
20191214:2210,0.0,0.0,9.05,6.07,0.0
20191214:2310,0.0,0.0,9.77,6.69,0.0
20191215:0010,0.0,0.0,10.22,5.86,0.0
20191215:0110,0.0,0.0,10.44,5.86,0.0
20191215:0210,0.0,0.0,10.88,7.24,0.0
20191215:0310,0.0,0.0,11.03,8.28,0.0
20191215:0410,0.0,0.0,10.42,7.59,0.0
20191215:0510,0.0,0.0,9.72,6.76,0.0
20191215:0610,0.0,0.0,8.85,5.59,0.0
20191215:0710,0.0,0.0,8.44,4.69,0.0
20191215:0810,166.59,3.42,7.97,4.21,0.0
20191215:0910,319.84,10.0,7.86,4.14,0.0
20191215:1010,279.8,14.81,8.37,4.41,0.0
20191215:1110,477.65,17.45,8.75,4.34,0.0
20191215:1210,395.37,17.67,9.32,4.41,0.0
20191215:1310,324.65,15.43,9.69,4.21,0.0
20191215:1410,126.17,10.97,9.81,4.07,0.0
20191215:1510,24.9,4.66,9.42,3.45,0.0
20191215:1610,0.0,0.0,8.61,3.1,0.0
20191215:1710,0.0,0.0,8.05,3.03,0.0
20191215:1810,0.0,0.0,7.64,3.17,0.0
20191215:1910,0.0,0.0,7.59,2.97,0.0
20191215:2010,0.0,0.0,7.96,3.17,0.0
20191215:2110,0.0,0.0,8.55,3.59,0.0
20191215:2210,0.0,0.0,8.5,3.66,0.0
20191215:2310,0.0,0.0,8.22,3.52,0.0
20191216:0010,0.0,0.0,8.11,3.38,0.0
20191216:0110,0.0,0.0,7.88,3.17,0.0
20191216:0210,0.0,0.0,7.86,2.76,0.0
20191216:0310,0.0,0.0,7.84,2.28,0.0
20191216:0410,0.0,0.0,7.94,1.93,0.0
20191216:0510,0.0,0.0,8.0,1.72,0.0
20191216:0610,0.0,0.0,7.95,1.31,0.0
20191216:0710,0.0,0.0,8.36,1.66,0.0
20191216:0810,33.61,3.32,8.35,1.31,0.0
20191216:0910,52.87,9.92,8.43,1.31,0.0
20191216:1010,53.2,14.74,8.83,1.66,0.0
20191216:1110,167.4,17.39,9.33,1.93,0.0
20191216:1210,184.22,17.63,9.96,2.07,0.0
20191216:1310,139.51,15.41,10.59,2.28,0.0
20191216:1410,121.0,10.97,11.02,2.62,0.0
20191216:1510,24.04,4.67,10.89,2.55,0.0
20191216:1610,0.0,0.0,10.02,2.69,0.0
20191216:1710,0.0,0.0,9.5,2.83,0.0
20191216:1810,0.0,0.0,9.09,2.9,0.0
20191216:1910,0.0,0.0,9.55,3.31,0.0
20191216:2010,0.0,0.0,9.74,3.59,0.0
20191216:2110,0.0,0.0,9.84,3.45,0.0
20191216:2210,0.0,0.0,9.87,3.45,0.0
20191216:2310,0.0,0.0,9.94,3.59,0.0
20191217:0010,0.0,0.0,10.09,3.66,0.0
20191217:0110,0.0,0.0,10.08,3.79,0.0
20191217:0210,0.0,0.0,9.96,3.66,0.0
20191217:0310,0.0,0.0,10.07,3.72,0.0
20191217:0410,0.0,0.0,10.11,4.07,0.0
20191217:0510,0.0,0.0,10.59,4.28,0.0
20191217:0610,0.0,0.0,10.86,4.34,0.0
20191217:0710,0.0,0.0,12.01,4.97,0.0
20191217:0810,60.31,3.23,12.02,5.1,0.0
20191217:0910,150.76,9.83,12.39,5.1,0.0
20191217:1010,551.32,14.67,13.23,5.03,0.0
20191217:1110,724.19,17.34,13.96,5.1,0.0
20191217:1210,247.44,17.59,14.49,4.28,0.0
20191217:1310,598.66,15.4,14.59,4.62,0.0
20191217:1410,244.15,10.97,14.31,4.34,0.0
20191217:1510,23.19,4.69,13.32,4.21,0.0
20191217:1610,0.0,0.0,12.11,3.38,0.0
20191217:1710,0.0,0.0,11.06,3.38,0.0
20191217:1810,0.0,0.0,10.13,3.24,0.0
20191217:1910,0.0,0.0,9.39,2.62,0.0
20191217:2010,0.0,0.0,9.0,2.34,0.0
20191217:2110,0.0,0.0,8.5,2.55,0.0
20191217:2210,0.0,0.0,8.13,2.83,0.0
20191217:2310,0.0,0.0,7.68,2.76,0.0
20191218:0010,0.0,0.0,6.94,2.62,0.0
20191218:0110,0.0,0.0,6.5,2.55,0.0
20191218:0210,0.0,0.0,6.08,2.55,0.0
20191218:0310,0.0,0.0,6.0,2.62,0.0
20191218:0410,0.0,0.0,6.12,2.62,0.0
20191218:0510,0.0,0.0,5.81,2.55,0.0
20191218:0610,0.0,0.0,5.25,2.41,0.0
20191218:0710,0.0,0.0,4.59,2.28,0.0
20191218:0810,163.9,3.15,4.17,2.41,0.0
20191218:0910,364.7,9.76,5.11,2.34,0.0
20191218:1010,625.03,14.61,6.99,3.79,0.0
20191218:1110,675.99,17.3,8.14,3.93,0.0
20191218:1210,660.59,17.57,8.95,3.93,0.0
20191218:1310,622.82,15.39,9.85,3.79,0.0
20191218:1410,502.57,10.98,10.26,3.52,0.0
20191218:1510,21.47,4.72,10.17,3.24,0.0
20191218:1610,0.0,0.0,9.51,3.38,0.0
20191218:1710,0.0,0.0,9.49,3.52,0.0
20191218:1810,0.0,0.0,9.87,3.79,0.0
20191218:1910,0.0,0.0,10.68,4.28,0.0
20191218:2010,0.0,0.0,10.85,4.34,0.0
20191218:2110,0.0,0.0,10.87,4.41,0.0
20191218:2210,0.0,0.0,10.69,4.62,0.0
20191218:2310,0.0,0.0,10.64,4.83,0.0
20191219:0010,0.0,0.0,10.51,4.69,0.0
20191219:0110,0.0,0.0,10.17,4.55,0.0
20191219:0210,0.0,0.0,9.94,4.55,0.0
20191219:0310,0.0,0.0,9.78,4.62,0.0
20191219:0410,0.0,0.0,9.71,4.62,0.0
20191219:0510,0.0,0.0,9.74,4.55,0.0
20191219:0610,0.0,0.0,9.65,4.48,0.0
20191219:0710,0.0,0.0,11.29,4.69,0.0
20191219:0810,5.5,3.07,11.67,4.55,0.0
20191219:0910,26.6,9.69,12.15,4.62,0.0
20191219:1010,37.6,14.55,12.53,4.76,0.0
20191219:1110,69.71,17.26,13.16,5.1,0.0
20191219:1210,195.55,17.55,13.09,5.52,0.0
20191219:1310,255.57,15.39,13.43,5.66,0.0
20191219:1410,41.27,11.0,14.12,5.66,0.0
20191219:1510,23.19,4.75,14.13,5.31,0.0
20191219:1610,0.0,0.0,13.74,4.9,0.0
20191219:1710,0.0,0.0,13.46,4.76,0.0
20191219:1810,0.0,0.0,13.61,4.76,0.0
20191219:1910,0.0,0.0,12.89,5.31,0.0
20191219:2010,0.0,0.0,12.51,5.17,0.0
20191219:2110,0.0,0.0,12.29,4.97,0.0
20191219:2210,0.0,0.0,12.28,5.24,0.0
20191219:2310,0.0,0.0,12.44,5.59,0.0
20191220:0010,0.0,0.0,12.64,5.52,0.0
20191220:0110,0.0,0.0,12.68,5.38,0.0
20191220:0210,0.0,0.0,11.86,5.45,0.0
20191220:0310,0.0,0.0,11.62,5.93,0.0
20191220:0410,0.0,0.0,11.66,6.41,0.0
20191220:0510,0.0,0.0,11.84,6.62,0.0
20191220:0610,0.0,0.0,12.08,7.1,0.0
20191220:0710,0.0,0.0,12.14,7.86,0.0
20191220:0810,11.01,2.99,11.9,7.59,0.0
20191220:0910,36.69,9.63,11.55,6.97,0.0
20191220:1010,173.19,14.51,11.03,6.69,0.0
20191220:1110,415.61,17.23,10.53,6.28,0.0
20191220:1210,455.65,17.54,10.65,6.34,0.0
20191220:1310,439.2,15.4,10.84,6.0,0.0
20191220:1410,204.25,11.03,10.92,5.59,0.0
20191220:1510,24.9,4.79,10.3,5.45,0.0
20191220:1610,0.0,0.0,9.48,4.9,0.0
20191220:1710,0.0,0.0,8.98,4.55,0.0
20191220:1810,0.0,0.0,8.57,4.34,0.0
20191220:1910,0.0,0.0,8.87,5.1,0.0
20191220:2010,0.0,0.0,8.65,5.17,0.0
20191220:2110,0.0,0.0,8.43,4.9,0.0
20191220:2210,0.0,0.0,8.29,4.76,0.0
20191220:2310,0.0,0.0,7.93,4.9,0.0
20191221:0010,0.0,0.0,7.47,4.48,0.0
20191221:0110,0.0,0.0,7.41,4.21,0.0
20191221:0210,0.0,0.0,7.27,4.28,0.0
20191221:0310,0.0,0.0,7.19,4.62,0.0
20191221:0410,0.0,0.0,7.36,4.76,0.0
20191221:0510,0.0,0.0,7.71,4.9,0.0
20191221:0610,0.0,0.0,7.91,4.97,0.0
20191221:0710,0.0,0.0,6.89,4.34,0.0
20191221:0810,20.26,2.93,6.64,4.55,0.0
20191221:0910,127.54,9.57,7.18,4.9,0.0
20191221:1010,104.09,14.47,8.28,4.48,0.0
20191221:1110,163.51,17.21,9.2,6.0,0.0
20191221:1210,535.99,17.54,10.01,7.03,0.0
20191221:1310,170.34,15.42,10.57,6.34,0.0
20191221:1410,91.82,11.06,10.28,5.66,0.0
20191221:1510,7.73,4.84,9.81,5.38,0.0
20191221:1610,0.0,0.0,9.21,5.72,0.0
20191221:1710,0.0,0.0,8.53,6.21,0.0
20191221:1810,0.0,0.0,8.36,7.17,0.0
20191221:1910,0.0,0.0,8.87,7.1,0.0
20191221:2010,0.0,0.0,9.2,6.41,0.0
20191221:2110,0.0,0.0,9.27,5.86,0.0
20191221:2210,0.0,0.0,8.91,5.72,0.0
20191221:2310,0.0,0.0,8.96,5.79,0.0
20191222:0010,0.0,0.0,9.05,5.86,0.0
20191222:0110,0.0,0.0,9.19,5.79,0.0
20191222:0210,0.0,0.0,9.35,5.72,0.0
20191222:0310,0.0,0.0,9.49,5.59,0.0
20191222:0410,0.0,0.0,8.91,4.9,0.0
20191222:0510,0.0,0.0,8.74,4.07,0.0
20191222:0610,0.0,0.0,8.77,4.48,0.0
20191222:0710,0.0,0.0,8.58,5.79,0.0
20191222:0810,3.67,2.87,8.73,7.24,0.0
20191222:0910,145.08,9.53,8.94,7.52,0.0
20191222:1010,181.87,14.43,9.04,7.24,0.0
20191222:1110,229.2,17.19,9.41,7.52,0.0
20191222:1210,497.7,17.54,9.5,7.31,0.0
20191222:1310,570.63,15.44,9.82,6.69,0.0
20191222:1410,31.18,11.1,9.58,6.21,0.0
20191222:1510,24.9,4.89,9.4,5.38,0.0
20191222:1610,0.0,0.0,8.88,4.9,0.0
20191222:1710,0.0,0.0,8.63,4.76,0.0
20191222:1810,0.0,0.0,8.45,4.83,0.0
20191222:1910,0.0,0.0,7.41,4.97,0.0
20191222:2010,0.0,0.0,7.12,4.9,0.0
20191222:2110,0.0,0.0,6.91,5.1,0.0
20191222:2210,0.0,0.0,7.08,5.66,0.0
20191222:2310,0.0,0.0,7.93,6.14,0.0
20191223:0010,0.0,0.0,8.14,6.14,0.0
20191223:0110,0.0,0.0,7.96,5.93,0.0
20191223:0210,0.0,0.0,7.85,5.86,0.0
20191223:0310,0.0,0.0,8.17,5.86,0.0
20191223:0410,0.0,0.0,8.26,5.79,0.0
20191223:0510,0.0,0.0,8.16,5.86,0.0
20191223:0610,0.0,0.0,8.1,6.07,0.0
20191223:0710,0.0,0.0,7.85,6.0,0.0
20191223:0810,32.14,2.82,7.83,5.59,0.0
20191223:0910,311.82,9.49,8.01,5.45,0.0
20191223:1010,405.04,14.41,8.66,4.83,0.0
20191223:1110,318.75,17.19,9.16,5.17,0.0
20191223:1210,122.72,17.55,9.79,7.17,0.0
20191223:1310,191.04,15.47,9.85,6.07,0.0
20191223:1410,38.52,11.15,10.05,5.24,0.0
20191223:1510,21.47,4.95,9.67,4.55,0.0
20191223:1610,0.0,0.0,9.06,4.48,0.0
20191223:1710,0.0,0.0,8.65,4.48,0.0
20191223:1810,0.0,0.0,8.09,4.07,0.0
20191223:1910,0.0,0.0,7.52,3.38,0.0
20191223:2010,0.0,0.0,7.22,3.17,0.0
20191223:2110,0.0,0.0,6.78,3.45,0.0
20191223:2210,0.0,0.0,6.77,3.38,0.0
20191223:2310,0.0,0.0,7.22,3.31,0.0
20191224:0010,0.0,0.0,7.43,3.66,0.0
20191224:0110,0.0,0.0,7.59,4.14,0.0
20191224:0210,0.0,0.0,7.92,4.9,0.0
20191224:0310,0.0,0.0,8.29,5.17,0.0
20191224:0410,0.0,0.0,8.77,4.76,0.0
20191224:0510,0.0,0.0,9.83,4.41,0.0
20191224:0610,0.0,0.0,11.06,4.69,0.0
20191224:0710,0.0,0.0,11.95,4.9,0.0
20191224:0810,11.01,2.77,11.71,5.45,0.0
20191224:0910,204.3,9.45,11.46,5.66,0.0
20191224:1010,424.4,14.39,11.28,5.86,0.0
20191224:1110,419.35,17.19,11.22,5.59,0.0
20191224:1210,689.82,17.58,11.35,5.31,0.0
20191224:1310,422.05,15.51,11.57,6.14,0.0
20191224:1410,30.27,11.2,11.7,6.28,0.0
20191224:1510,24.9,5.02,11.5,6.0,0.0
20191224:1610,0.0,0.0,10.97,5.79,0.0
20191224:1710,0.0,0.0,10.51,5.38,0.0
20191224:1810,0.0,0.0,10.25,5.24,0.0
20191224:1910,0.0,0.0,10.32,5.38,0.0
20191224:2010,0.0,0.0,10.61,5.45,0.0
20191224:2110,0.0,0.0,10.81,5.24,0.0
20191224:2210,0.0,0.0,10.87,5.1,0.0
20191224:2310,0.0,0.0,10.8,5.1,0.0
20191225:0010,0.0,0.0,10.74,5.17,0.0
20191225:0110,0.0,0.0,10.67,5.17,0.0
20191225:0210,0.0,0.0,10.56,5.03,0.0
20191225:0310,0.0,0.0,10.32,4.76,0.0
20191225:0410,0.0,0.0,9.93,4.69,0.0
20191225:0510,0.0,0.0,9.53,4.28,0.0
20191225:0610,0.0,0.0,9.15,4.07,0.0
20191225:0710,0.0,0.0,8.55,3.79,0.0
20191225:0810,32.62,2.73,8.26,3.66,0.0
20191225:0910,385.98,9.43,8.12,3.45,0.0
20191225:1010,304.87,14.38,8.17,3.38,0.0
20191225:1110,673.74,17.2,8.43,3.31,0.0
20191225:1210,167.71,17.6,8.43,2.97,0.0
20191225:1310,367.31,15.56,8.55,2.41,0.0
20191225:1410,198.53,11.26,8.55,1.79,0.0
20191225:1510,26.62,5.09,8.43,1.03,0.0
20191225:1610,0.0,0.0,8.08,0.34,0.0
20191225:1710,0.0,0.0,7.47,0.76,0.0
20191225:1810,0.0,0.0,6.85,1.24,0.0
20191225:1910,0.0,0.0,6.15,1.79,0.0
20191225:2010,0.0,0.0,5.71,1.86,0.0
20191225:2110,0.0,0.0,5.56,2.0,0.0
20191225:2210,0.0,0.0,5.58,2.0,0.0
20191225:2310,0.0,0.0,5.28,2.21,0.0
20191226:0010,0.0,0.0,4.81,2.41,0.0
20191226:0110,0.0,0.0,4.79,2.41,0.0
20191226:0210,0.0,0.0,4.51,2.41,0.0
20191226:0310,0.0,0.0,4.22,2.69,0.0
20191226:0410,0.0,0.0,4.15,3.1,0.0
20191226:0510,0.0,0.0,4.05,3.24,0.0
20191226:0610,0.0,0.0,3.94,2.9,0.0
20191226:0710,0.0,0.0,4.71,2.83,0.0
20191226:0810,6.42,2.7,5.07,3.17,0.0
20191226:0910,11.01,9.41,5.58,3.59,0.0
20191226:1010,238.37,14.38,6.49,3.38,0.0
20191226:1110,646.69,17.21,7.24,3.17,0.0
20191226:1210,667.75,17.64,8.83,3.52,0.0
20191226:1310,328.19,15.61,10.09,3.24,0.0
20191226:1410,283.9,11.33,10.9,3.66,0.0
20191226:1510,24.9,5.17,10.97,4.28,0.0
20191226:1610,0.0,0.0,10.36,4.48,0.0
20191226:1710,0.0,0.0,10.16,4.48,0.0
20191226:1810,0.0,0.0,9.39,4.41,0.0
20191226:1910,0.0,0.0,9.12,4.34,0.0
20191226:2010,0.0,0.0,8.86,4.34,0.0
20191226:2110,0.0,0.0,9.08,4.76,0.0
20191226:2210,0.0,0.0,9.76,5.52,0.0
20191226:2310,0.0,0.0,10.21,6.21,0.0
20191227:0010,0.0,0.0,10.47,6.55,0.0
20191227:0110,0.0,0.0,10.63,6.48,0.0
20191227:0210,0.0,0.0,10.68,6.21,0.0
20191227:0310,0.0,0.0,10.46,5.86,0.0
20191227:0410,0.0,0.0,10.27,5.59,0.0
20191227:0510,0.0,0.0,9.96,5.24,0.0
20191227:0610,0.0,0.0,9.6,4.28,0.0
20191227:0710,0.0,0.0,8.94,4.28,0.0
20191227:0810,3.67,2.67,8.68,3.93,0.0
20191227:0910,56.55,9.39,8.56,3.59,0.0
20191227:1010,85.0,14.38,8.77,3.66,0.0
20191227:1110,61.45,17.24,9.23,4.34,0.0
20191227:1210,151.76,17.68,9.36,3.31,0.0
20191227:1310,78.53,15.67,9.68,2.9,0.0
20191227:1410,61.73,11.41,9.8,2.21,0.0
20191227:1510,16.32,5.26,9.69,1.52,0.0
20191227:1610,0.0,0.0,9.24,1.45,0.0
20191227:1710,0.0,0.0,8.71,1.59,0.0
20191227:1810,0.0,0.0,8.26,1.59,0.0
20191227:1910,0.0,0.0,8.07,1.66,0.0
20191227:2010,0.0,0.0,7.82,1.52,0.0
20191227:2110,0.0,0.0,7.65,1.45,0.0
20191227:2210,0.0,0.0,7.52,1.45,0.0
20191227:2310,0.0,0.0,7.58,1.31,0.0
20191228:0010,0.0,0.0,7.52,1.45,0.0
20191228:0110,0.0,0.0,7.31,1.38,0.0
20191228:0210,0.0,0.0,7.16,1.38,0.0
20191228:0310,0.0,0.0,6.84,1.52,0.0
20191228:0410,0.0,0.0,6.61,1.52,0.0
20191228:0510,0.0,0.0,6.83,1.52,0.0
20191228:0610,0.0,0.0,6.69,1.66,0.0
20191228:0710,0.0,0.0,6.31,1.72,0.0
20191228:0810,6.42,2.65,6.18,1.86,0.0
20191228:0910,66.7,9.39,6.59,1.86,0.0
20191228:1010,42.19,14.4,7.37,2.21,0.0
20191228:1110,128.02,17.27,7.92,2.0,0.0
20191228:1210,113.31,17.73,8.62,2.0,0.0
20191228:1310,101.93,15.74,8.91,2.14,0.0
20191228:1410,105.01,11.49,8.73,2.0,0.0
20191228:1510,27.48,5.35,8.34,1.86,0.0
20191228:1610,0.0,0.0,7.69,2.21,0.0
20191228:1710,0.0,0.0,6.8,2.41,0.0
20191228:1810,0.0,0.0,5.86,2.41,0.0
20191228:1910,0.0,0.0,5.36,2.62,0.0
20191228:2010,0.0,0.0,4.3,2.55,0.0
20191228:2110,0.0,0.0,3.47,2.28,0.0
20191228:2210,0.0,0.0,2.57,2.21,0.0
20191228:2310,0.0,0.0,1.85,2.0,0.0
20191229:0010,0.0,0.0,1.16,2.0,0.0
20191229:0110,0.0,0.0,0.76,1.93,0.0
20191229:0210,0.0,0.0,0.55,1.79,0.0
20191229:0310,0.0,0.0,0.14,1.86,0.0
20191229:0410,0.0,0.0,-0.32,1.66,0.0
20191229:0510,0.0,0.0,-0.84,1.72,0.0
20191229:0610,0.0,0.0,-1.25,1.93,0.0
20191229:0710,0.0,0.0,-1.04,1.79,0.0
20191229:0810,32.07,2.64,-0.81,2.0,0.0
20191229:0910,362.84,9.39,0.38,1.86,0.0
20191229:1010,510.93,14.42,2.14,1.93,0.0
20191229:1110,497.89,17.31,3.67,1.93,0.0
20191229:1210,597.17,17.79,5.03,1.86,0.0
20191229:1310,332.93,15.82,5.99,1.52,0.0
20191229:1410,243.03,11.58,6.4,1.31,0.0
20191229:1510,26.62,5.45,6.04,1.45,0.0
20191229:1610,0.0,0.0,4.87,1.93,0.0
20191229:1710,0.0,0.0,3.58,2.14,0.0
20191229:1810,0.0,0.0,2.54,2.34,0.0
20191229:1910,0.0,0.0,1.91,2.28,0.0
20191229:2010,0.0,0.0,1.4,2.28,0.0
20191229:2110,0.0,0.0,0.99,2.21,0.0
20191229:2210,0.0,0.0,0.59,2.21,0.0
20191229:2310,0.0,0.0,0.2,2.14,0.0
20191230:0010,0.0,0.0,-0.22,2.0,0.0
20191230:0110,0.0,0.0,-0.69,1.86,0.0
20191230:0210,0.0,0.0,-1.19,1.72,0.0
20191230:0310,0.0,0.0,-1.55,1.66,0.0
20191230:0410,0.0,0.0,-1.72,1.52,0.0
20191230:0510,0.0,0.0,-1.88,1.52,0.0
20191230:0610,0.0,0.0,-2.28,1.66,0.0
20191230:0710,0.0,0.0,-2.34,1.93,0.0
20191230:0810,43.21,2.63,-2.26,2.0,0.0
20191230:0910,377.87,9.4,-0.87,1.52,0.0
20191230:1010,601.49,14.44,2.11,1.52,0.0
20191230:1110,693.72,17.36,4.21,1.45,0.0
20191230:1210,743.73,17.86,5.93,1.45,0.0
20191230:1310,634.98,15.9,7.16,1.45,0.0
20191230:1410,364.3,11.68,7.66,1.24,0.0
20191230:1510,24.9,5.55,7.22,1.45,0.0
20191230:1610,0.0,0.0,5.77,2.14,0.0
20191230:1710,0.0,0.0,3.77,2.28,0.0
20191230:1810,0.0,0.0,2.53,2.34,0.0
20191230:1910,0.0,0.0,1.67,2.41,0.0
20191230:2010,0.0,0.0,1.09,2.34,0.0
20191230:2110,0.0,0.0,0.56,2.34,0.0
20191230:2210,0.0,0.0,0.09,2.28,0.0
20191230:2310,0.0,0.0,-0.3,2.28,0.0
20191231:0010,0.0,0.0,-0.75,2.14,0.0
20191231:0110,0.0,0.0,-1.18,1.79,0.0
20191231:0210,0.0,0.0,-0.76,1.31,0.0
20191231:0310,0.0,0.0,-0.89,1.17,0.0
20191231:0410,0.0,0.0,-2.21,1.45,0.0
20191231:0510,0.0,0.0,-2.97,1.79,0.0
20191231:0610,0.0,0.0,-2.8,2.07,0.0
20191231:0710,0.0,0.0,-2.54,2.07,0.0
20191231:0810,83.51,2.63,-2.42,2.0,0.0
20191231:0910,470.44,9.42,-1.15,1.31,0.0
20191231:1010,625.35,14.48,1.75,0.28,0.0
20191231:1110,745.41,17.41,3.36,0.62,0.0
20191231:1210,693.22,17.93,4.65,1.17,0.0
20191231:1310,715.21,15.99,5.62,1.45,0.0
20191231:1410,365.09,11.78,6.09,1.52,0.0
20191231:1510,24.9,5.67,5.72,1.52,0.0
20191231:1610,0.0,0.0,4.24,2.14,0.0
20191231:1710,0.0,0.0,2.82,2.28,0.0
20191231:1810,0.0,0.0,1.9,2.21,0.0
20191231:1910,0.0,0.0,1.35,2.28,0.0
20191231:2010,0.0,0.0,0.55,2.14,0.0
20191231:2110,0.0,0.0,-0.33,1.59,0.0
20191231:2210,0.0,0.0,0.27,1.03,0.0
20191231:2310,0.0,0.0,-0.94,1.52,0.0

G(i): Global irradiance on the inclined plane (plane of the array) (W/m2)
H_sun: Sun height (degree)
T2m: 2-m air temperature (degree Celsius)
WS10m: 10-m total wind speed (m/s)
Int: 1 means solar radiation values are reconstructed



PVGIS (c) European Union, 2001-2026