Time,Office_kW
2018-01-01 00:00:00,6.131103461145682
2018-01-01 01:00:00,5.714400953743788
2018-01-01 02:00:00,5.765551817577629
2018-01-01 03:00:00,5.740613349911691
2018-01-01 04:00:00,6.043861669843064
2018-01-01 05:00:00,6.303119994257773
2018-01-01 06:00:00,6.921314608052619
2018-01-01 07:00:00,6.915949554169061
2018-01-01 08:00:00,7.79658084513962
2018-01-01 09:00:00,7.664892160291747
2018-01-01 10:00:00,7.7622491987064075
2018-01-01 11:00:00,8.122118574293031
2018-01-01 12:00:00,7.3853195615457565
2018-01-01 13:00:00,7.436537761812403
2018-01-01 14:00:00,7.3974297980788695
2018-01-01 15:00:00,7.282757747366514
2018-01-01 16:00:00,7.186182390265833
2018-01-01 17:00:00,7.1281594261953645
2018-01-01 18:00:00,7.7233287709267575
2018-01-01 19:00:00,6.830958730805135
2018-01-01 20:00:00,6.464268165088113
2018-01-01 21:00:00,6.103715413620977
2018-01-01 22:00:00,6.400813584577045
2018-01-01 23:00:00,5.738041283816751
2018-01-02 00:00:00,6.839018476487475
2018-01-02 01:00:00,6.445767202631558
2018-01-02 02:00:00,6.553920675648072
2018-01-02 03:00:00,6.743835191136265
2018-01-02 04:00:00,6.529083089303168
2018-01-02 05:00:00,7.091688203346308
2018-01-02 06:00:00,7.69952372612841
2018-01-02 07:00:00,8.211127888047793
2018-01-02 08:00:00,8.804946167574643
2018-01-02 09:00:00,8.345071573054566
2018-01-02 10:00:00,8.930571975783861
2018-01-02 11:00:00,8.743366404837758
2018-01-02 12:00:00,8.78998220345441
2018-01-02 13:00:00,7.993645386015411
2018-01-02 14:00:00,8.588295147713227
2018-01-02 15:00:00,8.06046113215808
2018-01-02 16:00:00,8.071675453694501
2018-01-02 17:00:00,8.32936986547629
2018-01-02 18:00:00,7.637147566651545
2018-01-02 19:00:00,7.345049458235551
2018-01-02 20:00:00,7.689346716007018
2018-01-02 21:00:00,6.986220981044026
2018-01-02 22:00:00,6.929007496207643
2018-01-02 23:00:00,7.144908826766163
2018-01-03 00:00:00,5.6810434341956615
2018-01-03 01:00:00,5.779905499926186
2018-01-03 02:00:00,5.576094029076009
2018-01-03 03:00:00,5.411685716955015
2018-01-03 04:00:00,5.723912832939585
2018-01-03 05:00:00,5.967767237841766
2018-01-03 06:00:00,6.27188190380604
2018-01-03 07:00:00,6.23634136097173
2018-01-03 08:00:00,7.245239124926198
2018-01-03 09:00:00,7.457705704013571
2018-01-03 10:00:00,7.365467993958977
2018-01-03 11:00:00,7.2520754209639176
2018-01-03 12:00:00,7.091336196432686
2018-01-03 13:00:00,7.351844372527898
2018-01-03 14:00:00,7.104068757279772
2018-01-03 15:00:00,6.737641812088564
2018-01-03 16:00:00,6.403749188558884
2018-01-03 17:00:00,7.027952440375068
2018-01-03 18:00:00,6.0726161826993295
2018-01-03 19:00:00,6.173465452845037
2018-01-03 20:00:00,6.196833339878765
2018-01-03 21:00:00,5.843967548701645
2018-01-03 22:00:00,5.950407198046858
2018-01-03 23:00:00,5.801293956885588
2018-01-04 00:00:00,6.338030819989705
2018-01-04 01:00:00,6.387997924224668
2018-01-04 02:00:00,6.448000486799044
2018-01-04 03:00:00,5.865367665212781
2018-01-04 04:00:00,6.639980206326037
2018-01-04 05:00:00,7.260503165170651
2018-01-04 06:00:00,6.838034670989018
2018-01-04 07:00:00,7.535956600308305
2018-01-04 08:00:00,8.095800519823275
2018-01-04 09:00:00,7.8884937398963295
2018-01-04 10:00:00,7.969493074494626
2018-01-04 11:00:00,8.452388012892843
2018-01-04 12:00:00,7.447784907061537
2018-01-04 13:00:00,7.718665237187272
2018-01-04 14:00:00,7.48831715552532
2018-01-04 15:00:00,7.3936921043084824
2018-01-04 16:00:00,7.047589923244838
2018-01-04 17:00:00,7.32895815494329
2018-01-04 18:00:00,6.98567254300928
2018-01-04 19:00:00,6.838682209609157
2018-01-04 20:00:00,6.432690644762991
2018-01-04 21:00:00,6.230945967608741
2018-01-04 22:00:00,6.105355986645824
2018-01-04 23:00:00,6.318230396057248
2018-01-05 00:00:00,6.670466175187344
2018-01-05 01:00:00,6.761683178252379
2018-01-05 02:00:00,6.6364023595254995
2018-01-05 03:00:00,6.458487777682155
2018-01-05 04:00:00,6.662081546470231
2018-01-05 05:00:00,6.907213304016689
2018-01-05 06:00:00,7.504471752808792
2018-01-05 07:00:00,7.910374539783403
2018-01-05 08:00:00,8.184674306686079
2018-01-05 09:00:00,7.58675141004379
2018-01-05 10:00:00,7.651520403750444
2018-01-05 11:00:00,7.702611458387299
2018-01-05 12:00:00,7.959736245548754
2018-01-05 13:00:00,7.5675079065285
2018-01-05 14:00:00,7.4279007277078435
2018-01-05 15:00:00,7.5336134897800635
2018-01-05 16:00:00,7.213077854680094
2018-01-05 17:00:00,7.808566648539804
2018-01-05 18:00:00,7.488169721799392
2018-01-05 19:00:00,7.095798187047186
2018-01-05 20:00:00,6.762920996098459
2018-01-05 21:00:00,6.666102814738491
2018-01-05 22:00:00,6.877426969498258
2018-01-05 23:00:00,6.4492113079081905
2018-01-06 00:00:00,6.181369857550937
2018-01-06 01:00:00,6.072395031382587
2018-01-06 02:00:00,6.402787895319765
2018-01-06 03:00:00,6.584164983919573
2018-01-06 04:00:00,6.262932643618818
2018-01-06 05:00:00,6.315320385007234
2018-01-06 06:00:00,6.023959921243971
2018-01-06 07:00:00,6.6353473851293145
2018-01-06 08:00:00,6.64934373668671
2018-01-06 09:00:00,6.313082144126577
2018-01-06 10:00:00,6.555987898118557
2018-01-06 11:00:00,6.634708176280266
2018-01-06 12:00:00,6.348874814923369
2018-01-06 13:00:00,6.271974008859355
2018-01-06 14:00:00,6.221595365492887
2018-01-06 15:00:00,5.904528580238904
2018-01-06 16:00:00,6.391147592713683
2018-01-06 17:00:00,6.649010341044436
2018-01-06 18:00:00,6.234898703089409
2018-01-06 19:00:00,6.297538365559995
2018-01-06 20:00:00,6.45345161880577
2018-01-06 21:00:00,6.154603740319093
2018-01-06 22:00:00,6.224383449061293
2018-01-06 23:00:00,6.25989109503302
2018-01-07 00:00:00,5.477959532251748
2018-01-07 01:00:00,6.003978721879227
2018-01-07 02:00:00,5.406171793049427
2018-01-07 03:00:00,5.794062154604974
2018-01-07 04:00:00,5.53858559306932
2018-01-07 05:00:00,5.362501573117263
2018-01-07 06:00:00,5.84075380165145
2018-01-07 07:00:00,5.78317914195476
2018-01-07 08:00:00,5.679825194171208
2018-01-07 09:00:00,6.042618361337142
2018-01-07 10:00:00,5.448399489374087
2018-01-07 11:00:00,5.722804871760184
2018-01-07 12:00:00,5.787877895841916
2018-01-07 13:00:00,5.842137628456017
2018-01-07 14:00:00,5.481843105113665
2018-01-07 15:00:00,5.431474827126132
2018-01-07 16:00:00,5.576447435538467
2018-01-07 17:00:00,5.78856484944598
2018-01-07 18:00:00,5.922496888701774
2018-01-07 19:00:00,5.918878913346653
2018-01-07 20:00:00,5.831011343695941
2018-01-07 21:00:00,5.667795450478428
2018-01-07 22:00:00,5.915069498174174
2018-01-07 23:00:00,5.654695370426818
2018-01-08 00:00:00,5.726206474870079
2018-01-08 01:00:00,5.928609692407948
2018-01-08 02:00:00,5.632621404156268
2018-01-08 03:00:00,6.313684651774599
2018-01-08 04:00:00,6.019210995496473
2018-01-08 05:00:00,6.9946042868466485
2018-01-08 06:00:00,7.056528311714838
2018-01-08 07:00:00,7.731994227303631
2018-01-08 08:00:00,9.098876301426515
2018-01-08 09:00:00,9.500331773583612
2018-01-08 10:00:00,9.831430964357939
2018-01-08 11:00:00,9.593872139588262
2018-01-08 12:00:00,9.139799081354289
2018-01-08 13:00:00,9.287352070704348
2018-01-08 14:00:00,9.493121746138584
2018-01-08 15:00:00,9.15005640583365
2018-01-08 16:00:00,9.251974720092575
2018-01-08 17:00:00,8.822994057061
2018-01-08 18:00:00,8.448785442131676
2018-01-08 19:00:00,7.898402574276704
2018-01-08 20:00:00,7.548719622037783
2018-01-08 21:00:00,6.769081144100109
2018-01-08 22:00:00,6.568231579056781
2018-01-08 23:00:00,6.965994194106018
2018-01-09 00:00:00,7.232486997526112
2018-01-09 01:00:00,7.769556583255842
2018-01-09 02:00:00,8.008313864947917
2018-01-09 03:00:00,7.918687571214256
2018-01-09 04:00:00,8.40428663255975
2018-01-09 05:00:00,8.341728590750868
2018-01-09 06:00:00,8.683468601076315
2018-01-09 07:00:00,9.987694343182518
2018-01-09 08:00:00,11.732418758889187
2018-01-09 09:00:00,11.916839947706663
2018-01-09 10:00:00,11.92106363998954
2018-01-09 11:00:00,11.329927709862433
2018-01-09 12:00:00,11.058450005420493
2018-01-09 13:00:00,11.59799075538823
2018-01-09 14:00:00,11.107530988182814
2018-01-09 15:00:00,10.932298033643171
2018-01-09 16:00:00,11.23629522682143
2018-01-09 17:00:00,10.377388317608482
2018-01-09 18:00:00,9.542490991321966
2018-01-09 19:00:00,9.38471863470089
2018-01-09 20:00:00,8.618827906146583
2018-01-09 21:00:00,8.226474674360338
2018-01-09 22:00:00,7.687884447709012
2018-01-09 23:00:00,7.574619900964102
2018-01-10 00:00:00,6.149459828566088
2018-01-10 01:00:00,5.864169641379603
2018-01-10 02:00:00,5.960871453397639
2018-01-10 03:00:00,5.88065374134462
2018-01-10 04:00:00,6.128624098647045
2018-01-10 05:00:00,6.727912383592673
2018-01-10 06:00:00,6.695199652418484
2018-01-10 07:00:00,7.626017999392877
2018-01-10 08:00:00,8.887606681634287
2018-01-10 09:00:00,8.899567990231914
2018-01-10 10:00:00,8.726909824005018
2018-01-10 11:00:00,9.30905383442079
2018-01-10 12:00:00,8.437328571757932
2018-01-10 13:00:00,7.930358493567368
2018-01-10 14:00:00,8.293143471589195
2018-01-10 15:00:00,8.279382719485698
2018-01-10 16:00:00,8.452284189038306
2018-01-10 17:00:00,7.956417279332614
2018-01-10 18:00:00,7.410199686715298
2018-01-10 19:00:00,7.255340992611389
2018-01-10 20:00:00,6.198086717203271
2018-01-10 21:00:00,6.37142376849895
2018-01-10 22:00:00,6.124786909301968
2018-01-10 23:00:00,5.890941328388865
2018-01-11 00:00:00,6.301327639137014
2018-01-11 01:00:00,6.461586871929307
2018-01-11 02:00:00,6.163569302210451
2018-01-11 03:00:00,6.643023560939205
2018-01-11 04:00:00,6.6155430158082
2018-01-11 05:00:00,6.703225546478832
2018-01-11 06:00:00,7.4883104795891215
2018-01-11 07:00:00,8.422303469704413
2018-01-11 08:00:00,10.04621911874713
2018-01-11 09:00:00,9.674140440164503
2018-01-11 10:00:00,9.686935313922916
2018-01-11 11:00:00,9.253256380403464
2018-01-11 12:00:00,9.17656234324544
2018-01-11 13:00:00,8.909417598642422
2018-01-11 14:00:00,8.716214826683252
2018-01-11 15:00:00,8.577521916453295
2018-01-11 16:00:00,8.458220210042981
2018-01-11 17:00:00,8.524756138171673
2018-01-11 18:00:00,7.736451324722003
2018-01-11 19:00:00,8.006503795104718
2018-01-11 20:00:00,7.0196409173556695
2018-01-11 21:00:00,6.837706055545839
2018-01-11 22:00:00,7.06241093915949
2018-01-11 23:00:00,6.301943067033122
2018-01-12 00:00:00,7.463356128604623
2018-01-12 01:00:00,6.951750992827766
2018-01-12 02:00:00,6.9266053831678995
2018-01-12 03:00:00,6.738430227331268
2018-01-12 04:00:00,7.013200994200546
2018-01-12 05:00:00,7.73369685176007
2018-01-12 06:00:00,8.531946685219634
2018-01-12 07:00:00,8.763185994789657
2018-01-12 08:00:00,9.652649768067755
2018-01-12 09:00:00,9.750915331371976
2018-01-12 10:00:00,9.94442092915276
2018-01-12 11:00:00,9.836934111714065
2018-01-12 12:00:00,9.333631840978004
2018-01-12 13:00:00,9.048441806066258
2018-01-12 14:00:00,9.013094562685067
2018-01-12 15:00:00,9.094255478228494
2018-01-12 16:00:00,8.939672263335595
2018-01-12 17:00:00,8.55598618288831
2018-01-12 18:00:00,8.46187075948697
2018-01-12 19:00:00,8.11902897280323
2018-01-12 20:00:00,7.121371019448921
2018-01-12 21:00:00,6.836824409941976
2018-01-12 22:00:00,6.964459455756784
2018-01-12 23:00:00,6.713597205100854
2018-01-13 00:00:00,5.299107927862342
2018-01-13 01:00:00,5.097345240874994
2018-01-13 02:00:00,5.0043901121467345
2018-01-13 03:00:00,4.9963708405713065
2018-01-13 04:00:00,4.872010983081663
2018-01-13 05:00:00,5.256922016505537
2018-01-13 06:00:00,5.292214438410793
2018-01-13 07:00:00,5.699417323746425
2018-01-13 08:00:00,5.366519015580059
2018-01-13 09:00:00,5.385590451237361
2018-01-13 10:00:00,5.490786826821989
2018-01-13 11:00:00,5.639143176725083
2018-01-13 12:00:00,5.488116594196591
2018-01-13 13:00:00,5.196549518802466
2018-01-13 14:00:00,5.23965484424905
2018-01-13 15:00:00,4.95726921066586
2018-01-13 16:00:00,5.038430794043651
2018-01-13 17:00:00,5.253872971648902
2018-01-13 18:00:00,5.293014852194932
2018-01-13 19:00:00,5.230311434300846
2018-01-13 20:00:00,5.813420916134457
2018-01-13 21:00:00,5.364617109107233
2018-01-13 22:00:00,5.345611197597344
2018-01-13 23:00:00,5.20860211330705
2018-01-14 00:00:00,6.452964201684773
2018-01-14 01:00:00,6.304634454193769
2018-01-14 02:00:00,6.276123920653641
2018-01-14 03:00:00,5.966067189472409
2018-01-14 04:00:00,6.485518712152209
2018-01-14 05:00:00,6.511234366115919
2018-01-14 06:00:00,6.233515107956975
2018-01-14 07:00:00,6.7268784814530544
2018-01-14 08:00:00,6.527005902661353
2018-01-14 09:00:00,6.435610342810469
2018-01-14 10:00:00,6.348753469365718
2018-01-14 11:00:00,6.115240387488105
2018-01-14 12:00:00,6.682266935399738
2018-01-14 13:00:00,6.274762517478073
2018-01-14 14:00:00,6.356333168891905
2018-01-14 15:00:00,6.028485481615049
2018-01-14 16:00:00,6.353628280093924
2018-01-14 17:00:00,6.335278668118696
2018-01-14 18:00:00,6.658819021920341
2018-01-14 19:00:00,6.296629856149829
2018-01-14 20:00:00,6.76271057788109
2018-01-14 21:00:00,6.661864896657309
2018-01-14 22:00:00,6.437579799898131
2018-01-14 23:00:00,6.390058639750727
2018-01-15 00:00:00,6.8651104905935485
2018-01-15 01:00:00,6.8167092478508655
2018-01-15 02:00:00,6.553299834768206
2018-01-15 03:00:00,6.672291738834157
2018-01-15 04:00:00,7.202638745724916
2018-01-15 05:00:00,7.225459370516678
2018-01-15 06:00:00,8.15877191209847
2018-01-15 07:00:00,9.053399638657027
2018-01-15 08:00:00,10.457082265089818
2018-01-15 09:00:00,10.658014724716622
2018-01-15 10:00:00,10.342708486113136
2018-01-15 11:00:00,10.076588797019093
2018-01-15 12:00:00,9.734486082478135
2018-01-15 13:00:00,9.85364511544703
2018-01-15 14:00:00,9.518523873460214
2018-01-15 15:00:00,9.41636721196847
2018-01-15 16:00:00,8.914207748683838
2018-01-15 17:00:00,8.756136128985693
2018-01-15 18:00:00,8.981890153525299
2018-01-15 19:00:00,8.45858378776752
2018-01-15 20:00:00,7.938650770874178
2018-01-15 21:00:00,7.169531624399414
2018-01-15 22:00:00,7.232759756419894
2018-01-15 23:00:00,7.066305247170497
2018-01-16 00:00:00,7.080013344509013
2018-01-16 01:00:00,7.020506708926632
2018-01-16 02:00:00,7.299617325342956
2018-01-16 03:00:00,6.910905783362757
2018-01-16 04:00:00,7.224395492095275
2018-01-16 05:00:00,8.131440786341567
2018-01-16 06:00:00,8.185000131657535
2018-01-16 07:00:00,9.11208805363172
2018-01-16 08:00:00,10.812811367531612
2018-01-16 09:00:00,10.69879311185035
2018-01-16 10:00:00,10.500109241000818
2018-01-16 11:00:00,11.085962252087187
2018-01-16 12:00:00,10.339163798243652
2018-01-16 13:00:00,10.378585223770658
2018-01-16 14:00:00,10.18610047311338
2018-01-16 15:00:00,10.377998841600725
2018-01-16 16:00:00,10.019448060444487
2018-01-16 17:00:00,9.714857686088296
2018-01-16 18:00:00,8.934549695290432
2018-01-16 19:00:00,8.464543152890593
2018-01-16 20:00:00,8.405266558120196
2018-01-16 21:00:00,7.489152106125819
2018-01-16 22:00:00,7.914007623411552
2018-01-16 23:00:00,7.198306506671476
2018-01-17 00:00:00,6.340086541217733
2018-01-17 01:00:00,6.6347853796755825
2018-01-17 02:00:00,6.311227534895524
2018-01-17 03:00:00,6.611725291574788
2018-01-17 04:00:00,6.9538946358952884
2018-01-17 05:00:00,7.394831712366553
2018-01-17 06:00:00,7.188764685201156
2018-01-17 07:00:00,8.747041373383816
2018-01-17 08:00:00,9.6889332156939
2018-01-17 09:00:00,10.098289143614108
2018-01-17 10:00:00,9.614981933096459
2018-01-17 11:00:00,10.00841446870604
2018-01-17 12:00:00,9.048358470942189
2018-01-17 13:00:00,9.664811141443774
2018-01-17 14:00:00,9.06678569431863
2018-01-17 15:00:00,8.959403848346115
2018-01-17 16:00:00,8.159711068477193
2018-01-17 17:00:00,8.486676064279228
2018-01-17 18:00:00,7.918798408486424
2018-01-17 19:00:00,7.822910598107729
2018-01-17 20:00:00,7.707993603072192
2018-01-17 21:00:00,7.015307102222352
2018-01-17 22:00:00,6.56346649363268
2018-01-17 23:00:00,7.137346666029059
2018-01-18 00:00:00,6.263852832953507
2018-01-18 01:00:00,6.134145122088974
2018-01-18 02:00:00,6.207731740240466
2018-01-18 03:00:00,6.353983539717216
2018-01-18 04:00:00,5.914993356627881
2018-01-18 05:00:00,6.192333083153792
2018-01-18 06:00:00,6.686539916800724
2018-01-18 07:00:00,7.867152347840628
2018-01-18 08:00:00,8.609905678305964
2018-01-18 09:00:00,8.824845906863612
2018-01-18 10:00:00,9.268046049453037
2018-01-18 11:00:00,8.915260145675962
2018-01-18 12:00:00,8.394203859307805
2018-01-18 13:00:00,8.276010285378918
2018-01-18 14:00:00,8.729785251254036
2018-01-18 15:00:00,8.382994437152112
2018-01-18 16:00:00,8.440334671091048
2018-01-18 17:00:00,8.493205834916164
2018-01-18 18:00:00,7.842950157415685
2018-01-18 19:00:00,7.412105386460543
2018-01-18 20:00:00,6.966224672330458
2018-01-18 21:00:00,6.611690955864835
2018-01-18 22:00:00,6.300709080543061
2018-01-18 23:00:00,6.315693104336243
2018-01-19 00:00:00,7.493849514567897
2018-01-19 01:00:00,7.436396594876812
2018-01-19 02:00:00,7.3082903093044855
2018-01-19 03:00:00,7.884786880710152
2018-01-19 04:00:00,7.549136932326261
2018-01-19 05:00:00,8.55360220860533
2018-01-19 06:00:00,8.564730054984565
2018-01-19 07:00:00,10.118524999943434
2018-01-19 08:00:00,10.832360075246509
2018-01-19 09:00:00,11.251009997636777
2018-01-19 10:00:00,11.493004127694139
2018-01-19 11:00:00,11.744529170770965
2018-01-19 12:00:00,10.86749595988013
2018-01-19 13:00:00,10.065161975396675
2018-01-19 14:00:00,10.314479122400673
2018-01-19 15:00:00,10.39601395086375
2018-01-19 16:00:00,10.172956164733202
2018-01-19 17:00:00,10.129584030564473
2018-01-19 18:00:00,9.732158449187766
2018-01-19 19:00:00,8.814089155481934
2018-01-19 20:00:00,8.429085482005851
2018-01-19 21:00:00,7.919215106384633
2018-01-19 22:00:00,7.55433219937393
2018-01-19 23:00:00,7.506574882509557
2018-01-20 00:00:00,7.740718202839559
2018-01-20 01:00:00,7.310843874438463
2018-01-20 02:00:00,7.113188695550235
2018-01-20 03:00:00,6.826100242382506
2018-01-20 04:00:00,7.065865032040168
2018-01-20 05:00:00,6.994551453763424
2018-01-20 06:00:00,6.881335206201331
2018-01-20 07:00:00,7.721392734153442
2018-01-20 08:00:00,7.540150258633283
2018-01-20 09:00:00,7.491260175440541
2018-01-20 10:00:00,7.35759967700335
2018-01-20 11:00:00,6.920679616173853
2018-01-20 12:00:00,7.728130190641701
2018-01-20 13:00:00,7.043511708789708
2018-01-20 14:00:00,7.2290307262458615
2018-01-20 15:00:00,7.086337970084176
2018-01-20 16:00:00,7.083076450230009
2018-01-20 17:00:00,7.363755482575765
2018-01-20 18:00:00,7.525008307176175
2018-01-20 19:00:00,7.0574098634339535
2018-01-20 20:00:00,7.062747999516608
2018-01-20 21:00:00,7.038639029441165
2018-01-20 22:00:00,7.209028643611965
2018-01-20 23:00:00,7.141767491785216
2018-01-21 00:00:00,6.4840297656922985
2018-01-21 01:00:00,6.636923630499448
2018-01-21 02:00:00,6.575170031111948
2018-01-21 03:00:00,7.12724779227207
2018-01-21 04:00:00,6.54619663548999
2018-01-21 05:00:00,6.692449521411484
2018-01-21 06:00:00,6.599060749209416
2018-01-21 07:00:00,6.445043537448251
2018-01-21 08:00:00,6.743482799375708
2018-01-21 09:00:00,6.657434394314098
2018-01-21 10:00:00,6.88519552444146
2018-01-21 11:00:00,6.907426932136095
2018-01-21 12:00:00,6.657328546971743
2018-01-21 13:00:00,6.512349506198363
2018-01-21 14:00:00,6.378194968571835
2018-01-21 15:00:00,5.976252606357026
2018-01-21 16:00:00,6.255489573367746
2018-01-21 17:00:00,6.721263911510773
2018-01-21 18:00:00,6.793024790509317
2018-01-21 19:00:00,6.753999395846234
2018-01-21 20:00:00,6.421924078002545
2018-01-21 21:00:00,6.342306456868788
2018-01-21 22:00:00,6.8331277724303225
2018-01-21 23:00:00,6.62892912701756
2018-01-22 00:00:00,5.286173934729443
2018-01-22 01:00:00,5.758092673637433
2018-01-22 02:00:00,5.484331252688257
2018-01-22 03:00:00,5.683660562847627
2018-01-22 04:00:00,5.824827172240011
2018-01-22 05:00:00,6.016316576520339
2018-01-22 06:00:00,6.827436377362564
2018-01-22 07:00:00,7.236068639656135
2018-01-22 08:00:00,8.944169613713779
2018-01-22 09:00:00,8.849264932520486
2018-01-22 10:00:00,9.300558486493792
2018-01-22 11:00:00,8.880622701296343
2018-01-22 12:00:00,7.973469694322554
2018-01-22 13:00:00,8.521745095025897
2018-01-22 14:00:00,8.649857195260521
2018-01-22 15:00:00,8.193885834456687
2018-01-22 16:00:00,7.995489148245286
2018-01-22 17:00:00,7.705115719174823
2018-01-22 18:00:00,7.899739259206978
2018-01-22 19:00:00,6.947154996799708
2018-01-22 20:00:00,6.314067890858504
2018-01-22 21:00:00,6.26575051793441
2018-01-22 22:00:00,6.107869162372713
2018-01-22 23:00:00,6.293368046564595
2018-01-23 00:00:00,6.928462922743115
2018-01-23 01:00:00,7.264220792284708
2018-01-23 02:00:00,7.27714052401345
2018-01-23 03:00:00,7.663426076768004
2018-01-23 04:00:00,7.475753617846517
2018-01-23 05:00:00,7.756671053952914
2018-01-23 06:00:00,8.709588246260639
2018-01-23 07:00:00,9.679958184444947
2018-01-23 08:00:00,9.975106239232842
2018-01-23 09:00:00,10.720001068489243
2018-01-23 10:00:00,11.35099604722906
2018-01-23 11:00:00,10.862697154236162
2018-01-23 12:00:00,9.766511270361304
2018-01-23 13:00:00,10.778493652730802
2018-01-23 14:00:00,10.009570783633313
2018-01-23 15:00:00,9.855988627384304
2018-01-23 16:00:00,9.76534934133649
2018-01-23 17:00:00,9.58867454122307
2018-01-23 18:00:00,9.082655524603656
2018-01-23 19:00:00,8.305289294900907
2018-01-23 20:00:00,8.170803301684835
2018-01-23 21:00:00,7.390026856884395
2018-01-23 22:00:00,7.386433596725666
2018-01-23 23:00:00,7.304558003838822
2018-01-24 00:00:00,6.627942868412391
2018-01-24 01:00:00,7.0089154844907995
2018-01-24 02:00:00,6.621382350655529
2018-01-24 03:00:00,6.808351429244898
2018-01-24 04:00:00,7.12086679403434
2018-01-24 05:00:00,7.3175550257091935
2018-01-24 06:00:00,7.73797740396381
2018-01-24 07:00:00,8.515949422924477
2018-01-24 08:00:00,9.64828758150813
2018-01-24 09:00:00,9.5914279272768
2018-01-24 10:00:00,9.670134519998612
2018-01-24 11:00:00,9.657687735609812
2018-01-24 12:00:00,9.792760234209316
2018-01-24 13:00:00,9.274714979110088
2018-01-24 14:00:00,9.386335860411371
2018-01-24 15:00:00,8.894606423885335
2018-01-24 16:00:00,9.104595310589657
2018-01-24 17:00:00,8.745346656745808
2018-01-24 18:00:00,8.289180083282274
2018-01-24 19:00:00,7.655960336471205
2018-01-24 20:00:00,7.303405398461568
2018-01-24 21:00:00,7.3249586769224875
2018-01-24 22:00:00,6.8138332661258705
2018-01-24 23:00:00,6.9389179537453725
2018-01-25 00:00:00,7.447848573557253
2018-01-25 01:00:00,7.446950976185637
2018-01-25 02:00:00,7.580329412752503
2018-01-25 03:00:00,7.60084618076054
2018-01-25 04:00:00,7.713100292554778
2018-01-25 05:00:00,8.501903617122608
2018-01-25 06:00:00,8.057825137687027
2018-01-25 07:00:00,9.322419965028399
2018-01-25 08:00:00,9.937797149881234
2018-01-25 09:00:00,11.308219331447264
2018-01-25 10:00:00,10.917192150616412
2018-01-25 11:00:00,10.764271710324067
2018-01-25 12:00:00,9.504211172257584
2018-01-25 13:00:00,10.209353991497098
2018-01-25 14:00:00,10.239163570520637
2018-01-25 15:00:00,10.50937024670599
2018-01-25 16:00:00,10.111536444320846
2018-01-25 17:00:00,9.569242790809534
2018-01-25 18:00:00,8.76191420919863
2018-01-25 19:00:00,8.62343210013466
2018-01-25 20:00:00,8.246913314022725
2018-01-25 21:00:00,7.7419935643546784
2018-01-25 22:00:00,7.77835557128043
2018-01-25 23:00:00,7.5447625370108815
2018-01-26 00:00:00,5.9093092154606595
2018-01-26 01:00:00,5.881325123585238
2018-01-26 02:00:00,5.9315165507383
2018-01-26 03:00:00,6.090319829209098
2018-01-26 04:00:00,6.0125524388701574
2018-01-26 05:00:00,6.139850312793342
2018-01-26 06:00:00,6.7506210219615665
2018-01-26 07:00:00,7.6019981968863055
2018-01-26 08:00:00,8.177767676621967
2018-01-26 09:00:00,8.491882343985944
2018-01-26 10:00:00,8.843548097805906
2018-01-26 11:00:00,8.33655133494899
2018-01-26 12:00:00,8.007255378550061
2018-01-26 13:00:00,7.81824169614474
2018-01-26 14:00:00,7.641225185199336
2018-01-26 15:00:00,7.491960348137982
2018-01-26 16:00:00,7.3135467095400335
2018-01-26 17:00:00,7.610313499411504
2018-01-26 18:00:00,7.804004299086919
2018-01-26 19:00:00,6.815673914281975
2018-01-26 20:00:00,6.30330577790716
2018-01-26 21:00:00,6.185388745395742
2018-01-26 22:00:00,5.86649260351218
2018-01-26 23:00:00,5.852975404755221
2018-01-27 00:00:00,7.1673900761503
2018-01-27 01:00:00,6.945458338461764
2018-01-27 02:00:00,6.7768046509814335
2018-01-27 03:00:00,6.658864662202728
2018-01-27 04:00:00,7.20714400106893
2018-01-27 05:00:00,6.916840815505644
2018-01-27 06:00:00,7.212436221765166
2018-01-27 07:00:00,6.9733999768098425
2018-01-27 08:00:00,7.181611536324002
2018-01-27 09:00:00,7.064281866968643
2018-01-27 10:00:00,7.164022552912827
2018-01-27 11:00:00,7.368936562448913
2018-01-27 12:00:00,7.028224457807938
2018-01-27 13:00:00,6.747340097084215
2018-01-27 14:00:00,7.0906013361747275
2018-01-27 15:00:00,6.632463758235853
2018-01-27 16:00:00,6.6957654071440125
2018-01-27 17:00:00,7.163248138148817
2018-01-27 18:00:00,7.416297806690978
2018-01-27 19:00:00,7.382846625250584
2018-01-27 20:00:00,6.99496314747567
2018-01-27 21:00:00,7.088329631696683
2018-01-27 22:00:00,7.08590692488228
2018-01-27 23:00:00,6.88912212542076
2018-01-28 00:00:00,6.5550858759715585
2018-01-28 01:00:00,6.940017987314322
2018-01-28 02:00:00,6.688937749163805
2018-01-28 03:00:00,6.884612821259404
2018-01-28 04:00:00,6.67168061966055
2018-01-28 05:00:00,6.893865837695883
2018-01-28 06:00:00,6.549641475249184
2018-01-28 07:00:00,6.915005768383903
2018-01-28 08:00:00,6.692418591965599
2018-01-28 09:00:00,6.236340443700533
2018-01-28 10:00:00,6.758389300317568
2018-01-28 11:00:00,6.3297162736171
2018-01-28 12:00:00,6.471690770405282
2018-01-28 13:00:00,6.445935985188821
2018-01-28 14:00:00,6.577708065588514
2018-01-28 15:00:00,6.401155473796314
2018-01-28 16:00:00,6.782089695816165
2018-01-28 17:00:00,6.472024318326826
2018-01-28 18:00:00,7.167677810350654
2018-01-28 19:00:00,6.9037227825662555
2018-01-28 20:00:00,6.435247565501666
2018-01-28 21:00:00,6.730266486873242
2018-01-28 22:00:00,6.240530230022735
2018-01-28 23:00:00,6.996225890401071
2018-01-29 00:00:00,6.7657710910272595
2018-01-29 01:00:00,6.6879536797498975
2018-01-29 02:00:00,6.7680770447528795
2018-01-29 03:00:00,7.044125828606963
2018-01-29 04:00:00,6.8355689354955045
2018-01-29 05:00:00,7.298505357105275
2018-01-29 06:00:00,7.799273356785745
2018-01-29 07:00:00,8.997111064680865
2018-01-29 08:00:00,10.37713938839985
2018-01-29 09:00:00,10.23667718189888
2018-01-29 10:00:00,10.658468308350852
2018-01-29 11:00:00,10.845638264434598
2018-01-29 12:00:00,9.890842657594652
2018-01-29 13:00:00,10.01179740165845
2018-01-29 14:00:00,10.088366760758587
2018-01-29 15:00:00,9.700614248637269
2018-01-29 16:00:00,9.526180759617127
2018-01-29 17:00:00,8.651081265893792
2018-01-29 18:00:00,9.012587714974076
2018-01-29 19:00:00,8.385137263743612
2018-01-29 20:00:00,7.699557995963735
2018-01-29 21:00:00,7.145338347904439
2018-01-29 22:00:00,6.7006622583826285
2018-01-29 23:00:00,7.3000597016375295
2018-01-30 00:00:00,5.7194107984706966
2018-01-30 01:00:00,5.917218321336184
2018-01-30 02:00:00,5.565634882848509
2018-01-30 03:00:00,6.216204091878459
2018-01-30 04:00:00,6.197247947198226
2018-01-30 05:00:00,6.48126252553892
2018-01-30 06:00:00,6.922704186635139
2018-01-30 07:00:00,8.246559782630555
2018-01-30 08:00:00,8.804660395977518
2018-01-30 09:00:00,8.660771293239717
2018-01-30 10:00:00,8.907821002821406
2018-01-30 11:00:00,8.86201497896999
2018-01-30 12:00:00,8.381491854948846
2018-01-30 13:00:00,8.497165791963702
2018-01-30 14:00:00,8.26827727606492
2018-01-30 15:00:00,8.782829947106361
2018-01-30 16:00:00,7.7307528828893455
2018-01-30 17:00:00,7.431213325801653
2018-01-30 18:00:00,7.822704642201445
2018-01-30 19:00:00,7.308831893579876
2018-01-30 20:00:00,7.055153282556665
2018-01-30 21:00:00,6.261239063944569
2018-01-30 22:00:00,6.311125444033378
2018-01-30 23:00:00,5.931124586229445
2018-01-31 00:00:00,7.498710643409891
2018-01-31 01:00:00,7.384084241095986
2018-01-31 02:00:00,7.661613656145887
2018-01-31 03:00:00,7.60696332020634
2018-01-31 04:00:00,7.321564355246941
2018-01-31 05:00:00,8.140454364599481
2018-01-31 06:00:00,9.115581088942502
2018-01-31 07:00:00,9.767583875558708
2018-01-31 08:00:00,10.809800315985795
2018-01-31 09:00:00,11.844243857830476
2018-01-31 10:00:00,11.671878752782279
2018-01-31 11:00:00,11.35842226479135
2018-01-31 12:00:00,10.554976078314782
2018-01-31 13:00:00,10.984896744915206
2018-01-31 14:00:00,10.325279970394707
2018-01-31 15:00:00,10.258519823893662
2018-01-31 16:00:00,9.903292117884982
2018-01-31 17:00:00,10.201380683550507
2018-01-31 18:00:00,9.57260249073277
2018-01-31 19:00:00,9.263024918595063
2018-01-31 20:00:00,8.373150626741303
2018-01-31 21:00:00,8.041496425273966
2018-01-31 22:00:00,7.931724203394065
2018-01-31 23:00:00,7.057090056340719
2018-02-01 00:00:00,6.342200517338257
2018-02-01 01:00:00,6.210387054946628
2018-02-01 02:00:00,6.418346550065221
2018-02-01 03:00:00,6.2921882817348465
2018-02-01 04:00:00,6.127943953299463
2018-02-01 05:00:00,6.809156724762828
2018-02-01 06:00:00,6.993550258187538
2018-02-01 07:00:00,8.066281757576128
2018-02-01 08:00:00,9.252563360862334
2018-02-01 09:00:00,9.049309850480268
2018-02-01 10:00:00,9.00194506745997
2018-02-01 11:00:00,9.99347185307051
2018-02-01 12:00:00,8.912986323720249
2018-02-01 13:00:00,9.054020060406508
2018-02-01 14:00:00,8.627880584254608
2018-02-01 15:00:00,8.830654800652507
2018-02-01 16:00:00,8.404894924817638
2018-02-01 17:00:00,8.497812287319995
2018-02-01 18:00:00,7.963814496464242
2018-02-01 19:00:00,7.353777215743907
2018-02-01 20:00:00,7.205950916761739
2018-02-01 21:00:00,6.788288970297202
2018-02-01 22:00:00,6.359168639811605
2018-02-01 23:00:00,6.808627643785528
2018-02-02 00:00:00,6.680095464173481
2018-02-02 01:00:00,6.822282423720557
2018-02-02 02:00:00,6.656205400677919
2018-02-02 03:00:00,6.675403114021845
2018-02-02 04:00:00,6.94669786712843
2018-02-02 05:00:00,7.0318363907249415
2018-02-02 06:00:00,7.783735580437384
2018-02-02 07:00:00,8.403096043065647
2018-02-02 08:00:00,9.740308534667115
2018-02-02 09:00:00,10.283683681193256
2018-02-02 10:00:00,10.843119162616398
2018-02-02 11:00:00,9.33116718668826
2018-02-02 12:00:00,9.775712305265365
2018-02-02 13:00:00,9.478625234544118
2018-02-02 14:00:00,9.037025683897289
2018-02-02 15:00:00,8.836818901373292
2018-02-02 16:00:00,8.043267551295719
2018-02-02 17:00:00,8.174008773644303
2018-02-02 18:00:00,8.122742075206906
2018-02-02 19:00:00,7.826987503563916
2018-02-02 20:00:00,7.862275212443189
2018-02-02 21:00:00,7.116577852744803
2018-02-02 22:00:00,6.832657732384863
2018-02-02 23:00:00,6.429246598661653
2018-02-03 00:00:00,6.217328140937797
2018-02-03 01:00:00,6.36850649116336
2018-02-03 02:00:00,5.826447694014075
2018-02-03 03:00:00,6.056605868639249
2018-02-03 04:00:00,6.323144589359921
2018-02-03 05:00:00,6.227222490418331
2018-02-03 06:00:00,6.436990323287912
2018-02-03 07:00:00,6.917931504314782
2018-02-03 08:00:00,6.677336936077436
2018-02-03 09:00:00,6.463898110628312
2018-02-03 10:00:00,6.659900806173063
2018-02-03 11:00:00,6.155216036966533
2018-02-03 12:00:00,6.36646186779517
2018-02-03 13:00:00,5.857038381440643
2018-02-03 14:00:00,6.3327181401853245
2018-02-03 15:00:00,6.103362703575505
2018-02-03 16:00:00,6.095194160851397
2018-02-03 17:00:00,6.4360631891588405
2018-02-03 18:00:00,6.491721722282803
2018-02-03 19:00:00,6.485508993143426
2018-02-03 20:00:00,6.275357536365436
2018-02-03 21:00:00,6.198128742918404
2018-02-03 22:00:00,6.386702591144509
2018-02-03 23:00:00,6.014775496341527
2018-02-04 00:00:00,6.818763156216985
2018-02-04 01:00:00,6.619242444887421
2018-02-04 02:00:00,6.812519001851337
2018-02-04 03:00:00,6.631688996193492
2018-02-04 04:00:00,6.648796284053575
2018-02-04 05:00:00,6.567273861219603
2018-02-04 06:00:00,6.6321538296569145
2018-02-04 07:00:00,6.905174592261258
2018-02-04 08:00:00,6.6478643890199205
2018-02-04 09:00:00,6.642122118012438
2018-02-04 10:00:00,6.960662853615316
2018-02-04 11:00:00,6.476291050179163
2018-02-04 12:00:00,6.8118266070394276
2018-02-04 13:00:00,6.387636977394827
2018-02-04 14:00:00,6.364912063446245
2018-02-04 15:00:00,6.642823428693131
2018-02-04 16:00:00,6.499056952346725
2018-02-04 17:00:00,6.776592794567954
2018-02-04 18:00:00,6.714961550563998
2018-02-04 19:00:00,6.989206790703524
2018-02-04 20:00:00,6.717199064724779
2018-02-04 21:00:00,6.925147485952714
2018-02-04 22:00:00,6.807559025755863
2018-02-04 23:00:00,7.080307922171021
2018-02-05 00:00:00,6.5694352365651145
2018-02-05 01:00:00,6.887963211230448
2018-02-05 02:00:00,6.548477518360269
2018-02-05 03:00:00,6.321172403694825
2018-02-05 04:00:00,6.547077737237656
2018-02-05 05:00:00,7.119927220621525
2018-02-05 06:00:00,7.854699752343603
2018-02-05 07:00:00,9.366935251314516
2018-02-05 08:00:00,10.449931599502692
2018-02-05 09:00:00,11.01922260969814
2018-02-05 10:00:00,10.52229484720097
2018-02-05 11:00:00,10.152384434542624
2018-02-05 12:00:00,10.029693837852818
2018-02-05 13:00:00,10.589501426497842
2018-02-05 14:00:00,9.785186696667264
2018-02-05 15:00:00,9.319924182139598
2018-02-05 16:00:00,9.27075321619342
2018-02-05 17:00:00,9.181930394099442
2018-02-05 18:00:00,8.833451836279202
2018-02-05 19:00:00,8.639618990301672
2018-02-05 20:00:00,7.892586954060154
2018-02-05 21:00:00,7.4025846132895845
2018-02-05 22:00:00,7.135852043029497
2018-02-05 23:00:00,6.851217205059278
2018-02-06 00:00:00,6.715614999363742
2018-02-06 01:00:00,6.495052287205401
2018-02-06 02:00:00,6.753029980943645
2018-02-06 03:00:00,6.492245383485127
2018-02-06 04:00:00,6.789065552932668
2018-02-06 05:00:00,7.2550014822964135
2018-02-06 06:00:00,7.117239901494464
2018-02-06 07:00:00,8.784824281835357
2018-02-06 08:00:00,9.497658061247952
2018-02-06 09:00:00,9.724323706675735
2018-02-06 10:00:00,9.275484684337691
2018-02-06 11:00:00,9.574607979575704
2018-02-06 12:00:00,9.44988870874372
2018-02-06 13:00:00,9.118003308714624
2018-02-06 14:00:00,8.791098658162895
2018-02-06 15:00:00,9.262303310588557
2018-02-06 16:00:00,8.656322195859289
2018-02-06 17:00:00,8.484013947395825
2018-02-06 18:00:00,8.295185168575209
2018-02-06 19:00:00,7.910055029014688
2018-02-06 20:00:00,7.501793525272575
2018-02-06 21:00:00,7.096340015440233
2018-02-06 22:00:00,6.675945323057168
2018-02-06 23:00:00,6.806049896240437
2018-02-07 00:00:00,7.095048679240177
2018-02-07 01:00:00,7.204302780264761
2018-02-07 02:00:00,7.34692200052746
2018-02-07 03:00:00,7.352028867689943
2018-02-07 04:00:00,7.252638647421738
2018-02-07 05:00:00,7.160433859363142
2018-02-07 06:00:00,7.717920944335022
2018-02-07 07:00:00,9.096369379232195
2018-02-07 08:00:00,10.125002190879965
2018-02-07 09:00:00,10.677353457827667
2018-02-07 10:00:00,10.17167529180573
2018-02-07 11:00:00,10.226955038094069
2018-02-07 12:00:00,9.88231417188512
2018-02-07 13:00:00,9.600051381965729
2018-02-07 14:00:00,10.062236918077947
2018-02-07 15:00:00,10.007701772907188
2018-02-07 16:00:00,8.81372468093003
2018-02-07 17:00:00,8.540454415014914
2018-02-07 18:00:00,9.099150173112415
2018-02-07 19:00:00,8.216410355370247
2018-02-07 20:00:00,7.959999076408898
2018-02-07 21:00:00,7.483407601682658
2018-02-07 22:00:00,7.379265540362364
2018-02-07 23:00:00,6.968447277928398
2018-02-08 00:00:00,8.123577915013731
2018-02-08 01:00:00,7.975208254024028
2018-02-08 02:00:00,8.120559041000933
2018-02-08 03:00:00,7.664730661610729
2018-02-08 04:00:00,8.090911992363127
2018-02-08 05:00:00,8.55509396521726
2018-02-08 06:00:00,9.37277376837477
2018-02-08 07:00:00,9.178496838726941
2018-02-08 08:00:00,11.376675087533023
2018-02-08 09:00:00,11.081065869571917
2018-02-08 10:00:00,11.384649170616543
2018-02-08 11:00:00,11.411987621955552
2018-02-08 12:00:00,10.724676094719465
2018-02-08 13:00:00,10.569302394022854
2018-02-08 14:00:00,10.92197196281474
2018-02-08 15:00:00,10.110649369707035
2018-02-08 16:00:00,9.845736130562688
2018-02-08 17:00:00,9.722110207034712
2018-02-08 18:00:00,8.983720804690087
2018-02-08 19:00:00,8.942102947242995
2018-02-08 20:00:00,8.62455355119086
2018-02-08 21:00:00,8.387070931932396
2018-02-08 22:00:00,7.800335678923577
2018-02-08 23:00:00,7.297261156643788
2018-02-09 00:00:00,6.627255656655559
2018-02-09 01:00:00,6.833612614887258
2018-02-09 02:00:00,6.834441320729651
2018-02-09 03:00:00,6.985985542909134
2018-02-09 04:00:00,6.796536074999908
2018-02-09 05:00:00,7.316189847694636
2018-02-09 06:00:00,7.99675903325124
2018-02-09 07:00:00,9.136645017362627
2018-02-09 08:00:00,9.725821623426453
2018-02-09 09:00:00,9.866374009269249
2018-02-09 10:00:00,9.915163677743314
2018-02-09 11:00:00,10.437558890002249
2018-02-09 12:00:00,9.467751362269224
2018-02-09 13:00:00,8.91607998045694
2018-02-09 14:00:00,9.124826235036354
2018-02-09 15:00:00,8.984197558073202
2018-02-09 16:00:00,8.435470320626672
2018-02-09 17:00:00,8.316334066632479
2018-02-09 18:00:00,7.924674070172833
2018-02-09 19:00:00,8.338383640032383
2018-02-09 20:00:00,7.386415540356806
2018-02-09 21:00:00,7.040476298364845
2018-02-09 22:00:00,6.660536922528423
2018-02-09 23:00:00,6.813040802739315
2018-02-10 00:00:00,6.671363289359733
2018-02-10 01:00:00,6.623258895006911
2018-02-10 02:00:00,6.82863624610422
2018-02-10 03:00:00,6.520829508598954
2018-02-10 04:00:00,6.563043525515467
2018-02-10 05:00:00,6.5966524052266395
2018-02-10 06:00:00,6.51951845105481
2018-02-10 07:00:00,7.040345926046283
2018-02-10 08:00:00,7.023405080761454
2018-02-10 09:00:00,6.801673902342853
2018-02-10 10:00:00,6.613896224162487
2018-02-10 11:00:00,6.4308463721337885
2018-02-10 12:00:00,6.584111246636873
2018-02-10 13:00:00,6.841511635332906
2018-02-10 14:00:00,5.969303911512871
2018-02-10 15:00:00,6.113014277859991
2018-02-10 16:00:00,6.169504645877677
2018-02-10 17:00:00,6.4898512314026995
2018-02-10 18:00:00,6.505336376589159
2018-02-10 19:00:00,6.8168928792266525
2018-02-10 20:00:00,6.7966651676224785
2018-02-10 21:00:00,6.350259892123339
2018-02-10 22:00:00,6.573100978953292
2018-02-10 23:00:00,6.698464399192927
2018-02-11 00:00:00,6.312012470267083
2018-02-11 01:00:00,6.399351846415856
2018-02-11 02:00:00,6.123551970236239
2018-02-11 03:00:00,6.028906822571196
2018-02-11 04:00:00,6.550075191333933
2018-02-11 05:00:00,6.983322691063046
2018-02-11 06:00:00,6.114446195353702
2018-02-11 07:00:00,6.40881349643724
2018-02-11 08:00:00,6.436104129553523
2018-02-11 09:00:00,6.397250411612357
2018-02-11 10:00:00,6.725121193301165
2018-02-11 11:00:00,6.557798934748275
2018-02-11 12:00:00,6.242543098278711
2018-02-11 13:00:00,6.355517119179268
2018-02-11 14:00:00,6.177532133083131
2018-02-11 15:00:00,6.209159668981845
2018-02-11 16:00:00,5.980344971629828
2018-02-11 17:00:00,6.320595135810604
2018-02-11 18:00:00,6.2738433533885125
2018-02-11 19:00:00,6.486320288744726
2018-02-11 20:00:00,6.53076437099622
2018-02-11 21:00:00,6.404291800837467
2018-02-11 22:00:00,6.261535613122253
2018-02-11 23:00:00,6.3612061700574785
2018-02-12 00:00:00,5.56197147237416
2018-02-12 01:00:00,5.766785168012196
2018-02-12 02:00:00,5.687996432488484
2018-02-12 03:00:00,5.796315332580381
2018-02-12 04:00:00,6.083818956144833
2018-02-12 05:00:00,6.147460775433648
2018-02-12 06:00:00,6.409604378874203
2018-02-12 07:00:00,7.858067959487412
2018-02-12 08:00:00,8.078166296610167
2018-02-12 09:00:00,8.646382624298942
2018-02-12 10:00:00,8.236130255832771
2018-02-12 11:00:00,8.515791556255312
2018-02-12 12:00:00,7.7177357742846775
2018-02-12 13:00:00,7.861084665405808
2018-02-12 14:00:00,7.719731652925864
2018-02-12 15:00:00,8.173911829912493
2018-02-12 16:00:00,7.380317142123381
2018-02-12 17:00:00,7.1098859661932226
2018-02-12 18:00:00,7.1587380729419205
2018-02-12 19:00:00,6.747050129316708
2018-02-12 20:00:00,6.260649850913148
2018-02-12 21:00:00,5.8764798309436035
2018-02-12 22:00:00,5.705773602534644
2018-02-12 23:00:00,5.875404404346267
2018-02-13 00:00:00,6.774769355205145
2018-02-13 01:00:00,6.363269512283574
2018-02-13 02:00:00,6.03382386941425
2018-02-13 03:00:00,6.943142551506973
2018-02-13 04:00:00,6.980295115655429
2018-02-13 05:00:00,7.165198965020184
2018-02-13 06:00:00,7.687572789946144
2018-02-13 07:00:00,8.74436637402888
2018-02-13 08:00:00,9.606704491313629
2018-02-13 09:00:00,9.723489434774391
2018-02-13 10:00:00,10.00225853990434
2018-02-13 11:00:00,9.329558930077189
2018-02-13 12:00:00,8.78528903260505
2018-02-13 13:00:00,9.13454031626196
2018-02-13 14:00:00,8.74049132085584
2018-02-13 15:00:00,8.939143471776308
2018-02-13 16:00:00,8.379917212030271
2018-02-13 17:00:00,8.148604332867516
2018-02-13 18:00:00,7.9922609284214525
2018-02-13 19:00:00,7.820636390064475
2018-02-13 20:00:00,7.320900394014569
2018-02-13 21:00:00,6.52261327874554
2018-02-13 22:00:00,6.851698529067584
2018-02-13 23:00:00,6.2513232671065335
2018-02-14 00:00:00,6.119819031341909
2018-02-14 01:00:00,6.387359932692193
2018-02-14 02:00:00,6.231693442079194
2018-02-14 03:00:00,6.332862423500847
2018-02-14 04:00:00,6.538860358865482
2018-02-14 05:00:00,6.787869719100381
2018-02-14 06:00:00,6.849724120700153
2018-02-14 07:00:00,8.145353561596282
2018-02-14 08:00:00,8.473175035261015
2018-02-14 09:00:00,9.429220225449225
2018-02-14 10:00:00,8.698016665500958
2018-02-14 11:00:00,8.898873031098235
2018-02-14 12:00:00,8.171415354054183
2018-02-14 13:00:00,8.103552103056
2018-02-14 14:00:00,7.922744344235483
2018-02-14 15:00:00,7.9808059745463185
2018-02-14 16:00:00,7.562944532009837
2018-02-14 17:00:00,7.037591665984972
2018-02-14 18:00:00,7.211219224275372
2018-02-14 19:00:00,6.804943138333354
2018-02-14 20:00:00,6.361068036923073
2018-02-14 21:00:00,6.043222138700504
2018-02-14 22:00:00,6.104062552589593
2018-02-14 23:00:00,6.238964801850924
2018-02-15 00:00:00,6.7377262400077305
2018-02-15 01:00:00,7.234721101007034
2018-02-15 02:00:00,6.688706061012892
2018-02-15 03:00:00,7.142714466090198
2018-02-15 04:00:00,7.510865850970293
2018-02-15 05:00:00,7.383010354135704
2018-02-15 06:00:00,8.01215746247484
2018-02-15 07:00:00,9.351018196786018
2018-02-15 08:00:00,10.059857343581223
2018-02-15 09:00:00,10.168588019704476
2018-02-15 10:00:00,10.524256569108557
2018-02-15 11:00:00,9.623749639450072
2018-02-15 12:00:00,9.416864532539748
2018-02-15 13:00:00,9.693895131314392
2018-02-15 14:00:00,9.074608391980984
2018-02-15 15:00:00,9.28221534029191
2018-02-15 16:00:00,8.883338115618082
2018-02-15 17:00:00,8.24082087836887
2018-02-15 18:00:00,8.733714855242157
2018-02-15 19:00:00,8.230982244511974
2018-02-15 20:00:00,7.514801138646459
2018-02-15 21:00:00,6.812248039521709
2018-02-15 22:00:00,7.104578876399732
2018-02-15 23:00:00,7.319192193728938
2018-02-16 00:00:00,6.1658292368150365
2018-02-16 01:00:00,6.170002363089489
2018-02-16 02:00:00,5.937639106336924
2018-02-16 03:00:00,5.952083016270427
2018-02-16 04:00:00,6.155054535202433
2018-02-16 05:00:00,6.590905367291886
2018-02-16 06:00:00,7.29931158856036
2018-02-16 07:00:00,8.061830193645397
2018-02-16 08:00:00,8.396126654256003
2018-02-16 09:00:00,8.998126163168525
2018-02-16 10:00:00,8.947671130980583
2018-02-16 11:00:00,9.095588536662131
2018-02-16 12:00:00,8.383587945370959
2018-02-16 13:00:00,8.064954698291762
2018-02-16 14:00:00,7.96652922263317
2018-02-16 15:00:00,7.506538543951583
2018-02-16 16:00:00,7.351814589887159
2018-02-16 17:00:00,7.351168866944033
2018-02-16 18:00:00,7.179266393140027
2018-02-16 19:00:00,6.772145924612468
2018-02-16 20:00:00,6.283754928411259
2018-02-16 21:00:00,6.20977131711041
2018-02-16 22:00:00,6.116189493646173
2018-02-16 23:00:00,5.991853500243113
2018-02-17 00:00:00,6.585942453103167
2018-02-17 01:00:00,6.090069713983175
2018-02-17 02:00:00,6.625149244762684
2018-02-17 03:00:00,6.068739428371655
2018-02-17 04:00:00,6.348188479874066
2018-02-17 05:00:00,6.304404083458406
2018-02-17 06:00:00,6.678369381189879
2018-02-17 07:00:00,6.483136637216125
2018-02-17 08:00:00,6.370114021425173
2018-02-17 09:00:00,6.798744732722239
2018-02-17 10:00:00,6.442633708436601
2018-02-17 11:00:00,6.770600226638256
2018-02-17 12:00:00,6.614250000328651
2018-02-17 13:00:00,6.7377641001150455
2018-02-17 14:00:00,6.310786397324952
2018-02-17 15:00:00,6.26909964587827
2018-02-17 16:00:00,6.176427423553077
2018-02-17 17:00:00,6.330697614459785
2018-02-17 18:00:00,6.80734843238659
2018-02-17 19:00:00,6.696693394604852
2018-02-17 20:00:00,6.279484286778615
2018-02-17 21:00:00,6.178712546687307
2018-02-17 22:00:00,6.488403335630101
2018-02-17 23:00:00,6.584546587431298
2018-02-18 00:00:00,6.277767206157098
2018-02-18 01:00:00,6.286519793391196
2018-02-18 02:00:00,5.936111268127832
2018-02-18 03:00:00,5.923526230302483
2018-02-18 04:00:00,6.250669846031597
2018-02-18 05:00:00,6.1225190837471555
2018-02-18 06:00:00,6.3740538953492765
2018-02-18 07:00:00,5.661381610398325
2018-02-18 08:00:00,5.815382933400319
2018-02-18 09:00:00,5.882358840263267
2018-02-18 10:00:00,6.411871409666369
2018-02-18 11:00:00,6.41796735654496
2018-02-18 12:00:00,6.391527654497665
2018-02-18 13:00:00,5.8319459481166795
2018-02-18 14:00:00,5.6885740041073865
2018-02-18 15:00:00,6.036727990016003
2018-02-18 16:00:00,5.9302885868403745
2018-02-18 17:00:00,5.849160442712787
2018-02-18 18:00:00,6.1341757135895385
2018-02-18 19:00:00,6.461570443958135
2018-02-18 20:00:00,6.185489772528032
2018-02-18 21:00:00,6.113724836008751
2018-02-18 22:00:00,6.1274207534427685
2018-02-18 23:00:00,6.208820717770182
2018-02-19 00:00:00,5.563696107699244
2018-02-19 01:00:00,5.582315227990273
2018-02-19 02:00:00,5.835754040899766
2018-02-19 03:00:00,5.8884132946866705
2018-02-19 04:00:00,5.876419871508386
2018-02-19 05:00:00,6.339195300606956
2018-02-19 06:00:00,6.96509181463275
2018-02-19 07:00:00,7.520448867939822
2018-02-19 08:00:00,8.873741776368
2018-02-19 09:00:00,8.78690890934288
2018-02-19 10:00:00,8.699452505109301
2018-02-19 11:00:00,8.332246411617398
2018-02-19 12:00:00,8.313485626134632
2018-02-19 13:00:00,8.786426464533871
2018-02-19 14:00:00,8.536941384895187
2018-02-19 15:00:00,8.050637744042737
2018-02-19 16:00:00,8.178186596072194
2018-02-19 17:00:00,7.418506893420249
2018-02-19 18:00:00,7.674254645239405
2018-02-19 19:00:00,6.7633479439681325
2018-02-19 20:00:00,6.706897740767932
2018-02-19 21:00:00,6.461304306317092
2018-02-19 22:00:00,6.6459190977278535
2018-02-19 23:00:00,6.170839894421031
2018-02-20 00:00:00,6.4572276266267865
2018-02-20 01:00:00,6.832268515377131
2018-02-20 02:00:00,7.0459885452431035
2018-02-20 03:00:00,6.768939260376429
2018-02-20 04:00:00,6.616906271536609
2018-02-20 05:00:00,7.36654985560315
2018-02-20 06:00:00,7.81365464166376
2018-02-20 07:00:00,8.86486886756217
2018-02-20 08:00:00,9.484904739849464
2018-02-20 09:00:00,9.90356605328624
2018-02-20 10:00:00,10.50358815465966
2018-02-20 11:00:00,9.66137703948672
2018-02-20 12:00:00,9.480383246716722
2018-02-20 13:00:00,9.527939355877848
2018-02-20 14:00:00,9.193287286812495
2018-02-20 15:00:00,9.019130258198018
2018-02-20 16:00:00,8.139643676789722
2018-02-20 17:00:00,8.445702630625632
2018-02-20 18:00:00,8.3062238658843
2018-02-20 19:00:00,7.715113476827811
2018-02-20 20:00:00,7.311700803406698
2018-02-20 21:00:00,6.868386538398864
2018-02-20 22:00:00,7.029608644792583
2018-02-20 23:00:00,6.564122916168023
2018-02-21 00:00:00,6.19720949678365
2018-02-21 01:00:00,5.725626860102515
2018-02-21 02:00:00,6.168288095967047
2018-02-21 03:00:00,6.364180483682947
2018-02-21 04:00:00,6.261461049609786
2018-02-21 05:00:00,6.616591056956062
2018-02-21 06:00:00,6.8767945755762145
2018-02-21 07:00:00,7.371294200056945
2018-02-21 08:00:00,8.720356226851747
2018-02-21 09:00:00,8.816083319891295
2018-02-21 10:00:00,8.440450326635759
2018-02-21 11:00:00,8.646533153582785
2018-02-21 12:00:00,7.785352110827353
2018-02-21 13:00:00,8.134828827762439
2018-02-21 14:00:00,8.41826364355753
2018-02-21 15:00:00,7.9662774096682645
2018-02-21 16:00:00,7.204813978593603
2018-02-21 17:00:00,8.076167050004859
2018-02-21 18:00:00,7.436672030746769
2018-02-21 19:00:00,6.98331060309818
2018-02-21 20:00:00,6.958592327028857
2018-02-21 21:00:00,6.376859029932526
2018-02-21 22:00:00,6.044065573728053
2018-02-21 23:00:00,6.0404084346737505
2018-02-22 00:00:00,6.620256725201018
2018-02-22 01:00:00,6.399866396662004
2018-02-22 02:00:00,6.481874011180899
2018-02-22 03:00:00,6.312184863247031
2018-02-22 04:00:00,6.742856281125385
2018-02-22 05:00:00,7.377325596770644
2018-02-22 06:00:00,7.445924605827577
2018-02-22 07:00:00,8.120198634614628
2018-02-22 08:00:00,9.056385743791857
2018-02-22 09:00:00,9.445845211639611
2018-02-22 10:00:00,9.1396137413703
2018-02-22 11:00:00,9.432594242245031
2018-02-22 12:00:00,8.026036465730286
2018-02-22 13:00:00,8.660686715360786
2018-02-22 14:00:00,8.55470531035077
2018-02-22 15:00:00,8.386298822349024
2018-02-22 16:00:00,8.239789619079174
2018-02-22 17:00:00,7.64979312291323
2018-02-22 18:00:00,7.557223302462825
2018-02-22 19:00:00,7.193077274457821
2018-02-22 20:00:00,6.802229853597303
2018-02-22 21:00:00,6.577532383662966
2018-02-22 22:00:00,6.298730704962404
2018-02-22 23:00:00,6.453799638075089
2018-02-23 00:00:00,6.647864932140582
2018-02-23 01:00:00,6.858136314638465
2018-02-23 02:00:00,6.807704022876635
2018-02-23 03:00:00,7.144932804396352
2018-02-23 04:00:00,7.223805949911227
2018-02-23 05:00:00,7.6830837824315115
2018-02-23 06:00:00,7.752952124346604
2018-02-23 07:00:00,8.577358665550092
2018-02-23 08:00:00,9.22527542398454
2018-02-23 09:00:00,10.088405807228654
2018-02-23 10:00:00,9.76150796439596
2018-02-23 11:00:00,9.155231053282924
2018-02-23 12:00:00,9.098596483636198
2018-02-23 13:00:00,8.869685600085043
2018-02-23 14:00:00,9.3009474881982
2018-02-23 15:00:00,8.65118965902653
2018-02-23 16:00:00,8.637703184279037
2018-02-23 17:00:00,7.942734622257759
2018-02-23 18:00:00,7.832705876298806
2018-02-23 19:00:00,7.764628526697775
2018-02-23 20:00:00,7.609951977675285
2018-02-23 21:00:00,7.019448881766382
2018-02-23 22:00:00,7.348946437788675
2018-02-23 23:00:00,6.450327680161939
2018-02-24 00:00:00,6.4848821471133915
2018-02-24 01:00:00,6.67091039780465
2018-02-24 02:00:00,6.457861051463373
2018-02-24 03:00:00,6.308726822460918
2018-02-24 04:00:00,6.941616252441206
2018-02-24 05:00:00,6.659262366210023
2018-02-24 06:00:00,7.268267387140743
2018-02-24 07:00:00,7.002647065901518
2018-02-24 08:00:00,7.392660957918684
2018-02-24 09:00:00,6.557738375806547
2018-02-24 10:00:00,6.944934692489042
2018-02-24 11:00:00,7.019150292337818
2018-02-24 12:00:00,6.559515014395857
2018-02-24 13:00:00,6.663105999456345
2018-02-24 14:00:00,7.081962348124159
2018-02-24 15:00:00,6.545852072170243
2018-02-24 16:00:00,6.538840565254564
2018-02-24 17:00:00,6.701457836053991
2018-02-24 18:00:00,7.019243044834375
2018-02-24 19:00:00,6.850044330378247
2018-02-24 20:00:00,6.74395677272351
2018-02-24 21:00:00,6.879311680321798
2018-02-24 22:00:00,6.704673349555607
2018-02-24 23:00:00,6.69586750191867
2018-02-25 00:00:00,6.596164442905443
2018-02-25 01:00:00,6.223175924522788
2018-02-25 02:00:00,6.286054970230559
2018-02-25 03:00:00,6.101632613987648
2018-02-25 04:00:00,6.5247738130876
2018-02-25 05:00:00,6.1984883151488726
2018-02-25 06:00:00,6.08141854412179
2018-02-25 07:00:00,6.412762471432943
2018-02-25 08:00:00,6.262348887609296
2018-02-25 09:00:00,6.173237058044024
2018-02-25 10:00:00,6.3346435765424145
2018-02-25 11:00:00,6.729965252537861
2018-02-25 12:00:00,6.302388194933558
2018-02-25 13:00:00,6.068434611253171
2018-02-25 14:00:00,6.122433290236651
2018-02-25 15:00:00,6.166711958054351
2018-02-25 16:00:00,5.841267591437985
2018-02-25 17:00:00,5.880333285564364
2018-02-25 18:00:00,5.997013525632753
2018-02-25 19:00:00,6.371204234036041
2018-02-25 20:00:00,6.050585571740972
2018-02-25 21:00:00,6.4504465890910225
2018-02-25 22:00:00,6.321862485070337
2018-02-25 23:00:00,6.510765520950241
2018-02-26 00:00:00,7.002410932083587
2018-02-26 01:00:00,6.718094615556057
2018-02-26 02:00:00,6.535470492705713
2018-02-26 03:00:00,6.675723062851842
2018-02-26 04:00:00,6.9638911330814395
2018-02-26 05:00:00,7.5440828604693495
2018-02-26 06:00:00,7.636508008894566
2018-02-26 07:00:00,8.242498335046115
2018-02-26 08:00:00,9.350246863137345
2018-02-26 09:00:00,10.540623861122532
2018-02-26 10:00:00,10.095077282197044
2018-02-26 11:00:00,9.59029014145423
2018-02-26 12:00:00,9.75307963892524
2018-02-26 13:00:00,9.461404236325539
2018-02-26 14:00:00,9.328525226460167
2018-02-26 15:00:00,9.458619464243911
2018-02-26 16:00:00,8.534443952508157
2018-02-26 17:00:00,8.678072982082544
2018-02-26 18:00:00,8.259685472781294
2018-02-26 19:00:00,8.094640895606789
2018-02-26 20:00:00,7.747856976504576
2018-02-26 21:00:00,7.428245787543906
2018-02-26 22:00:00,7.013988436403144
2018-02-26 23:00:00,7.059624921375994
2018-02-27 00:00:00,7.436074544604979
2018-02-27 01:00:00,7.264480885462003
2018-02-27 02:00:00,7.527859437719773
2018-02-27 03:00:00,7.441018229389497
2018-02-27 04:00:00,7.66466839270937
2018-02-27 05:00:00,8.107163984080634
2018-02-27 06:00:00,8.644091806181802
2018-02-27 07:00:00,9.774121532083333
2018-02-27 08:00:00,10.4601901019863
2018-02-27 09:00:00,11.242286490263346
2018-02-27 10:00:00,10.894512832233652
2018-02-27 11:00:00,10.965603761978755
2018-02-27 12:00:00,10.471635311565906
2018-02-27 13:00:00,9.883960867776635
2018-02-27 14:00:00,10.213979100999877
2018-02-27 15:00:00,10.209858435936248
2018-02-27 16:00:00,9.331275998033615
2018-02-27 17:00:00,9.280090297865751
2018-02-27 18:00:00,8.330730091876495
2018-02-27 19:00:00,8.81206828458124
2018-02-27 20:00:00,8.1020545093902
2018-02-27 21:00:00,7.664712146185981
2018-02-27 22:00:00,7.62152341492345
2018-02-27 23:00:00,7.810346794320397
2018-02-28 00:00:00,7.011207693299144
2018-02-28 01:00:00,6.858672371970372
2018-02-28 02:00:00,6.810383521031311
2018-02-28 03:00:00,7.444840727597157
2018-02-28 04:00:00,6.993080941474497
2018-02-28 05:00:00,7.253627089471781
2018-02-28 06:00:00,8.044615894476113
2018-02-28 07:00:00,9.220061556254546
2018-02-28 08:00:00,9.422200543611513
2018-02-28 09:00:00,9.588380701802565
2018-02-28 10:00:00,10.33647527936069
2018-02-28 11:00:00,10.088238896408674
2018-02-28 12:00:00,9.428262886836903
2018-02-28 13:00:00,9.041882316970284
2018-02-28 14:00:00,8.75216138622795
2018-02-28 15:00:00,9.510846401499933
2018-02-28 16:00:00,9.096358444385944
2018-02-28 17:00:00,8.583596975185563
2018-02-28 18:00:00,8.531162908561447
2018-02-28 19:00:00,8.396101393546418
2018-02-28 20:00:00,7.641789866504525
2018-02-28 21:00:00,7.135087332033876
2018-02-28 22:00:00,7.311698014768524
2018-02-28 23:00:00,7.18930620106005
2018-03-01 00:00:00,6.355063969740056
2018-03-01 01:00:00,6.510710039335576
2018-03-01 02:00:00,6.8192031532630475
2018-03-01 03:00:00,6.629039190520672
2018-03-01 04:00:00,6.631032169410077
2018-03-01 05:00:00,6.885038844381909
2018-03-01 06:00:00,7.644643776419685
2018-03-01 07:00:00,8.921116641046122
2018-03-01 08:00:00,9.085547517934474
2018-03-01 09:00:00,9.297615159250835
2018-03-01 10:00:00,9.333570324755096
2018-03-01 11:00:00,9.49385114486182
2018-03-01 12:00:00,9.263904703592388
2018-03-01 13:00:00,9.094189251309848
2018-03-01 14:00:00,9.113062926781307
2018-03-01 15:00:00,8.290859509617349
2018-03-01 16:00:00,7.922247491940225
2018-03-01 17:00:00,7.939959798469329
2018-03-01 18:00:00,7.705912385764601
2018-03-01 19:00:00,7.687034050575037
2018-03-01 20:00:00,7.054838173145802
2018-03-01 21:00:00,6.775245241368323
2018-03-01 22:00:00,6.866722062067741
2018-03-01 23:00:00,6.566410644201359
2018-03-02 00:00:00,6.500089343977342
2018-03-02 01:00:00,6.516061306650705
2018-03-02 02:00:00,6.47218304118825
2018-03-02 03:00:00,6.337128163426591
2018-03-02 04:00:00,6.623999106346753
2018-03-02 05:00:00,7.022935887357891
2018-03-02 06:00:00,7.442729374210166
2018-03-02 07:00:00,8.408152898788664
2018-03-02 08:00:00,9.566655204579963
2018-03-02 09:00:00,9.162066159287503
2018-03-02 10:00:00,9.650306045684154
2018-03-02 11:00:00,9.146815452089124
2018-03-02 12:00:00,8.620883784914042
2018-03-02 13:00:00,8.779021942182542
2018-03-02 14:00:00,8.193999124974983
2018-03-02 15:00:00,8.113416079216261
2018-03-02 16:00:00,7.665943780255912
2018-03-02 17:00:00,7.577705688258299
2018-03-02 18:00:00,7.34307862623936
2018-03-02 19:00:00,7.335073593912496
2018-03-02 20:00:00,7.0972701341341065
2018-03-02 21:00:00,6.611773082485727
2018-03-02 22:00:00,6.573429445732022
2018-03-02 23:00:00,6.62010289619751
2018-03-03 00:00:00,6.33244778781018
2018-03-03 01:00:00,6.538191656968086
2018-03-03 02:00:00,6.329078121498942
2018-03-03 03:00:00,6.453052096727887
2018-03-03 04:00:00,6.203481038224799
2018-03-03 05:00:00,6.165583293946111
2018-03-03 06:00:00,6.516382371706012
2018-03-03 07:00:00,6.56746440373971
2018-03-03 08:00:00,6.344802679587985
2018-03-03 09:00:00,6.434877994501817
2018-03-03 10:00:00,6.816307474047077
2018-03-03 11:00:00,6.456421379987873
2018-03-03 12:00:00,6.260457967248557
2018-03-03 13:00:00,6.186027975520327
2018-03-03 14:00:00,6.352411368842126
2018-03-03 15:00:00,5.82803003416525
2018-03-03 16:00:00,5.920278982365719
2018-03-03 17:00:00,6.302089582128069
2018-03-03 18:00:00,6.053552411124776
2018-03-03 19:00:00,6.169068298344914
2018-03-03 20:00:00,6.372133444014271
2018-03-03 21:00:00,6.141926926815584
2018-03-03 22:00:00,6.036596009046694
2018-03-03 23:00:00,6.371184002592438
2018-03-04 00:00:00,5.600737324028128
2018-03-04 01:00:00,5.419740108733992
2018-03-04 02:00:00,5.659025691526124
2018-03-04 03:00:00,5.482339332626506
2018-03-04 04:00:00,5.815293913180553
2018-03-04 05:00:00,5.835380094638948
2018-03-04 06:00:00,5.394962390505518
2018-03-04 07:00:00,5.681654054458007
2018-03-04 08:00:00,5.779080296767316
2018-03-04 09:00:00,5.6054731489763485
2018-03-04 10:00:00,5.634190956117343
2018-03-04 11:00:00,5.282623514531718
2018-03-04 12:00:00,5.480409390402
2018-03-04 13:00:00,5.212204534536335
2018-03-04 14:00:00,5.170507138550933
2018-03-04 15:00:00,5.009484426280433
2018-03-04 16:00:00,5.383881284619548
2018-03-04 17:00:00,5.248424199994966
2018-03-04 18:00:00,5.639706441246667
2018-03-04 19:00:00,5.6440411931646945
2018-03-04 20:00:00,5.622857236859342
2018-03-04 21:00:00,5.631549278655465
2018-03-04 22:00:00,5.849148468963514
2018-03-04 23:00:00,5.583650687515105
2018-03-05 00:00:00,6.40142374840117
2018-03-05 01:00:00,6.298480780237702
2018-03-05 02:00:00,5.9140719082162505
2018-03-05 03:00:00,6.411451677633346
2018-03-05 04:00:00,6.366098709126857
2018-03-05 05:00:00,7.000725244623397
2018-03-05 06:00:00,7.426696698098865
2018-03-05 07:00:00,8.64595012136139
2018-03-05 08:00:00,9.77770822754482
2018-03-05 09:00:00,9.528350256735623
2018-03-05 10:00:00,9.500714037286029
2018-03-05 11:00:00,9.514748167088053
2018-03-05 12:00:00,8.986617385864953
2018-03-05 13:00:00,9.327981947381822
2018-03-05 14:00:00,9.424116474202208
2018-03-05 15:00:00,8.767002488321568
2018-03-05 16:00:00,8.035016772380901
2018-03-05 17:00:00,8.39342376503678
2018-03-05 18:00:00,7.9542154767835145
2018-03-05 19:00:00,7.609942796155347
2018-03-05 20:00:00,7.490043409917252
2018-03-05 21:00:00,7.0795502472161465
2018-03-05 22:00:00,6.826493502283614
2018-03-05 23:00:00,6.542794932040856
2018-03-06 00:00:00,7.2947535085856074
2018-03-06 01:00:00,6.968823968528289
2018-03-06 02:00:00,7.5256683709375665
2018-03-06 03:00:00,7.380284449983499
2018-03-06 04:00:00,7.180311331874064
2018-03-06 05:00:00,7.8104577313043135
2018-03-06 06:00:00,7.869060569291484
2018-03-06 07:00:00,8.832054022670848
2018-03-06 08:00:00,10.033013791232145
2018-03-06 09:00:00,10.4360335520105
2018-03-06 10:00:00,10.058891144803221
2018-03-06 11:00:00,9.763352462136229
2018-03-06 12:00:00,9.577533389315384
2018-03-06 13:00:00,9.955788072400027
2018-03-06 14:00:00,9.311424107597235
2018-03-06 15:00:00,9.116978395188012
2018-03-06 16:00:00,9.331643949146688
2018-03-06 17:00:00,9.067745692483403
2018-03-06 18:00:00,8.459998818048952
2018-03-06 19:00:00,7.90038410697265
2018-03-06 20:00:00,7.71919786432048
2018-03-06 21:00:00,7.533447773212709
2018-03-06 22:00:00,7.4721561265883025
2018-03-06 23:00:00,7.094734982368833
2018-03-07 00:00:00,6.185036213770071
2018-03-07 01:00:00,6.49584336325634
2018-03-07 02:00:00,6.7918385067872515
2018-03-07 03:00:00,6.590425385882895
2018-03-07 04:00:00,6.8379326095138
2018-03-07 05:00:00,6.717500004734358
2018-03-07 06:00:00,7.679927275939123
2018-03-07 07:00:00,8.488083098176203
2018-03-07 08:00:00,9.542779899827094
2018-03-07 09:00:00,9.455582869582285
2018-03-07 10:00:00,8.745636170353968
2018-03-07 11:00:00,9.134695139948871
2018-03-07 12:00:00,8.578699150261908
2018-03-07 13:00:00,8.347724606783048
2018-03-07 14:00:00,8.809913669142635
2018-03-07 15:00:00,8.690307162136577
2018-03-07 16:00:00,8.402879412597636
2018-03-07 17:00:00,8.034161180867747
2018-03-07 18:00:00,8.13713652772679
2018-03-07 19:00:00,7.608046965955451
2018-03-07 20:00:00,7.564138770264132
2018-03-07 21:00:00,7.011250267313974
2018-03-07 22:00:00,6.79019110570348
2018-03-07 23:00:00,6.539393016554314
2018-03-08 00:00:00,5.641627512925712
2018-03-08 01:00:00,5.41953380124622
2018-03-08 02:00:00,5.522901502396847
2018-03-08 03:00:00,5.481158578760926
2018-03-08 04:00:00,5.83245857808903
2018-03-08 05:00:00,5.737243891898327
2018-03-08 06:00:00,6.668014384147616
2018-03-08 07:00:00,6.574577619446983
2018-03-08 08:00:00,7.68491207161202
2018-03-08 09:00:00,8.004573834101041
2018-03-08 10:00:00,7.4337171716539
2018-03-08 11:00:00,7.290354252083477
2018-03-08 12:00:00,7.007809285735004
2018-03-08 13:00:00,7.280893949184033
2018-03-08 14:00:00,6.881473443854059
2018-03-08 15:00:00,6.900627965701657
2018-03-08 16:00:00,6.608543921532566
2018-03-08 17:00:00,6.499430917594408
2018-03-08 18:00:00,6.155310867380625
2018-03-08 19:00:00,6.566362673800173
2018-03-08 20:00:00,5.84405105034939
2018-03-08 21:00:00,5.683615274657123
2018-03-08 22:00:00,5.97783104259463
2018-03-08 23:00:00,5.361112721869794
2018-03-09 00:00:00,6.210260185469005
2018-03-09 01:00:00,6.325028042378178
2018-03-09 02:00:00,5.89573362654564
2018-03-09 03:00:00,6.61450224779454
2018-03-09 04:00:00,6.44109038169092
2018-03-09 05:00:00,6.816582218618295
2018-03-09 06:00:00,7.312045989184769
2018-03-09 07:00:00,8.159881570786922
2018-03-09 08:00:00,8.614716399833943
2018-03-09 09:00:00,8.782274486363045
2018-03-09 10:00:00,8.504458848246337
2018-03-09 11:00:00,8.690966881098646
2018-03-09 12:00:00,8.837176051878755
2018-03-09 13:00:00,8.336062325069287
2018-03-09 14:00:00,7.756870715487118
2018-03-09 15:00:00,7.755884910765767
2018-03-09 16:00:00,6.744157275168745
2018-03-09 17:00:00,6.952180785788892
2018-03-09 18:00:00,7.284487363691396
2018-03-09 19:00:00,6.743195028059301
2018-03-09 20:00:00,6.527772576677442
2018-03-09 21:00:00,6.297896696098153
2018-03-09 22:00:00,5.966428241801787
2018-03-09 23:00:00,6.126218312485503
2018-03-10 00:00:00,6.386123317901794
2018-03-10 01:00:00,6.544961432191119
2018-03-10 02:00:00,6.276605976184642
2018-03-10 03:00:00,6.537966537300375
2018-03-10 04:00:00,6.527941339014329
2018-03-10 05:00:00,6.796976335002752
2018-03-10 06:00:00,6.885066513223315
2018-03-10 07:00:00,6.656496165410915
2018-03-10 08:00:00,6.527766143388893
2018-03-10 09:00:00,6.448712734808266
2018-03-10 10:00:00,6.771312110425629
2018-03-10 11:00:00,6.597532581553134
2018-03-10 12:00:00,6.254902801351487
2018-03-10 13:00:00,6.383626213806643
2018-03-10 14:00:00,6.175097601868324
2018-03-10 15:00:00,6.026767769955128
2018-03-10 16:00:00,6.287390624717281
2018-03-10 17:00:00,6.314962328417735
2018-03-10 18:00:00,6.135879177322139
2018-03-10 19:00:00,6.852927532385097
2018-03-10 20:00:00,6.389980852796883
2018-03-10 21:00:00,6.34712082360831
2018-03-10 22:00:00,6.364544127008906
2018-03-10 23:00:00,6.28702290612585
2018-03-11 00:00:00,5.75476564674947
2018-03-11 01:00:00,5.657489423879236
2018-03-11 02:00:00,5.610944031886
2018-03-11 03:00:00,5.783588103384278
2018-03-11 04:00:00,5.505830155496969
2018-03-11 05:00:00,5.974009923230689
2018-03-11 06:00:00,5.5627560145704145
2018-03-11 07:00:00,5.487613912151071
2018-03-11 08:00:00,5.5695277387128055
2018-03-11 09:00:00,5.423869889165536
2018-03-11 10:00:00,5.522597980368166
2018-03-11 11:00:00,5.985978671192625
2018-03-11 12:00:00,5.5771098879023855
2018-03-11 13:00:00,5.115538531317877
2018-03-11 14:00:00,4.997470428775764
2018-03-11 15:00:00,5.369261908027867
2018-03-11 16:00:00,5.520027245591941
2018-03-11 17:00:00,4.913815642508385
2018-03-11 18:00:00,5.037066905960004
2018-03-11 19:00:00,5.744881989329185
2018-03-11 20:00:00,5.48534992902727
2018-03-11 21:00:00,5.952107083543878
2018-03-11 22:00:00,5.388599476930726
2018-03-11 23:00:00,5.6171559108010705
2018-03-12 00:00:00,6.486608856710507
2018-03-12 01:00:00,6.621597678527015
2018-03-12 02:00:00,6.394175294838731
2018-03-12 03:00:00,6.535682768880881
2018-03-12 04:00:00,6.407815498143291
2018-03-12 05:00:00,7.468112813290865
2018-03-12 06:00:00,7.6717995083202
2018-03-12 07:00:00,8.360921298713425
2018-03-12 08:00:00,9.744480580328476
2018-03-12 09:00:00,9.617411589525295
2018-03-12 10:00:00,9.326844875167113
2018-03-12 11:00:00,9.676701041766261
2018-03-12 12:00:00,9.143894547817334
2018-03-12 13:00:00,9.754469953705266
2018-03-12 14:00:00,8.98165625294631
2018-03-12 15:00:00,9.091190544954474
2018-03-12 16:00:00,8.840356554233605
2018-03-12 17:00:00,8.411910863431162
2018-03-12 18:00:00,8.024234422968929
2018-03-12 19:00:00,8.207354172489884
2018-03-12 20:00:00,7.293477604299172
2018-03-12 21:00:00,6.616402424403401
2018-03-12 22:00:00,6.812015934578191
2018-03-12 23:00:00,6.200602497398905
2018-03-13 00:00:00,5.095964068799376
2018-03-13 01:00:00,5.146782974206609
2018-03-13 02:00:00,5.195651451790669
2018-03-13 03:00:00,5.216291351146631
2018-03-13 04:00:00,5.297064610047041
2018-03-13 05:00:00,5.770674130284562
2018-03-13 06:00:00,6.146580686919577
2018-03-13 07:00:00,6.745749670465585
2018-03-13 08:00:00,7.628524248673579
2018-03-13 09:00:00,7.835292639342526
2018-03-13 10:00:00,7.7080699699952735
2018-03-13 11:00:00,7.803903216449843
2018-03-13 12:00:00,7.5610938164615
2018-03-13 13:00:00,7.425392230973016
2018-03-13 14:00:00,6.794678031136315
2018-03-13 15:00:00,7.304027144589662
2018-03-13 16:00:00,6.977768662292648
2018-03-13 17:00:00,6.222241823901421
2018-03-13 18:00:00,6.808440055851549
2018-03-13 19:00:00,6.063816793465679
2018-03-13 20:00:00,5.7587127922426244
2018-03-13 21:00:00,5.2741120668030375
2018-03-13 22:00:00,5.49601510822608
2018-03-13 23:00:00,5.055816147908941
2018-03-14 00:00:00,5.769956741147591
2018-03-14 01:00:00,5.448083216065694
2018-03-14 02:00:00,5.476577256338656
2018-03-14 03:00:00,5.322108461409041
2018-03-14 04:00:00,5.689583439648675
2018-03-14 05:00:00,5.88314387208332
2018-03-14 06:00:00,6.557019660028264
2018-03-14 07:00:00,7.241847717660506
2018-03-14 08:00:00,8.191425533992145
2018-03-14 09:00:00,8.326511111113868
2018-03-14 10:00:00,8.166301260084873
2018-03-14 11:00:00,8.176602452231572
2018-03-14 12:00:00,8.112720060050986
2018-03-14 13:00:00,7.702840510656285
2018-03-14 14:00:00,7.264565782127809
2018-03-14 15:00:00,7.264968232503033
2018-03-14 16:00:00,6.94577567012412
2018-03-14 17:00:00,7.118722948963508
2018-03-14 18:00:00,6.692628129148267
2018-03-14 19:00:00,6.3762581001943754
2018-03-14 20:00:00,6.3150110888383715
2018-03-14 21:00:00,5.954493202289167
2018-03-14 22:00:00,5.750224402359163
2018-03-14 23:00:00,5.7815982881660695
2018-03-15 00:00:00,6.8625376313820245
2018-03-15 01:00:00,6.900416726681034
2018-03-15 02:00:00,6.468345018295357
2018-03-15 03:00:00,6.875013693732711
2018-03-15 04:00:00,6.589151124905119
2018-03-15 05:00:00,7.296407633317854
2018-03-15 06:00:00,7.779036628842428
2018-03-15 07:00:00,8.428258807262024
2018-03-15 08:00:00,9.606788024699165
2018-03-15 09:00:00,10.024429541589102
2018-03-15 10:00:00,9.230365772649424
2018-03-15 11:00:00,9.93052124191517
2018-03-15 12:00:00,9.460338063625336
2018-03-15 13:00:00,9.592819413947892
2018-03-15 14:00:00,9.279514802971654
2018-03-15 15:00:00,9.119380956803878
2018-03-15 16:00:00,8.892464841264951
2018-03-15 17:00:00,8.100076407547043
2018-03-15 18:00:00,7.847966999080152
2018-03-15 19:00:00,7.751604490542693
2018-03-15 20:00:00,7.457529200817641
2018-03-15 21:00:00,7.298418530349355
2018-03-15 22:00:00,6.822509683637052
2018-03-15 23:00:00,6.85799019026089
2018-03-16 00:00:00,6.690095533219039
2018-03-16 01:00:00,6.4926647183602135
2018-03-16 02:00:00,6.394923118170389
2018-03-16 03:00:00,6.72805825831428
2018-03-16 04:00:00,6.477544342001159
2018-03-16 05:00:00,6.812821467288181
2018-03-16 06:00:00,7.4985514605022505
2018-03-16 07:00:00,8.458817861674575
2018-03-16 08:00:00,8.85238762406197
2018-03-16 09:00:00,10.048538341920914
2018-03-16 10:00:00,9.298118362751595
2018-03-16 11:00:00,8.929106121480771
2018-03-16 12:00:00,9.199447695709123
2018-03-16 13:00:00,8.478582052365573
2018-03-16 14:00:00,8.225267891583389
2018-03-16 15:00:00,8.108922924268537
2018-03-16 16:00:00,7.959023037351857
2018-03-16 17:00:00,7.7641459340625625
2018-03-16 18:00:00,7.225551779199116
2018-03-16 19:00:00,7.557339966630258
2018-03-16 20:00:00,7.312234087250087
2018-03-16 21:00:00,6.933973992210658
2018-03-16 22:00:00,6.81078559716647
2018-03-16 23:00:00,6.236832792322966
2018-03-17 00:00:00,5.569315388533008
2018-03-17 01:00:00,6.075933760927332
2018-03-17 02:00:00,5.626390614039194
2018-03-17 03:00:00,5.728597948582213
2018-03-17 04:00:00,5.833442483422637
2018-03-17 05:00:00,6.06122389488842
2018-03-17 06:00:00,6.069470285149546
2018-03-17 07:00:00,5.887447153101274
2018-03-17 08:00:00,6.413505125584424
2018-03-17 09:00:00,6.199912557419522
2018-03-17 10:00:00,5.955089262381098
2018-03-17 11:00:00,6.046029114417062
2018-03-17 12:00:00,6.081103671389278
2018-03-17 13:00:00,5.885318754557925
2018-03-17 14:00:00,5.772246192517646
2018-03-17 15:00:00,5.663338017926514
2018-03-17 16:00:00,6.360334628760102
2018-03-17 17:00:00,5.6909319350421645
2018-03-17 18:00:00,5.842791933275782
2018-03-17 19:00:00,6.081250491489597
2018-03-17 20:00:00,6.134767205968893
2018-03-17 21:00:00,6.002210193219908
2018-03-17 22:00:00,5.701725319482705
2018-03-17 23:00:00,5.5857252208685
2018-03-18 00:00:00,5.591646952939859
2018-03-18 01:00:00,5.7613938942209515
2018-03-18 02:00:00,5.745389538637371
2018-03-18 03:00:00,5.4484048701524275
2018-03-18 04:00:00,5.649520195300509
2018-03-18 05:00:00,5.6546544992313805
2018-03-18 06:00:00,5.700675472801631
2018-03-18 07:00:00,5.99430021049897
2018-03-18 08:00:00,5.633823211910421
2018-03-18 09:00:00,5.556612713644232
2018-03-18 10:00:00,6.054116281578984
2018-03-18 11:00:00,5.572120494402428
2018-03-18 12:00:00,5.701484179962844
2018-03-18 13:00:00,5.06017154449873
2018-03-18 14:00:00,5.716109944159624
2018-03-18 15:00:00,5.594432811266266
2018-03-18 16:00:00,5.2301651045830875
2018-03-18 17:00:00,5.501430299736229
2018-03-18 18:00:00,5.554147488337155
2018-03-18 19:00:00,5.273275727163494
2018-03-18 20:00:00,5.763071288490385
2018-03-18 21:00:00,5.941982787941143
2018-03-18 22:00:00,5.669940785231414
2018-03-18 23:00:00,5.910287798078602
2018-03-19 00:00:00,6.2487132338295535
2018-03-19 01:00:00,6.467003210856053
2018-03-19 02:00:00,5.857186396199155
2018-03-19 03:00:00,6.2090410445011806
2018-03-19 04:00:00,5.826489741915769
2018-03-19 05:00:00,7.276332500065772
2018-03-19 06:00:00,7.728415592924063
2018-03-19 07:00:00,7.859459039178101
2018-03-19 08:00:00,8.99433029514278
2018-03-19 09:00:00,9.071510197170314
2018-03-19 10:00:00,9.239006864224477
2018-03-19 11:00:00,9.420600261772183
2018-03-19 12:00:00,8.941303101811837
2018-03-19 13:00:00,8.646552494742389
2018-03-19 14:00:00,8.775960468958205
2018-03-19 15:00:00,8.332788948061282
2018-03-19 16:00:00,7.954540141163792
2018-03-19 17:00:00,7.94760756749778
2018-03-19 18:00:00,7.293836742399823
2018-03-19 19:00:00,7.368355582907431
2018-03-19 20:00:00,7.155756267140263
2018-03-19 21:00:00,6.860650745556194
2018-03-19 22:00:00,6.473856435743048
2018-03-19 23:00:00,6.444294772768265
2018-03-20 00:00:00,5.4393052842566245
2018-03-20 01:00:00,5.04957318051302
2018-03-20 02:00:00,4.929518771350234
2018-03-20 03:00:00,5.26541072713537
2018-03-20 04:00:00,5.466610397842566
2018-03-20 05:00:00,5.41679623581653
2018-03-20 06:00:00,5.91568668035997
2018-03-20 07:00:00,6.70477876971981
2018-03-20 08:00:00,7.785280473486412
2018-03-20 09:00:00,7.7369832875278135
2018-03-20 10:00:00,7.5115546191043245
2018-03-20 11:00:00,7.743939201839103
2018-03-20 12:00:00,7.128060586356742
2018-03-20 13:00:00,7.105396571338034
2018-03-20 14:00:00,6.711744625279264
2018-03-20 15:00:00,6.871064070699408
2018-03-20 16:00:00,6.290145203687317
2018-03-20 17:00:00,6.019094309922633
2018-03-20 18:00:00,6.2781565513036615
2018-03-20 19:00:00,6.227922174349607
2018-03-20 20:00:00,5.912857394389801
2018-03-20 21:00:00,5.525807541701446
2018-03-20 22:00:00,5.341349527653235
2018-03-20 23:00:00,5.386976552927998
2018-03-21 00:00:00,6.229671350970966
2018-03-21 01:00:00,5.623876087470896
2018-03-21 02:00:00,5.908968418167816
2018-03-21 03:00:00,6.2685237286970406
2018-03-21 04:00:00,6.350521206168879
2018-03-21 05:00:00,6.65290683274259
2018-03-21 06:00:00,7.489834600031533
2018-03-21 07:00:00,7.89783013681911
2018-03-21 08:00:00,8.893486894914258
2018-03-21 09:00:00,9.558210010383698
2018-03-21 10:00:00,9.04377406450306
2018-03-21 11:00:00,8.660941851309772
2018-03-21 12:00:00,8.579031726292131
2018-03-21 13:00:00,8.460265835463861
2018-03-21 14:00:00,8.968765564917693
2018-03-21 15:00:00,8.227420591309778
2018-03-21 16:00:00,8.166071858045653
2018-03-21 17:00:00,7.6259494244939985
2018-03-21 18:00:00,7.3355308892805215
2018-03-21 19:00:00,7.1730778898156125
2018-03-21 20:00:00,7.0728969186140285
2018-03-21 21:00:00,6.509103352876799
2018-03-21 22:00:00,5.9756906170734325
2018-03-21 23:00:00,6.198402159623175
2018-03-22 00:00:00,6.332029889938942
2018-03-22 01:00:00,5.955200778941142
2018-03-22 02:00:00,6.182071754359093
2018-03-22 03:00:00,5.8152902387796495
2018-03-22 04:00:00,6.278637122124366
2018-03-22 05:00:00,6.398015717697037
2018-03-22 06:00:00,7.501105957012249
2018-03-22 07:00:00,7.763190177404005
2018-03-22 08:00:00,9.237835420754289
2018-03-22 09:00:00,9.141653273683803
2018-03-22 10:00:00,8.75678141531688
2018-03-22 11:00:00,8.807066563456411
2018-03-22 12:00:00,8.912379843495586
2018-03-22 13:00:00,8.749107167951243
2018-03-22 14:00:00,8.77240564129868
2018-03-22 15:00:00,8.23228179871763
2018-03-22 16:00:00,7.665231850039303
2018-03-22 17:00:00,7.471597092946852
2018-03-22 18:00:00,7.3510348034306
2018-03-22 19:00:00,7.3115594692627415
2018-03-22 20:00:00,7.082651436042477
2018-03-22 21:00:00,6.516356012927702
2018-03-22 22:00:00,6.668530020084421
2018-03-22 23:00:00,5.993939130573916
2018-03-23 00:00:00,6.7150934418686665
2018-03-23 01:00:00,7.015327559136884
2018-03-23 02:00:00,6.62799613986316
2018-03-23 03:00:00,6.798940891814361
2018-03-23 04:00:00,6.631702511340683
2018-03-23 05:00:00,7.562112569227756
2018-03-23 06:00:00,8.102461307140684
2018-03-23 07:00:00,8.684127438382127
2018-03-23 08:00:00,10.18006208230311
2018-03-23 09:00:00,9.928713406940647
2018-03-23 10:00:00,10.30194560087495
2018-03-23 11:00:00,9.955785868041993
2018-03-23 12:00:00,9.480379729945223
2018-03-23 13:00:00,9.514806071179871
2018-03-23 14:00:00,9.112147956876644
2018-03-23 15:00:00,8.640874578492069
2018-03-23 16:00:00,8.370421328800536
2018-03-23 17:00:00,8.548945009553599
2018-03-23 18:00:00,7.6529040256909235
2018-03-23 19:00:00,7.857190723775743
2018-03-23 20:00:00,7.350602785763348
2018-03-23 21:00:00,7.203501099816905
2018-03-23 22:00:00,7.508678107432089
2018-03-23 23:00:00,6.822968155732735
2018-03-24 00:00:00,5.2434740321383595
2018-03-24 01:00:00,5.813481722753134
2018-03-24 02:00:00,5.427367692266935
2018-03-24 03:00:00,5.4950794243588525
2018-03-24 04:00:00,5.923608325094703
2018-03-24 05:00:00,5.841066564992439
2018-03-24 06:00:00,5.719629702036761
2018-03-24 07:00:00,5.805331337769108
2018-03-24 08:00:00,5.55353754906672
2018-03-24 09:00:00,6.154976687884499
2018-03-24 10:00:00,5.965949307247125
2018-03-24 11:00:00,5.651934505501278
2018-03-24 12:00:00,5.682870131131506
2018-03-24 13:00:00,5.882390566077186
2018-03-24 14:00:00,5.8122191561744785
2018-03-24 15:00:00,5.832216480356509
2018-03-24 16:00:00,5.641166494669196
2018-03-24 17:00:00,5.402688992625556
2018-03-24 18:00:00,5.413727374132485
2018-03-24 19:00:00,5.839281224969246
2018-03-24 20:00:00,6.040689749549721
2018-03-24 21:00:00,5.800101870434738
2018-03-24 22:00:00,5.5998433648533466
2018-03-24 23:00:00,5.782371804466619
2018-03-25 00:00:00,6.749654774555746
2018-03-25 01:00:00,6.710170617801085
2018-03-25 02:00:00,6.294723721347826
2018-03-25 03:00:00,6.6175249424641995
2018-03-25 04:00:00,6.778485129339383
2018-03-25 05:00:00,6.703289747518325
2018-03-25 06:00:00,6.497664778223648
2018-03-25 07:00:00,6.366102781687332
2018-03-25 08:00:00,6.095268895996663
2018-03-25 09:00:00,6.231034234932
2018-03-25 10:00:00,6.350641743445826
2018-03-25 11:00:00,6.633230511748173
2018-03-25 12:00:00,6.460274978985561
2018-03-25 13:00:00,6.495497867148051
2018-03-25 14:00:00,6.05766543399748
2018-03-25 15:00:00,6.712119109878095
2018-03-25 16:00:00,6.400275118565209
2018-03-25 17:00:00,6.213781785938487
2018-03-25 18:00:00,6.482455695897839
2018-03-25 19:00:00,6.580152664158354
2018-03-25 20:00:00,6.992793018274794
2018-03-25 21:00:00,6.432347613220622
2018-03-25 22:00:00,7.139318215155473
2018-03-25 23:00:00,6.666395351323294
2018-03-26 00:00:00,5.807292182608893
2018-03-26 01:00:00,5.716831413617301
2018-03-26 02:00:00,5.795949880108257
2018-03-26 03:00:00,5.575781345271421
2018-03-26 04:00:00,5.955231309595198
2018-03-26 05:00:00,6.421714625749884
2018-03-26 06:00:00,6.761891078285945
2018-03-26 07:00:00,7.406547744769923
2018-03-26 08:00:00,8.465702722757412
2018-03-26 09:00:00,8.818452785763457
2018-03-26 10:00:00,8.714329576940536
2018-03-26 11:00:00,8.232750925907538
2018-03-26 12:00:00,8.097345664439697
2018-03-26 13:00:00,7.990927094739299
2018-03-26 14:00:00,7.378097008552996
2018-03-26 15:00:00,8.014160048552505
2018-03-26 16:00:00,7.324723966354453
2018-03-26 17:00:00,6.998296981212493
2018-03-26 18:00:00,6.6476144199904
2018-03-26 19:00:00,6.6906345686646596
2018-03-26 20:00:00,6.610335310969197
2018-03-26 21:00:00,6.207061400412508
2018-03-26 22:00:00,6.3420775570083805
2018-03-26 23:00:00,5.850587780365903
2018-03-27 00:00:00,5.694628267361976
2018-03-27 01:00:00,5.955667595787776
2018-03-27 02:00:00,5.571100841039585
2018-03-27 03:00:00,5.873736406261369
2018-03-27 04:00:00,6.16878500762228
2018-03-27 05:00:00,6.641629838592001
2018-03-27 06:00:00,6.668219548725197
2018-03-27 07:00:00,7.652489348993204
2018-03-27 08:00:00,8.472960428871545
2018-03-27 09:00:00,8.38974149020882
2018-03-27 10:00:00,8.944866377201102
2018-03-27 11:00:00,8.838167481140385
2018-03-27 12:00:00,8.381718945192599
2018-03-27 13:00:00,8.275550196267881
2018-03-27 14:00:00,7.842970844514879
2018-03-27 15:00:00,8.429984506500224
2018-03-27 16:00:00,8.181550840848743
2018-03-27 17:00:00,7.350450212478249
2018-03-27 18:00:00,7.2952649041283415
2018-03-27 19:00:00,7.3146612650765865
2018-03-27 20:00:00,6.772239391449913
2018-03-27 21:00:00,6.204110158876916
2018-03-27 22:00:00,6.311252820936588
2018-03-27 23:00:00,6.17179777202274
2018-03-28 00:00:00,5.630105305956967
2018-03-28 01:00:00,5.428099496234509
2018-03-28 02:00:00,5.221339941976433
2018-03-28 03:00:00,5.576182755800519
2018-03-28 04:00:00,5.580282491865279
2018-03-28 05:00:00,5.856626255885892
2018-03-28 06:00:00,6.601369691033394
2018-03-28 07:00:00,7.134942053886043
2018-03-28 08:00:00,8.162134676781825
2018-03-28 09:00:00,8.361112578376272
2018-03-28 10:00:00,8.215493324611614
2018-03-28 11:00:00,7.982171921230274
2018-03-28 12:00:00,7.7101987287876845
2018-03-28 13:00:00,7.540573830654929
2018-03-28 14:00:00,7.70707265937886
2018-03-28 15:00:00,8.118076174420741
2018-03-28 16:00:00,7.258485463624849
2018-03-28 17:00:00,6.851434986495919
2018-03-28 18:00:00,6.536260758468378
2018-03-28 19:00:00,6.536317767739701
2018-03-28 20:00:00,6.440895695665544
2018-03-28 21:00:00,5.781549889382986
2018-03-28 22:00:00,5.870805914847337
2018-03-28 23:00:00,5.783216460588727
2018-03-29 00:00:00,6.989294365629207
2018-03-29 01:00:00,6.541871041883742
2018-03-29 02:00:00,6.492098812672461
2018-03-29 03:00:00,6.542832898121588
2018-03-29 04:00:00,6.859466181281901
2018-03-29 05:00:00,7.190051334299747
2018-03-29 06:00:00,7.4440987296260435
2018-03-29 07:00:00,8.526725937464185
2018-03-29 08:00:00,9.509891950574636
2018-03-29 09:00:00,9.413730804328617
2018-03-29 10:00:00,9.758931393542582
2018-03-29 11:00:00,9.423178678480122
2018-03-29 12:00:00,9.416954884384138
2018-03-29 13:00:00,8.379996832253212
2018-03-29 14:00:00,9.411936720332788
2018-03-29 15:00:00,9.116334903764116
2018-03-29 16:00:00,9.03491288034629
2018-03-29 17:00:00,8.149495706169201
2018-03-29 18:00:00,8.025903983051672
2018-03-29 19:00:00,7.683068905948834
2018-03-29 20:00:00,7.57222755687524
2018-03-29 21:00:00,6.8021989879759515
2018-03-29 22:00:00,6.585718991742279
2018-03-29 23:00:00,6.879975946107624
2018-03-30 00:00:00,6.09961831237595
2018-03-30 01:00:00,5.617700430590662
2018-03-30 02:00:00,5.975378273893534
2018-03-30 03:00:00,5.937484882185489
2018-03-30 04:00:00,5.934207603774697
2018-03-30 05:00:00,6.395762701916446
2018-03-30 06:00:00,6.990766234161879
2018-03-30 07:00:00,7.645198768243111
2018-03-30 08:00:00,8.204517518125753
2018-03-30 09:00:00,8.68713598949888
2018-03-30 10:00:00,8.454487419161962
2018-03-30 11:00:00,8.266465046940116
2018-03-30 12:00:00,8.539178887361162
2018-03-30 13:00:00,8.164036292339219
2018-03-30 14:00:00,7.531619179179689
2018-03-30 15:00:00,7.3605254236139945
2018-03-30 16:00:00,7.081054149795446
2018-03-30 17:00:00,7.013318587245881
2018-03-30 18:00:00,6.3903907058308915
2018-03-30 19:00:00,6.963245359693474
2018-03-30 20:00:00,6.606889108113753
2018-03-30 21:00:00,6.20763396639445
2018-03-30 22:00:00,6.515906320725638
2018-03-30 23:00:00,5.658687297369044
2018-03-31 00:00:00,5.778577227398087
2018-03-31 01:00:00,5.669515747165698
2018-03-31 02:00:00,5.397840187201127
2018-03-31 03:00:00,5.4210059425819574
2018-03-31 04:00:00,5.440444224305083
2018-03-31 05:00:00,5.837727513611729
2018-03-31 06:00:00,5.580432543079651
2018-03-31 07:00:00,5.749039670977845
2018-03-31 08:00:00,5.424438295218876
2018-03-31 09:00:00,5.788055383873941
2018-03-31 10:00:00,5.920124744136109
2018-03-31 11:00:00,5.639641554721997
2018-03-31 12:00:00,5.552767071580724
2018-03-31 13:00:00,5.316307485601912
2018-03-31 14:00:00,5.417066723158619
2018-03-31 15:00:00,5.2198413966923605
2018-03-31 16:00:00,5.714304793673834
2018-03-31 17:00:00,5.6173024768918225
2018-03-31 18:00:00,5.62709676496775
2018-03-31 19:00:00,5.670323441290153
2018-03-31 20:00:00,5.5140298309952005
2018-03-31 21:00:00,5.505177089073802
2018-03-31 22:00:00,5.428389934028656
2018-03-31 23:00:00,5.267618789957902
2018-04-01 00:00:00,5.536505420513136
2018-04-01 01:00:00,5.3028968935262055
2018-04-01 02:00:00,5.149119056293058
2018-04-01 03:00:00,5.207120896911667
2018-04-01 04:00:00,5.235557823342077
2018-04-01 05:00:00,5.4838379179915755
2018-04-01 06:00:00,5.388027654554294
2018-04-01 07:00:00,5.422345308275137
2018-04-01 08:00:00,5.176770611140255
2018-04-01 09:00:00,5.35767694995195
2018-04-01 10:00:00,5.221017496988342
2018-04-01 11:00:00,5.3770122051284925
2018-04-01 12:00:00,5.3807435553227005
2018-04-01 13:00:00,5.010203251181284
2018-04-01 14:00:00,5.381411699491148
2018-04-01 15:00:00,5.19256623937303
2018-04-01 16:00:00,4.9043978651671045
2018-04-01 17:00:00,5.20925610040828
2018-04-01 18:00:00,4.800794287015881
2018-04-01 19:00:00,4.975543666277928
2018-04-01 20:00:00,5.227600459511463
2018-04-01 21:00:00,5.488806611772046
2018-04-01 22:00:00,5.492175797754819
2018-04-01 23:00:00,5.3596661561194665
2018-04-02 00:00:00,6.236366887140206
2018-04-02 01:00:00,6.318658005303548
2018-04-02 02:00:00,5.973041423906279
2018-04-02 03:00:00,6.198671399233814
2018-04-02 04:00:00,6.148909053557667
2018-04-02 05:00:00,6.713102156518187
2018-04-02 06:00:00,7.652948534559303
2018-04-02 07:00:00,8.563365529144189
2018-04-02 08:00:00,8.893722247741543
2018-04-02 09:00:00,9.867624314334128
2018-04-02 10:00:00,9.968958704042967
2018-04-02 11:00:00,9.493269540920554
2018-04-02 12:00:00,9.248542645585946
2018-04-02 13:00:00,8.878255024044641
2018-04-02 14:00:00,9.136341329611092
2018-04-02 15:00:00,9.221745884903468
2018-04-02 16:00:00,8.59102451916441
2018-04-02 17:00:00,8.19633603221659
2018-04-02 18:00:00,7.725127200556214
2018-04-02 19:00:00,7.635881302652661
2018-04-02 20:00:00,7.3491351415356645
2018-04-02 21:00:00,6.748616153214325
2018-04-02 22:00:00,6.959234510854579
2018-04-02 23:00:00,6.882883840899213
2018-04-03 00:00:00,6.070175801613374
2018-04-03 01:00:00,6.092892018091854
2018-04-03 02:00:00,6.005346948240053
2018-04-03 03:00:00,5.889979583249035
2018-04-03 04:00:00,6.179484219846689
2018-04-03 05:00:00,6.499830816686626
2018-04-03 06:00:00,7.076819050099516
2018-04-03 07:00:00,7.959709985102131
2018-04-03 08:00:00,8.400199828365734
2018-04-03 09:00:00,8.665488026971753
2018-04-03 10:00:00,9.170088684914072
2018-04-03 11:00:00,8.710677892038387
2018-04-03 12:00:00,8.881538244734227
2018-04-03 13:00:00,9.034033385423886
2018-04-03 14:00:00,8.93515956586031
2018-04-03 15:00:00,8.251002245035409
2018-04-03 16:00:00,7.6499995255510935
2018-04-03 17:00:00,7.376450574370446
2018-04-03 18:00:00,7.387638675032941
2018-04-03 19:00:00,6.583491022961333
2018-04-03 20:00:00,6.599664056337206
2018-04-03 21:00:00,6.631690336774839
2018-04-03 22:00:00,6.375496342677295
2018-04-03 23:00:00,6.138974511022295
2018-04-04 00:00:00,5.8129970060083025
2018-04-04 01:00:00,5.909656071021982
2018-04-04 02:00:00,5.802175379289743
2018-04-04 03:00:00,5.771601076367213
2018-04-04 04:00:00,6.099804432581401
2018-04-04 05:00:00,6.4455660408443425
2018-04-04 06:00:00,6.94821715015697
2018-04-04 07:00:00,7.837578143657716
2018-04-04 08:00:00,8.470638597902093
2018-04-04 09:00:00,8.754480496357663
2018-04-04 10:00:00,8.847417842997917
2018-04-04 11:00:00,8.955991448733469
2018-04-04 12:00:00,8.102303488378714
2018-04-04 13:00:00,8.646443162234124
2018-04-04 14:00:00,8.23408475963241
2018-04-04 15:00:00,8.194479655545495
2018-04-04 16:00:00,8.000761275662308
2018-04-04 17:00:00,7.261336543106938
2018-04-04 18:00:00,7.331330986130295
2018-04-04 19:00:00,6.797513351204376
2018-04-04 20:00:00,6.596594571363326
2018-04-04 21:00:00,6.3687069265183025
2018-04-04 22:00:00,6.007231459446775
2018-04-04 23:00:00,6.197882513552763
2018-04-05 00:00:00,6.591633268359162
2018-04-05 01:00:00,6.525588946226578
2018-04-05 02:00:00,7.1060464991028915
2018-04-05 03:00:00,7.039621442936078
2018-04-05 04:00:00,6.9486081604482575
2018-04-05 05:00:00,7.32317335066414
2018-04-05 06:00:00,8.005307163184678
2018-04-05 07:00:00,9.21461131145977
2018-04-05 08:00:00,9.793676431527908
2018-04-05 09:00:00,9.890817853176165
2018-04-05 10:00:00,10.325754070356052
2018-04-05 11:00:00,10.580043420162687
2018-04-05 12:00:00,9.748768082849914
2018-04-05 13:00:00,9.65533846737437
2018-04-05 14:00:00,9.64130224325972
2018-04-05 15:00:00,10.01886385817284
2018-04-05 16:00:00,9.3602401951984
2018-04-05 17:00:00,8.578084596146374
2018-04-05 18:00:00,8.754789642395945
2018-04-05 19:00:00,7.668840843876666
2018-04-05 20:00:00,7.914673398822471
2018-04-05 21:00:00,7.3847075944204335
2018-04-05 22:00:00,7.020191291206733
2018-04-05 23:00:00,7.086322130974325
2018-04-06 00:00:00,5.345509205587978
2018-04-06 01:00:00,5.385304302741486
2018-04-06 02:00:00,5.1074799699369375
2018-04-06 03:00:00,5.2529633824384705
2018-04-06 04:00:00,5.143797726887613
2018-04-06 05:00:00,5.599185976183144
2018-04-06 06:00:00,6.281926779713071
2018-04-06 07:00:00,6.742379035955449
2018-04-06 08:00:00,7.666458938916138
2018-04-06 09:00:00,8.249331160239759
2018-04-06 10:00:00,8.216581177761263
2018-04-06 11:00:00,7.858506336546075
2018-04-06 12:00:00,7.17781361015727
2018-04-06 13:00:00,6.978855210338669
2018-04-06 14:00:00,7.243185518348814
2018-04-06 15:00:00,7.142416210241097
2018-04-06 16:00:00,6.767065013864249
2018-04-06 17:00:00,6.400482258746149
2018-04-06 18:00:00,6.139356565187138
2018-04-06 19:00:00,5.923188514664578
2018-04-06 20:00:00,5.672305336444824
2018-04-06 21:00:00,5.297595965419338
2018-04-06 22:00:00,5.333377467647936
2018-04-06 23:00:00,5.2680376490451755
2018-04-07 00:00:00,6.031370506186666
2018-04-07 01:00:00,5.455980199271984
2018-04-07 02:00:00,5.883323177739769
2018-04-07 03:00:00,5.916635481525713
2018-04-07 04:00:00,5.610076627391415
2018-04-07 05:00:00,5.618071027871002
2018-04-07 06:00:00,6.151191645929447
2018-04-07 07:00:00,5.8742865146539565
2018-04-07 08:00:00,5.7900071281671615
2018-04-07 09:00:00,6.07268707568749
2018-04-07 10:00:00,6.199182203723065
2018-04-07 11:00:00,6.288933811753597
2018-04-07 12:00:00,5.849715764318279
2018-04-07 13:00:00,5.983324018188179
2018-04-07 14:00:00,5.434557332525932
2018-04-07 15:00:00,5.900169550234099
2018-04-07 16:00:00,5.598614261055933
2018-04-07 17:00:00,5.716765087628789
2018-04-07 18:00:00,5.9502707451857715
2018-04-07 19:00:00,5.995607895267612
2018-04-07 20:00:00,5.629441528336289
2018-04-07 21:00:00,5.8772451975566975
2018-04-07 22:00:00,6.076131375398648
2018-04-07 23:00:00,6.025256224634297
2018-04-08 00:00:00,6.067154976424331
2018-04-08 01:00:00,6.0531030779116755
2018-04-08 02:00:00,5.91231535418734
2018-04-08 03:00:00,6.067880258652226
2018-04-08 04:00:00,5.892062876177348
2018-04-08 05:00:00,6.44912769877905
2018-04-08 06:00:00,6.14342822959279
2018-04-08 07:00:00,5.62621608002382
2018-04-08 08:00:00,6.035811404097094
2018-04-08 09:00:00,5.94513450488153
2018-04-08 10:00:00,6.428290186690812
2018-04-08 11:00:00,6.102416895643564
2018-04-08 12:00:00,6.125587673447379
2018-04-08 13:00:00,5.8249876357073465
2018-04-08 14:00:00,5.902966513415236
2018-04-08 15:00:00,5.694057731547777
2018-04-08 16:00:00,5.571693187689236
2018-04-08 17:00:00,5.335633872545751
2018-04-08 18:00:00,5.699603625041631
2018-04-08 19:00:00,5.554353762084153
2018-04-08 20:00:00,5.87982926917835
2018-04-08 21:00:00,6.1566436121387165
2018-04-08 22:00:00,5.868726104108046
2018-04-08 23:00:00,5.900665454314208
2018-04-09 00:00:00,5.423084328019224
2018-04-09 01:00:00,5.417510342534521
2018-04-09 02:00:00,5.570247261350167
2018-04-09 03:00:00,5.399765088695429
2018-04-09 04:00:00,5.397304566826904
2018-04-09 05:00:00,5.817557708627143
2018-04-09 06:00:00,6.4821257324850174
2018-04-09 07:00:00,7.023125883018588
2018-04-09 08:00:00,7.880825908472677
2018-04-09 09:00:00,8.647266123231589
2018-04-09 10:00:00,8.253776193468099
2018-04-09 11:00:00,8.400099464721421
2018-04-09 12:00:00,8.15236388278491
2018-04-09 13:00:00,7.942896359469441
2018-04-09 14:00:00,7.431354625385581
2018-04-09 15:00:00,7.414982470042918
2018-04-09 16:00:00,7.1148596172993175
2018-04-09 17:00:00,6.941411267721369
2018-04-09 18:00:00,7.014248548673902
2018-04-09 19:00:00,6.371088031055996
2018-04-09 20:00:00,6.132101094930509
2018-04-09 21:00:00,6.114909176821549
2018-04-09 22:00:00,6.159440185478887
2018-04-09 23:00:00,5.74827516669575
2018-04-10 00:00:00,5.842576137788681
2018-04-10 01:00:00,5.49770340549441
2018-04-10 02:00:00,5.4119335897034775
2018-04-10 03:00:00,5.376980752494209
2018-04-10 04:00:00,5.742591248681204
2018-04-10 05:00:00,6.088881244227877
2018-04-10 06:00:00,6.661115624777036
2018-04-10 07:00:00,7.645379135726399
2018-04-10 08:00:00,8.394225514685004
2018-04-10 09:00:00,8.921538055870938
2018-04-10 10:00:00,8.71013071277525
2018-04-10 11:00:00,8.881064477256162
2018-04-10 12:00:00,7.874623006932876
2018-04-10 13:00:00,8.923647533962066
2018-04-10 14:00:00,8.227128136447757
2018-04-10 15:00:00,7.758717628744285
2018-04-10 16:00:00,7.0588233911753315
2018-04-10 17:00:00,7.287090066670263
2018-04-10 18:00:00,6.6586532638992475
2018-04-10 19:00:00,6.43992850907675
2018-04-10 20:00:00,5.849863719760833
2018-04-10 21:00:00,6.24584634941974
2018-04-10 22:00:00,6.068941316987766
2018-04-10 23:00:00,5.876654247138695
2018-04-11 00:00:00,5.877186047684142
2018-04-11 01:00:00,5.754071199382022
2018-04-11 02:00:00,5.943466742652005
2018-04-11 03:00:00,5.847748256612314
2018-04-11 04:00:00,6.004690777684623
2018-04-11 05:00:00,5.716168332623177
2018-04-11 06:00:00,6.412342567279789
2018-04-11 07:00:00,7.766491923836815
2018-04-11 08:00:00,8.692816094105325
2018-04-11 09:00:00,8.130761188794445
2018-04-11 10:00:00,8.36600505480281
2018-04-11 11:00:00,8.41585617236017
2018-04-11 12:00:00,7.808975322540484
2018-04-11 13:00:00,7.677935737058204
2018-04-11 14:00:00,7.9613417875988235
2018-04-11 15:00:00,7.5766851758567215
2018-04-11 16:00:00,7.3098296562352845
2018-04-11 17:00:00,6.799625875927974
2018-04-11 18:00:00,6.422242338918495
2018-04-11 19:00:00,6.332647681704281
2018-04-11 20:00:00,5.955621941108457
2018-04-11 21:00:00,5.794206525082151
2018-04-11 22:00:00,5.36145733792997
2018-04-11 23:00:00,5.809728878963888
2018-04-12 00:00:00,4.612876197690611
2018-04-12 01:00:00,4.706323938016248
2018-04-12 02:00:00,4.888895925509351
2018-04-12 03:00:00,4.52436188164631
2018-04-12 04:00:00,4.7940251268260585
2018-04-12 05:00:00,4.94791952639055
2018-04-12 06:00:00,5.305306070001718
2018-04-12 07:00:00,5.894385667395432
2018-04-12 08:00:00,6.836822228236016
2018-04-12 09:00:00,7.379320438154234
2018-04-12 10:00:00,6.819651571339491
2018-04-12 11:00:00,6.604519720765151
2018-04-12 12:00:00,6.278434997195223
2018-04-12 13:00:00,6.658560691349295
2018-04-12 14:00:00,6.772229436925753
2018-04-12 15:00:00,6.148975220798551
2018-04-12 16:00:00,5.993236812384073
2018-04-12 17:00:00,5.324307394798093
2018-04-12 18:00:00,5.302464204163395
2018-04-12 19:00:00,4.893047707542186
2018-04-12 20:00:00,4.971222126267161
2018-04-12 21:00:00,4.943781250284285
2018-04-12 22:00:00,4.612476642156691
2018-04-12 23:00:00,4.51458314383224
2018-04-13 00:00:00,5.4354661215552165
2018-04-13 01:00:00,5.244344298895874
2018-04-13 02:00:00,5.205571540284481
2018-04-13 03:00:00,5.318760834450548
2018-04-13 04:00:00,5.224431533240013
2018-04-13 05:00:00,5.620136714642503
2018-04-13 06:00:00,6.313213665899046
2018-04-13 07:00:00,6.775235031215226
2018-04-13 08:00:00,7.4808835528492015
2018-04-13 09:00:00,7.633945235077918
2018-04-13 10:00:00,7.9500308536382684
2018-04-13 11:00:00,7.6775459444781315
2018-04-13 12:00:00,7.430260603767731
2018-04-13 13:00:00,7.579355042640376
2018-04-13 14:00:00,7.210052789139296
2018-04-13 15:00:00,6.982457688705735
2018-04-13 16:00:00,6.870545429287817
2018-04-13 17:00:00,6.097193828839352
2018-04-13 18:00:00,6.13838594326143
2018-04-13 19:00:00,5.761764262454976
2018-04-13 20:00:00,5.135701466040692
2018-04-13 21:00:00,5.332079709109762
2018-04-13 22:00:00,5.200010414423374
2018-04-13 23:00:00,5.391969076230523
2018-04-14 00:00:00,5.560510228303514
2018-04-14 01:00:00,5.7373608825260085
2018-04-14 02:00:00,5.629535095682917
2018-04-14 03:00:00,5.78170204288817
2018-04-14 04:00:00,6.061618311548524
2018-04-14 05:00:00,5.956448370331867
2018-04-14 06:00:00,6.5368555496935565
2018-04-14 07:00:00,5.780093488182183
2018-04-14 08:00:00,6.218407289771888
2018-04-14 09:00:00,6.044967209325816
2018-04-14 10:00:00,6.60731401748255
2018-04-14 11:00:00,5.887695855988309
2018-04-14 12:00:00,6.244509395639734
2018-04-14 13:00:00,5.932729606626523
2018-04-14 14:00:00,5.9901735948271675
2018-04-14 15:00:00,5.588698695114642
2018-04-14 16:00:00,5.7454119770223855
2018-04-14 17:00:00,5.80434385722511
2018-04-14 18:00:00,5.909159167058745
2018-04-14 19:00:00,5.584258572396605
2018-04-14 20:00:00,5.722508552654676
2018-04-14 21:00:00,5.6857261341287275
2018-04-14 22:00:00,5.973275697580767
2018-04-14 23:00:00,5.748375503389414
2018-04-15 00:00:00,5.117632651703139
2018-04-15 01:00:00,5.274570765911067
2018-04-15 02:00:00,5.1611579631882405
2018-04-15 03:00:00,5.144793428829339
2018-04-15 04:00:00,5.030717370637065
2018-04-15 05:00:00,5.338604288413745
2018-04-15 06:00:00,5.343815747390955
2018-04-15 07:00:00,5.51662902059667
2018-04-15 08:00:00,5.317849058461478
2018-04-15 09:00:00,5.140976662090799
2018-04-15 10:00:00,4.942015232767782
2018-04-15 11:00:00,5.302608677290398
2018-04-15 12:00:00,5.037697949481198
2018-04-15 13:00:00,5.194579639281487
2018-04-15 14:00:00,4.88266196438244
2018-04-15 15:00:00,5.214561256995049
2018-04-15 16:00:00,4.985410885739071
2018-04-15 17:00:00,4.99141018838036
2018-04-15 18:00:00,4.9085246757133305
2018-04-15 19:00:00,5.049988807277645
2018-04-15 20:00:00,4.793666043838471
2018-04-15 21:00:00,4.790628018856799
2018-04-15 22:00:00,5.155171845806512
2018-04-15 23:00:00,5.095584845111287
2018-04-16 00:00:00,4.783687683748472
2018-04-16 01:00:00,4.762908680396843
2018-04-16 02:00:00,4.949386662981691
2018-04-16 03:00:00,5.110914890711859
2018-04-16 04:00:00,4.834536602852697
2018-04-16 05:00:00,5.087994682933602
2018-04-16 06:00:00,5.6511906949415724
2018-04-16 07:00:00,6.572796688600151
2018-04-16 08:00:00,7.0035069798558816
2018-04-16 09:00:00,7.271364918062121
2018-04-16 10:00:00,8.258117722044002
2018-04-16 11:00:00,7.3347008728503535
2018-04-16 12:00:00,7.235039134480999
2018-04-16 13:00:00,7.4282656112627246
2018-04-16 14:00:00,7.376039978990643
2018-04-16 15:00:00,7.0134425184210665
2018-04-16 16:00:00,6.687881609586323
2018-04-16 17:00:00,6.426845425843495
2018-04-16 18:00:00,5.892914701012401
2018-04-16 19:00:00,5.630782133701979
2018-04-16 20:00:00,5.485508725762876
2018-04-16 21:00:00,5.454379320257297
2018-04-16 22:00:00,5.380314573047064
2018-04-16 23:00:00,5.196271453473024
2018-04-17 00:00:00,6.083479961470333
2018-04-17 01:00:00,5.748568599298656
2018-04-17 02:00:00,5.980707545628123
2018-04-17 03:00:00,5.725197166313071
2018-04-17 04:00:00,5.931225567879254
2018-04-17 05:00:00,6.544182558857847
2018-04-17 06:00:00,7.427414572276632
2018-04-17 07:00:00,7.6730675477189525
2018-04-17 08:00:00,8.365106720193625
2018-04-17 09:00:00,8.565042341376076
2018-04-17 10:00:00,8.666725807428675
2018-04-17 11:00:00,8.80248261204051
2018-04-17 12:00:00,8.072374800171204
2018-04-17 13:00:00,8.485141589294537
2018-04-17 14:00:00,9.00873820410158
2018-04-17 15:00:00,7.82679396386515
2018-04-17 16:00:00,8.205770634150044
2018-04-17 17:00:00,7.667761699174592
2018-04-17 18:00:00,6.978359197599382
2018-04-17 19:00:00,6.8848757990795235
2018-04-17 20:00:00,6.180502463183089
2018-04-17 21:00:00,6.066688965501193
2018-04-17 22:00:00,6.206839598614497
2018-04-17 23:00:00,5.892406881537304
2018-04-18 00:00:00,7.200815399928278
2018-04-18 01:00:00,6.888232074756404
2018-04-18 02:00:00,7.027063858991818
2018-04-18 03:00:00,6.754481683300019
2018-04-18 04:00:00,7.058664547752661
2018-04-18 05:00:00,7.021363472620647
2018-04-18 06:00:00,8.613131915472563
2018-04-18 07:00:00,8.749121322528525
2018-04-18 08:00:00,9.966405359255603
2018-04-18 09:00:00,10.338021565327047
2018-04-18 10:00:00,10.539991968770037
2018-04-18 11:00:00,9.880808937817159
2018-04-18 12:00:00,9.803230300674265
2018-04-18 13:00:00,9.889387185972167
2018-04-18 14:00:00,10.094947234822166
2018-04-18 15:00:00,9.989850754617047
2018-04-18 16:00:00,8.853781833242746
2018-04-18 17:00:00,9.148946418810201
2018-04-18 18:00:00,8.486551438713269
2018-04-18 19:00:00,8.04483976940271
2018-04-18 20:00:00,7.892315823468053
2018-04-18 21:00:00,7.083490086998538
2018-04-18 22:00:00,7.412665150464056
2018-04-18 23:00:00,7.053266067979496
2018-04-19 00:00:00,6.022510949207123
2018-04-19 01:00:00,6.063407928503634
2018-04-19 02:00:00,5.957378770779069
2018-04-19 03:00:00,5.844167949534338
2018-04-19 04:00:00,5.865091825671909
2018-04-19 05:00:00,6.33101792704158
2018-04-19 06:00:00,6.828637324953724
2018-04-19 07:00:00,7.758569093239502
2018-04-19 08:00:00,8.50153977952468
2018-04-19 09:00:00,9.643030891767843
2018-04-19 10:00:00,9.220975988154049
2018-04-19 11:00:00,8.810295257229543
2018-04-19 12:00:00,8.942683918953808
2018-04-19 13:00:00,8.564479944855547
2018-04-19 14:00:00,8.917664136398805
2018-04-19 15:00:00,8.532499813689382
2018-04-19 16:00:00,7.780076608569901
2018-04-19 17:00:00,7.345378887240438
2018-04-19 18:00:00,7.384504562103439
2018-04-19 19:00:00,6.630363888555636
2018-04-19 20:00:00,6.513989758493787
2018-04-19 21:00:00,6.404603038309503
2018-04-19 22:00:00,6.468038609786596
2018-04-19 23:00:00,6.059843396914245
2018-04-20 00:00:00,4.909665350436662
2018-04-20 01:00:00,5.302355485672952
2018-04-20 02:00:00,5.378448373141136
2018-04-20 03:00:00,5.130855731412258
2018-04-20 04:00:00,5.407943533401774
2018-04-20 05:00:00,5.919437373282845
2018-04-20 06:00:00,6.342217529991339
2018-04-20 07:00:00,6.579351420280504
2018-04-20 08:00:00,7.177540390001808
2018-04-20 09:00:00,7.7431265249740795
2018-04-20 10:00:00,7.915203138132882
2018-04-20 11:00:00,7.283526668808636
2018-04-20 12:00:00,7.149397800032308
2018-04-20 13:00:00,7.143172589903529
2018-04-20 14:00:00,7.23903714848396
2018-04-20 15:00:00,6.547128602815607
2018-04-20 16:00:00,6.7421306050837915
2018-04-20 17:00:00,6.335979712220364
2018-04-20 18:00:00,6.109877176115015
2018-04-20 19:00:00,5.7219007839726475
2018-04-20 20:00:00,5.215460992265651
2018-04-20 21:00:00,5.214693444323545
2018-04-20 22:00:00,5.329259314119085
2018-04-20 23:00:00,5.109359862867886
2018-04-21 00:00:00,5.697957527536278
2018-04-21 01:00:00,5.75768214794348
2018-04-21 02:00:00,5.658970262570818
2018-04-21 03:00:00,5.593058349976007
2018-04-21 04:00:00,5.613355264582961
2018-04-21 05:00:00,5.6155363312069015
2018-04-21 06:00:00,5.5178197944613325
2018-04-21 07:00:00,5.437607411832373
2018-04-21 08:00:00,5.829455074728311
2018-04-21 09:00:00,5.475934265891336
2018-04-21 10:00:00,5.826234605117864
2018-04-21 11:00:00,5.568743600411795
2018-04-21 12:00:00,5.9062500465197205
2018-04-21 13:00:00,5.603401763916058
2018-04-21 14:00:00,5.606386106908039
2018-04-21 15:00:00,5.480821738490665
2018-04-21 16:00:00,6.0248501475271965
2018-04-21 17:00:00,5.33693590181918
2018-04-21 18:00:00,5.2901969263206885
2018-04-21 19:00:00,5.163781264378503
2018-04-21 20:00:00,5.059665784279064
2018-04-21 21:00:00,5.452708465297411
2018-04-21 22:00:00,5.633804013972307
2018-04-21 23:00:00,5.532716878827993
2018-04-22 00:00:00,5.231645958213458
2018-04-22 01:00:00,5.250206712559376
2018-04-22 02:00:00,4.847305785203192
2018-04-22 03:00:00,5.112986917512627
2018-04-22 04:00:00,5.0663227063468375
2018-04-22 05:00:00,5.322348345844522
2018-04-22 06:00:00,5.047378964899118
2018-04-22 07:00:00,4.853258820065522
2018-04-22 08:00:00,5.081341541930477
2018-04-22 09:00:00,5.069896345665421
2018-04-22 10:00:00,4.922364671236161
2018-04-22 11:00:00,4.919728823347122
2018-04-22 12:00:00,4.845954123344201
2018-04-22 13:00:00,4.86046725785628
2018-04-22 14:00:00,4.839166361557732
2018-04-22 15:00:00,4.882112984471126
2018-04-22 16:00:00,4.856287252812003
2018-04-22 17:00:00,5.101616359076444
2018-04-22 18:00:00,5.045441233337071
2018-04-22 19:00:00,4.758537048018702
2018-04-22 20:00:00,4.773903744247291
2018-04-22 21:00:00,4.934038042095846
2018-04-22 22:00:00,5.194247445314388
2018-04-22 23:00:00,5.245489346570313
2018-04-23 00:00:00,4.688181424143757
2018-04-23 01:00:00,4.7651187822546826
2018-04-23 02:00:00,4.888343414375112
2018-04-23 03:00:00,4.930539525330825
2018-04-23 04:00:00,4.789139162344031
2018-04-23 05:00:00,5.544995051150658
2018-04-23 06:00:00,5.905142217445396
2018-04-23 07:00:00,6.144298706457559
2018-04-23 08:00:00,7.0769151214292325
2018-04-23 09:00:00,7.023760452384382
2018-04-23 10:00:00,7.449261748784799
2018-04-23 11:00:00,7.49201918348442
2018-04-23 12:00:00,7.112624285676867
2018-04-23 13:00:00,6.985946171590967
2018-04-23 14:00:00,6.765647079045621
2018-04-23 15:00:00,6.729854344666539
2018-04-23 16:00:00,6.663502612674798
2018-04-23 17:00:00,6.2548541365746395
2018-04-23 18:00:00,6.0525503973907275
2018-04-23 19:00:00,5.631403419841894
2018-04-23 20:00:00,5.250023540200948
2018-04-23 21:00:00,5.392379318379117
2018-04-23 22:00:00,5.277541928596958
2018-04-23 23:00:00,5.146542914519255
2018-04-24 00:00:00,5.655726075331314
2018-04-24 01:00:00,5.526475386887979
2018-04-24 02:00:00,5.4925032908612765
2018-04-24 03:00:00,5.631892209112529
2018-04-24 04:00:00,5.922394287110144
2018-04-24 05:00:00,5.998842124181993
2018-04-24 06:00:00,6.746389397596558
2018-04-24 07:00:00,7.059870345132767
2018-04-24 08:00:00,7.81563977821101
2018-04-24 09:00:00,8.700664085562225
2018-04-24 10:00:00,7.958127627304071
2018-04-24 11:00:00,8.209135038606055
2018-04-24 12:00:00,7.590393899672474
2018-04-24 13:00:00,8.002890847567786
2018-04-24 14:00:00,8.001822948078116
2018-04-24 15:00:00,7.579829707567334
2018-04-24 16:00:00,7.6455943485777995
2018-04-24 17:00:00,6.9026950945082595
2018-04-24 18:00:00,6.9578338471694705
2018-04-24 19:00:00,6.059453109511422
2018-04-24 20:00:00,6.1847445019166765
2018-04-24 21:00:00,6.17343553320601
2018-04-24 22:00:00,6.0935916135585115
2018-04-24 23:00:00,5.530419198863016
2018-04-25 00:00:00,5.360077392775942
2018-04-25 01:00:00,5.482343428164272
2018-04-25 02:00:00,5.283614400541233
2018-04-25 03:00:00,5.249671707248862
2018-04-25 04:00:00,5.466860137576535
2018-04-25 05:00:00,5.7700960079737085
2018-04-25 06:00:00,6.0920453558962215
2018-04-25 07:00:00,6.535874845954317
2018-04-25 08:00:00,7.664468944742333
2018-04-25 09:00:00,7.500487228272086
2018-04-25 10:00:00,8.070057275274868
2018-04-25 11:00:00,7.604753620304529
2018-04-25 12:00:00,7.878162423316005
2018-04-25 13:00:00,7.3676791652076
2018-04-25 14:00:00,7.267065533683723
2018-04-25 15:00:00,7.422051265576877
2018-04-25 16:00:00,7.5254702629122265
2018-04-25 17:00:00,7.034395022863785
2018-04-25 18:00:00,6.582675234568179
2018-04-25 19:00:00,6.140257134975943
2018-04-25 20:00:00,5.626109495969426
2018-04-25 21:00:00,5.625637661984643
2018-04-25 22:00:00,5.831902452128933
2018-04-25 23:00:00,5.654433559194517
2018-04-26 00:00:00,5.8765839490376495
2018-04-26 01:00:00,5.733885700378969
2018-04-26 02:00:00,5.843331129539017
2018-04-26 03:00:00,5.777460155667744
2018-04-26 04:00:00,6.244675406368142
2018-04-26 05:00:00,6.247594384428951
2018-04-26 06:00:00,6.8005906114530195
2018-04-26 07:00:00,7.694952130596986
2018-04-26 08:00:00,7.904113498054639
2018-04-26 09:00:00,8.76279842951102
2018-04-26 10:00:00,8.682311709924791
2018-04-26 11:00:00,8.656196745525463
2018-04-26 12:00:00,8.532677119087264
2018-04-26 13:00:00,8.42496490498993
2018-04-26 14:00:00,8.534160930109733
2018-04-26 15:00:00,8.006007795063882
2018-04-26 16:00:00,8.120715275042915
2018-04-26 17:00:00,7.088808517601006
2018-04-26 18:00:00,7.504579247684768
2018-04-26 19:00:00,6.848045609513446
2018-04-26 20:00:00,6.617632127400114
2018-04-26 21:00:00,6.567781846094333
2018-04-26 22:00:00,6.2883752540205515
2018-04-26 23:00:00,6.315113401578289
2018-04-27 00:00:00,5.506155585078652
2018-04-27 01:00:00,5.470546607283511
2018-04-27 02:00:00,5.252864477061811
2018-04-27 03:00:00,5.374779980782746
2018-04-27 04:00:00,5.624241672252525
2018-04-27 05:00:00,5.797857672360732
2018-04-27 06:00:00,6.191657960519301
2018-04-27 07:00:00,6.883599566635654
2018-04-27 08:00:00,7.303835873995089
2018-04-27 09:00:00,7.828288459552513
2018-04-27 10:00:00,7.356490060577533
2018-04-27 11:00:00,7.802570907713499
2018-04-27 12:00:00,7.411323052809491
2018-04-27 13:00:00,7.688641633076166
2018-04-27 14:00:00,7.38117411767912
2018-04-27 15:00:00,6.996757357522757
2018-04-27 16:00:00,6.863702745641019
2018-04-27 17:00:00,6.624114694133106
2018-04-27 18:00:00,6.440775697116296
2018-04-27 19:00:00,5.823446293591079
2018-04-27 20:00:00,5.419292265370956
2018-04-27 21:00:00,5.724399818049179
2018-04-27 22:00:00,5.574766732960806
2018-04-27 23:00:00,5.430291322995863
2018-04-28 00:00:00,5.899359513484264
2018-04-28 01:00:00,5.67844594695179
2018-04-28 02:00:00,5.698760465720756
2018-04-28 03:00:00,5.850663062929953
2018-04-28 04:00:00,5.975818800077966
2018-04-28 05:00:00,5.933119792518023
2018-04-28 06:00:00,6.01408848600647
2018-04-28 07:00:00,6.293316007818865
2018-04-28 08:00:00,5.800931206381917
2018-04-28 09:00:00,6.01415872931022
2018-04-28 10:00:00,6.1233050671179265
2018-04-28 11:00:00,5.732394503191663
2018-04-28 12:00:00,5.781611502709723
2018-04-28 13:00:00,6.022117655584453
2018-04-28 14:00:00,5.72442479337497
2018-04-28 15:00:00,5.978827476338539
2018-04-28 16:00:00,5.98393175509387
2018-04-28 17:00:00,5.504439249019537
2018-04-28 18:00:00,5.862519380958399
2018-04-28 19:00:00,5.498230987970292
2018-04-28 20:00:00,5.4362753735349445
2018-04-28 21:00:00,5.555776434394701
2018-04-28 22:00:00,5.760876057053613
2018-04-28 23:00:00,5.617888065847662
2018-04-29 00:00:00,5.7884904662395265
2018-04-29 01:00:00,5.843711809804706
2018-04-29 02:00:00,5.840087636635993
2018-04-29 03:00:00,5.600313670801733
2018-04-29 04:00:00,5.260638943021202
2018-04-29 05:00:00,5.7471817820515545
2018-04-29 06:00:00,5.426474950206604
2018-04-29 07:00:00,5.5355539324588365
2018-04-29 08:00:00,5.608176322046523
2018-04-29 09:00:00,5.307139370397609
2018-04-29 10:00:00,5.874026198316992
2018-04-29 11:00:00,5.868300515267899
2018-04-29 12:00:00,5.37283321607824
2018-04-29 13:00:00,5.299191971916697
2018-04-29 14:00:00,5.152903721783435
2018-04-29 15:00:00,5.573833803982539
2018-04-29 16:00:00,5.499584525878225
2018-04-29 17:00:00,5.277186034314309
2018-04-29 18:00:00,5.314458603321997
2018-04-29 19:00:00,5.001118609203812
2018-04-29 20:00:00,5.447677987110767
2018-04-29 21:00:00,5.951586133477045
2018-04-29 22:00:00,5.499536298157872
2018-04-29 23:00:00,5.405184343739074
2018-04-30 00:00:00,4.575413424949989
2018-04-30 01:00:00,4.819029494884212
2018-04-30 02:00:00,4.574995174803254
2018-04-30 03:00:00,4.510727415454876
2018-04-30 04:00:00,4.765393535767603
2018-04-30 05:00:00,5.089698467198586
2018-04-30 06:00:00,5.235539776468894
2018-04-30 07:00:00,5.891496629804192
2018-04-30 08:00:00,7.151259896655513
2018-04-30 09:00:00,7.035201830363134
2018-04-30 10:00:00,7.431614419241958
2018-04-30 11:00:00,7.291092150640601
2018-04-30 12:00:00,6.939735013626501
2018-04-30 13:00:00,6.681315944126585
2018-04-30 14:00:00,6.984328111390019
2018-04-30 15:00:00,7.328656236060447
2018-04-30 16:00:00,6.889869410546737
2018-04-30 17:00:00,5.997695481057715
2018-04-30 18:00:00,5.598424550746863
2018-04-30 19:00:00,5.81018710011097
2018-04-30 20:00:00,5.109093795509062
2018-04-30 21:00:00,5.2384191194340906
2018-04-30 22:00:00,5.130986606342496
2018-04-30 23:00:00,4.807722285769256
2018-05-01 00:00:00,5.737765645020554
2018-05-01 01:00:00,5.314472686810664
2018-05-01 02:00:00,5.796321090671459
2018-05-01 03:00:00,5.5997511032409735
2018-05-01 04:00:00,5.739369687805807
2018-05-01 05:00:00,6.214157374270964
2018-05-01 06:00:00,6.648034929294756
2018-05-01 07:00:00,7.4678702548962095
2018-05-01 08:00:00,7.917214128383749
2018-05-01 09:00:00,8.16863195116166
2018-05-01 10:00:00,8.419991552250739
2018-05-01 11:00:00,7.984768178652964
2018-05-01 12:00:00,7.647591593596855
2018-05-01 13:00:00,7.844636188254343
2018-05-01 14:00:00,8.183491758244429
2018-05-01 15:00:00,7.94275693544664
2018-05-01 16:00:00,7.394167578038659
2018-05-01 17:00:00,7.021661851394723
2018-05-01 18:00:00,6.528657804335104
2018-05-01 19:00:00,6.364922699015487
2018-05-01 20:00:00,5.970865585890177
2018-05-01 21:00:00,5.909665613719246
2018-05-01 22:00:00,5.925542392759655
2018-05-01 23:00:00,5.887069456720504
2018-05-02 00:00:00,5.485239280337218
2018-05-02 01:00:00,5.572788360582976
2018-05-02 02:00:00,5.317800731135755
2018-05-02 03:00:00,5.039838956085812
2018-05-02 04:00:00,5.567085462749898
2018-05-02 05:00:00,5.730832186101156
2018-05-02 06:00:00,6.456161350483663
2018-05-02 07:00:00,6.8979095566960815
2018-05-02 08:00:00,7.5992107538866485
2018-05-02 09:00:00,7.80325858326896
2018-05-02 10:00:00,7.771448490174578
2018-05-02 11:00:00,7.658064104208574
2018-05-02 12:00:00,7.029139158956926
2018-05-02 13:00:00,7.444406978961141
2018-05-02 14:00:00,7.223620686733972
2018-05-02 15:00:00,7.029978787320641
2018-05-02 16:00:00,6.745545762444
2018-05-02 17:00:00,6.228749653857732
2018-05-02 18:00:00,6.183073012157269
2018-05-02 19:00:00,5.850444307865794
2018-05-02 20:00:00,5.624482520648751
2018-05-02 21:00:00,5.339885210163325
2018-05-02 22:00:00,5.333535634030448
2018-05-02 23:00:00,5.552772417997282
2018-05-03 00:00:00,5.8023299590818125
2018-05-03 01:00:00,5.644189985726065
2018-05-03 02:00:00,5.7203893659244365
2018-05-03 03:00:00,5.7547504202320745
2018-05-03 04:00:00,5.843755186066537
2018-05-03 05:00:00,6.352778630747017
2018-05-03 06:00:00,6.513020558397208
2018-05-03 07:00:00,7.084492219799015
2018-05-03 08:00:00,7.895717492854791
2018-05-03 09:00:00,8.301885804654265
2018-05-03 10:00:00,8.451854273201311
2018-05-03 11:00:00,8.414316374346816
2018-05-03 12:00:00,7.8886210568991535
2018-05-03 13:00:00,7.981938572604825
2018-05-03 14:00:00,8.454778353298597
2018-05-03 15:00:00,7.558637531058072
2018-05-03 16:00:00,7.7330644033795455
2018-05-03 17:00:00,7.458296821018088
2018-05-03 18:00:00,6.532852379337887
2018-05-03 19:00:00,6.531630834183351
2018-05-03 20:00:00,6.067000254862363
2018-05-03 21:00:00,6.261746716248086
2018-05-03 22:00:00,6.02246608847199
2018-05-03 23:00:00,5.767587126056722
2018-05-04 00:00:00,5.687668197515812
2018-05-04 01:00:00,5.5383437515519764
2018-05-04 02:00:00,5.679750065977031
2018-05-04 03:00:00,5.627762341919568
2018-05-04 04:00:00,5.660256065189234
2018-05-04 05:00:00,6.000777478417027
2018-05-04 06:00:00,6.466720677332628
2018-05-04 07:00:00,5.904856221809919
2018-05-04 08:00:00,6.6537718794464205
2018-05-04 09:00:00,7.201870884807029
2018-05-04 10:00:00,7.057453698164373
2018-05-04 11:00:00,6.98751302010768
2018-05-04 12:00:00,6.7204301439737275
2018-05-04 13:00:00,6.954518083045641
2018-05-04 14:00:00,6.791511468693406
2018-05-04 15:00:00,6.220753140668117
2018-05-04 16:00:00,6.235292714533027
2018-05-04 17:00:00,6.3349099463931315
2018-05-04 18:00:00,5.903348813635355
2018-05-04 19:00:00,5.947752470995191
2018-05-04 20:00:00,5.721884530551664
2018-05-04 21:00:00,5.781735066241573
2018-05-04 22:00:00,5.956788935293398
2018-05-04 23:00:00,5.356903985506952
2018-05-05 00:00:00,5.356143630941026
2018-05-05 01:00:00,5.205033439054925
2018-05-05 02:00:00,5.088970363051586
2018-05-05 03:00:00,5.266457924071886
2018-05-05 04:00:00,5.364134282017976
2018-05-05 05:00:00,5.278093138355792
2018-05-05 06:00:00,5.236955425019931
2018-05-05 07:00:00,5.0880500789291165
2018-05-05 08:00:00,5.393906092785353
2018-05-05 09:00:00,5.420504217585337
2018-05-05 10:00:00,5.445732369059155
2018-05-05 11:00:00,5.702774524543043
2018-05-05 12:00:00,5.686854622189525
2018-05-05 13:00:00,5.291148460050697
2018-05-05 14:00:00,5.467753331622877
2018-05-05 15:00:00,5.329606044578164
2018-05-05 16:00:00,5.634040749775298
2018-05-05 17:00:00,5.42036451314978
2018-05-05 18:00:00,5.26477429735358
2018-05-05 19:00:00,5.255768871385431
2018-05-05 20:00:00,5.22833607981655
2018-05-05 21:00:00,5.200902425991504
2018-05-05 22:00:00,5.314932913019865
2018-05-05 23:00:00,5.393043513173823
2018-05-06 00:00:00,5.286933747073686
2018-05-06 01:00:00,5.197851467591942
2018-05-06 02:00:00,5.221360892059765
2018-05-06 03:00:00,5.307303196796687
2018-05-06 04:00:00,5.149037387359679
2018-05-06 05:00:00,5.159354033252399
2018-05-06 06:00:00,5.337559227921364
2018-05-06 07:00:00,4.940852002474604
2018-05-06 08:00:00,5.166701396073934
2018-05-06 09:00:00,5.3218765947398925
2018-05-06 10:00:00,5.209689318942212
2018-05-06 11:00:00,5.167255126991757
2018-05-06 12:00:00,5.284897463619434
2018-05-06 13:00:00,5.241454152681715
2018-05-06 14:00:00,5.347437507325812
2018-05-06 15:00:00,5.122158273822257
2018-05-06 16:00:00,4.95863661079568
2018-05-06 17:00:00,5.400764013888802
2018-05-06 18:00:00,4.816251316736683
2018-05-06 19:00:00,4.727790622666652
2018-05-06 20:00:00,5.167498985405629
2018-05-06 21:00:00,5.283125459921664
2018-05-06 22:00:00,5.358541440073025
2018-05-06 23:00:00,5.255809699144112
2018-05-07 00:00:00,4.677868896525981
2018-05-07 01:00:00,4.614595400702873
2018-05-07 02:00:00,4.7073614532653405
2018-05-07 03:00:00,4.772521209096202
2018-05-07 04:00:00,4.846632895328949
2018-05-07 05:00:00,4.795076506576176
2018-05-07 06:00:00,5.764679153937893
2018-05-07 07:00:00,6.064244955064625
2018-05-07 08:00:00,6.637591886919122
2018-05-07 09:00:00,7.012993711397185
2018-05-07 10:00:00,6.807112132668615
2018-05-07 11:00:00,7.142230587944215
2018-05-07 12:00:00,6.80996641724895
2018-05-07 13:00:00,6.945832521513707
2018-05-07 14:00:00,6.827413609661107
2018-05-07 15:00:00,6.59608037020225
2018-05-07 16:00:00,6.320266795595256
2018-05-07 17:00:00,6.135293246856887
2018-05-07 18:00:00,5.851119973351533
2018-05-07 19:00:00,5.69910112654021
2018-05-07 20:00:00,5.279475734719995
2018-05-07 21:00:00,5.51477921776079
2018-05-07 22:00:00,5.345717718511947
2018-05-07 23:00:00,5.125652706890709
2018-05-08 00:00:00,5.647682725381882
2018-05-08 01:00:00,5.501923224177096
2018-05-08 02:00:00,5.42851326444546
2018-05-08 03:00:00,5.448934826887987
2018-05-08 04:00:00,5.758775189388007
2018-05-08 05:00:00,5.848362190948904
2018-05-08 06:00:00,6.186697587640517
2018-05-08 07:00:00,7.031205052477073
2018-05-08 08:00:00,7.718812073795016
2018-05-08 09:00:00,7.7524240226582
2018-05-08 10:00:00,8.226265534881147
2018-05-08 11:00:00,8.131305519191583
2018-05-08 12:00:00,7.570599497213527
2018-05-08 13:00:00,8.184596449787332
2018-05-08 14:00:00,8.01290328718971
2018-05-08 15:00:00,7.394835431126487
2018-05-08 16:00:00,7.292566578209145
2018-05-08 17:00:00,7.315979768578989
2018-05-08 18:00:00,6.718614653861413
2018-05-08 19:00:00,6.720672859786909
2018-05-08 20:00:00,5.857092260100129
2018-05-08 21:00:00,5.861232164036535
2018-05-08 22:00:00,5.92217129035999
2018-05-08 23:00:00,5.694132643215158
2018-05-09 00:00:00,5.38384111947839
2018-05-09 01:00:00,5.6804909306674585
2018-05-09 02:00:00,5.249721842334183
2018-05-09 03:00:00,5.417706044386147
2018-05-09 04:00:00,5.671912881838976
2018-05-09 05:00:00,6.1653914205978655
2018-05-09 06:00:00,6.267419393015299
2018-05-09 07:00:00,6.976188005110761
2018-05-09 08:00:00,7.722524751376157
2018-05-09 09:00:00,8.127667151917343
2018-05-09 10:00:00,7.8287101258032346
2018-05-09 11:00:00,7.993825293830908
2018-05-09 12:00:00,7.710810378409657
2018-05-09 13:00:00,7.6246885787091845
2018-05-09 14:00:00,7.937395021497765
2018-05-09 15:00:00,7.715736066930652
2018-05-09 16:00:00,7.109181568247015
2018-05-09 17:00:00,7.05877216320924
2018-05-09 18:00:00,6.85263847863043
2018-05-09 19:00:00,6.059324260494368
2018-05-09 20:00:00,5.497023729862881
2018-05-09 21:00:00,5.970648226626426
2018-05-09 22:00:00,6.117878141158188
2018-05-09 23:00:00,5.7095112231743474
2018-05-10 00:00:00,5.720372266802188
2018-05-10 01:00:00,5.662008876533827
2018-05-10 02:00:00,5.770014396140336
2018-05-10 03:00:00,5.89057157979196
2018-05-10 04:00:00,5.656556516321714
2018-05-10 05:00:00,6.230616378956156
2018-05-10 06:00:00,6.458860176515219
2018-05-10 07:00:00,6.991665135230886
2018-05-10 08:00:00,7.300659850764339
2018-05-10 09:00:00,7.181816766562445
2018-05-10 10:00:00,7.743306341050819
2018-05-10 11:00:00,7.464096861626835
2018-05-10 12:00:00,7.864036937623508
2018-05-10 13:00:00,7.822149551751573
2018-05-10 14:00:00,7.231374771273202
2018-05-10 15:00:00,7.378022495534415
2018-05-10 16:00:00,7.348731256401819
2018-05-10 17:00:00,6.92632077115426
2018-05-10 18:00:00,6.9024050639249035
2018-05-10 19:00:00,6.261604090125821
2018-05-10 20:00:00,5.726086687897182
2018-05-10 21:00:00,5.575719995933645
2018-05-10 22:00:00,5.7963978732128725
2018-05-10 23:00:00,5.715383310770096
2018-05-11 00:00:00,4.631402065422672
2018-05-11 01:00:00,4.873759286980117
2018-05-11 02:00:00,4.652755116592489
2018-05-11 03:00:00,4.70789752915664
2018-05-11 04:00:00,4.616653390605594
2018-05-11 05:00:00,4.824711596318076
2018-05-11 06:00:00,4.573751375641989
2018-05-11 07:00:00,4.806995900591891
2018-05-11 08:00:00,5.090198785389181
2018-05-11 09:00:00,5.1798768349305275
2018-05-11 10:00:00,5.2741710126716335
2018-05-11 11:00:00,5.202479922702707
2018-05-11 12:00:00,5.382359628069421
2018-05-11 13:00:00,5.0953720487494065
2018-05-11 14:00:00,5.201483327121726
2018-05-11 15:00:00,5.2069421272223355
2018-05-11 16:00:00,5.175766535104867
2018-05-11 17:00:00,5.006182603378167
2018-05-11 18:00:00,4.804604928517752
2018-05-11 19:00:00,4.678083012404627
2018-05-11 20:00:00,4.410818150187514
2018-05-11 21:00:00,4.780612370308888
2018-05-11 22:00:00,4.649884657481143
2018-05-11 23:00:00,4.481790917413034
2018-05-12 00:00:00,5.132392625173618
2018-05-12 01:00:00,5.562343032304577
2018-05-12 02:00:00,5.422036408004411
2018-05-12 03:00:00,4.997870879499144
2018-05-12 04:00:00,5.138684032477093
2018-05-12 05:00:00,5.199294883404157
2018-05-12 06:00:00,5.349526591775859
2018-05-12 07:00:00,5.130703460379614
2018-05-12 08:00:00,5.236973353788183
2018-05-12 09:00:00,5.565690474290233
2018-05-12 10:00:00,5.393593013350932
2018-05-12 11:00:00,5.777867678116013
2018-05-12 12:00:00,5.494239226213147
2018-05-12 13:00:00,5.486128909381273
2018-05-12 14:00:00,5.818974673380416
2018-05-12 15:00:00,5.728524142495017
2018-05-12 16:00:00,5.612587534815157
2018-05-12 17:00:00,5.445079457518258
2018-05-12 18:00:00,5.635264119264306
2018-05-12 19:00:00,5.490607211054416
2018-05-12 20:00:00,5.132143571914384
2018-05-12 21:00:00,5.581344508575978
2018-05-12 22:00:00,5.51635240384284
2018-05-12 23:00:00,4.9868691499068465
2018-05-13 00:00:00,5.613104151126976
2018-05-13 01:00:00,5.833899805718275
2018-05-13 02:00:00,5.546166197907836
2018-05-13 03:00:00,5.388318187630571
2018-05-13 04:00:00,5.730183480101459
2018-05-13 05:00:00,5.415845363533647
2018-05-13 06:00:00,5.355212808004892
2018-05-13 07:00:00,5.465868248280678
2018-05-13 08:00:00,5.462167220975392
2018-05-13 09:00:00,5.360993797254182
2018-05-13 10:00:00,5.926441381863049
2018-05-13 11:00:00,5.854397590556865
2018-05-13 12:00:00,5.998654644605927
2018-05-13 13:00:00,5.592769346123741
2018-05-13 14:00:00,5.67371052012875
2018-05-13 15:00:00,5.898540320522032
2018-05-13 16:00:00,5.447652151144407
2018-05-13 17:00:00,5.194602766257204
2018-05-13 18:00:00,5.645377749495114
2018-05-13 19:00:00,5.528143199204124
2018-05-13 20:00:00,5.502784854327015
2018-05-13 21:00:00,5.4460775858853285
2018-05-13 22:00:00,5.833166810189932
2018-05-13 23:00:00,5.630911665311089
2018-05-14 00:00:00,5.3163270883277365
2018-05-14 01:00:00,4.816240722674189
2018-05-14 02:00:00,5.047490630171402
2018-05-14 03:00:00,5.137610779733722
2018-05-14 04:00:00,5.4714106761071895
2018-05-14 05:00:00,5.506828886904111
2018-05-14 06:00:00,5.547119029160604
2018-05-14 07:00:00,6.963494940044052
2018-05-14 08:00:00,7.045203580621912
2018-05-14 09:00:00,8.290976839377803
2018-05-14 10:00:00,7.803932294524729
2018-05-14 11:00:00,8.17334476645456
2018-05-14 12:00:00,7.928144395714549
2018-05-14 13:00:00,7.650134149665
2018-05-14 14:00:00,7.688209959656764
2018-05-14 15:00:00,7.7502220932803345
2018-05-14 16:00:00,7.881379138532926
2018-05-14 17:00:00,6.81270217595147
2018-05-14 18:00:00,6.9313755715183385
2018-05-14 19:00:00,6.412971928016051
2018-05-14 20:00:00,6.013616950586302
2018-05-14 21:00:00,5.818753281439598
2018-05-14 22:00:00,5.811989720397363
2018-05-14 23:00:00,5.976769164842876
2018-05-15 00:00:00,5.220597809616013
2018-05-15 01:00:00,4.890629427828347
2018-05-15 02:00:00,5.0216233189952035
2018-05-15 03:00:00,4.967100655841096
2018-05-15 04:00:00,4.77041342149754
2018-05-15 05:00:00,4.9662122900341465
2018-05-15 06:00:00,5.335959651790099
2018-05-15 07:00:00,5.902459114179682
2018-05-15 08:00:00,6.873876696983703
2018-05-15 09:00:00,7.464108462400832
2018-05-15 10:00:00,7.595489744991489
2018-05-15 11:00:00,7.217758796166865
2018-05-15 12:00:00,7.336842271912573
2018-05-15 13:00:00,7.391429484415213
2018-05-15 14:00:00,7.4051419689954825
2018-05-15 15:00:00,6.81962731792552
2018-05-15 16:00:00,7.089188649056771
2018-05-15 17:00:00,6.752413279849841
2018-05-15 18:00:00,6.5831009033887495
2018-05-15 19:00:00,5.781856038024903
2018-05-15 20:00:00,5.266495491615576
2018-05-15 21:00:00,5.214491728570151
2018-05-15 22:00:00,5.450104325864684
2018-05-15 23:00:00,5.071860156281273
2018-05-16 00:00:00,4.412341125410604
2018-05-16 01:00:00,4.575555863664481
2018-05-16 02:00:00,4.363653652229345
2018-05-16 03:00:00,4.279163977631195
2018-05-16 04:00:00,4.538548604940302
2018-05-16 05:00:00,4.528255183775732
2018-05-16 06:00:00,5.167433091303254
2018-05-16 07:00:00,5.6491394689497065
2018-05-16 08:00:00,5.863494163741679
2018-05-16 09:00:00,6.459901053489259
2018-05-16 10:00:00,6.366759370810916
2018-05-16 11:00:00,6.053875625929295
2018-05-16 12:00:00,6.57792447403126
2018-05-16 13:00:00,6.347330956280491
2018-05-16 14:00:00,6.40115840722628
2018-05-16 15:00:00,6.225572931027297
2018-05-16 16:00:00,6.42368303886621
2018-05-16 17:00:00,5.543322265519323
2018-05-16 18:00:00,5.462514759505772
2018-05-16 19:00:00,4.831794541117488
2018-05-16 20:00:00,4.676420787790461
2018-05-16 21:00:00,4.418697472281299
2018-05-16 22:00:00,4.63283572947784
2018-05-16 23:00:00,4.614355042907024
2018-05-17 00:00:00,5.886189647498893
2018-05-17 01:00:00,5.647002031695536
2018-05-17 02:00:00,5.696108155306504
2018-05-17 03:00:00,5.6884949048402556
2018-05-17 04:00:00,5.995812365580823
2018-05-17 05:00:00,5.9631404916775725
2018-05-17 06:00:00,6.055535951770168
2018-05-17 07:00:00,7.42849520795854
2018-05-17 08:00:00,7.29522985660661
2018-05-17 09:00:00,8.253038417783031
2018-05-17 10:00:00,8.984344584793186
2018-05-17 11:00:00,8.35974488314902
2018-05-17 12:00:00,7.4427467002899235
2018-05-17 13:00:00,7.963576491442308
2018-05-17 14:00:00,7.644846494131012
2018-05-17 15:00:00,7.618413221408937
2018-05-17 16:00:00,7.555665300409277
2018-05-17 17:00:00,6.951010419784883
2018-05-17 18:00:00,6.841242379021687
2018-05-17 19:00:00,6.528873556617392
2018-05-17 20:00:00,6.18427381001759
2018-05-17 21:00:00,6.566486310533817
2018-05-17 22:00:00,6.432972797264685
2018-05-17 23:00:00,5.884368566850805
2018-05-18 00:00:00,5.187963818148415
2018-05-18 01:00:00,5.016311238942483
2018-05-18 02:00:00,5.115497206149694
2018-05-18 03:00:00,5.007715656826665
2018-05-18 04:00:00,4.982105177736825
2018-05-18 05:00:00,5.424848350678626
2018-05-18 06:00:00,5.806256306045406
2018-05-18 07:00:00,6.212208279739532
2018-05-18 08:00:00,6.800227829771948
2018-05-18 09:00:00,7.400080550342712
2018-05-18 10:00:00,7.130437032110885
2018-05-18 11:00:00,7.098418466364058
2018-05-18 12:00:00,6.941601417226656
2018-05-18 13:00:00,7.153242095613268
2018-05-18 14:00:00,6.478855372452146
2018-05-18 15:00:00,6.337555335572186
2018-05-18 16:00:00,6.554782597968127
2018-05-18 17:00:00,6.062811569485495
2018-05-18 18:00:00,6.031677517596114
2018-05-18 19:00:00,5.700176960707005
2018-05-18 20:00:00,5.453068723010841
2018-05-18 21:00:00,5.5434008128308045
2018-05-18 22:00:00,5.224708688877707
2018-05-18 23:00:00,5.5779387669096145
2018-05-19 00:00:00,5.844152933010206
2018-05-19 01:00:00,6.126320461879442
2018-05-19 02:00:00,6.009395680762666
2018-05-19 03:00:00,5.823060285204018
2018-05-19 04:00:00,5.70452531678174
2018-05-19 05:00:00,5.8206137704674115
2018-05-19 06:00:00,5.786135121606698
2018-05-19 07:00:00,6.0156123181958385
2018-05-19 08:00:00,6.167477643216984
2018-05-19 09:00:00,6.102119840043379
2018-05-19 10:00:00,5.983710392408818
2018-05-19 11:00:00,6.126903040784699
2018-05-19 12:00:00,6.384036261249125
2018-05-19 13:00:00,6.304053762750914
2018-05-19 14:00:00,5.90509711663994
2018-05-19 15:00:00,6.057974059695201
2018-05-19 16:00:00,6.076485102596828
2018-05-19 17:00:00,5.907708649643997
2018-05-19 18:00:00,6.139390807324923
2018-05-19 19:00:00,5.490919297917359
2018-05-19 20:00:00,5.703539004760047
2018-05-19 21:00:00,5.6778317448243385
2018-05-19 22:00:00,6.330207088498897
2018-05-19 23:00:00,5.9121398948143495
2018-05-20 00:00:00,5.050241122528331
2018-05-20 01:00:00,5.076970062834957
2018-05-20 02:00:00,4.761248808227806
2018-05-20 03:00:00,4.967983203600481
2018-05-20 04:00:00,4.72057681493026
2018-05-20 05:00:00,4.857112921109723
2018-05-20 06:00:00,4.903815014371645
2018-05-20 07:00:00,4.8253052405641395
2018-05-20 08:00:00,4.76279963259916
2018-05-20 09:00:00,5.068281268373994
2018-05-20 10:00:00,4.769059678696064
2018-05-20 11:00:00,5.312005469703969
2018-05-20 12:00:00,5.167616071779238
2018-05-20 13:00:00,4.8428400271157335
2018-05-20 14:00:00,4.874848369729654
2018-05-20 15:00:00,5.048333914579405
2018-05-20 16:00:00,5.22616480559129
2018-05-20 17:00:00,4.735486882654019
2018-05-20 18:00:00,4.908571496337965
2018-05-20 19:00:00,4.905839379152435
2018-05-20 20:00:00,4.721683755116188
2018-05-20 21:00:00,5.076132105243493
2018-05-20 22:00:00,5.079891167772486
2018-05-20 23:00:00,4.949041944891272
2018-05-21 00:00:00,4.460902598565409
2018-05-21 01:00:00,4.559867176719442
2018-05-21 02:00:00,4.396335850723531
2018-05-21 03:00:00,4.74305773436295
2018-05-21 04:00:00,4.700229346847803
2018-05-21 05:00:00,4.79691182791144
2018-05-21 06:00:00,5.019699494759649
2018-05-21 07:00:00,5.847536140214619
2018-05-21 08:00:00,6.575629726532022
2018-05-21 09:00:00,7.067531747622937
2018-05-21 10:00:00,7.012408624254135
2018-05-21 11:00:00,7.199926285042239
2018-05-21 12:00:00,7.099472080506929
2018-05-21 13:00:00,7.000492037839608
2018-05-21 14:00:00,6.747544975078411
2018-05-21 15:00:00,6.903022625358549
2018-05-21 16:00:00,6.371854055876833
2018-05-21 17:00:00,6.31816673728696
2018-05-21 18:00:00,5.843202423367498
2018-05-21 19:00:00,5.117445418647758
2018-05-21 20:00:00,5.260879865521485
2018-05-21 21:00:00,5.10282565346666
2018-05-21 22:00:00,5.31081408529958
2018-05-21 23:00:00,4.910027509674686
2018-05-22 00:00:00,4.735269538759683
2018-05-22 01:00:00,4.61553556053116
2018-05-22 02:00:00,4.860716641312574
2018-05-22 03:00:00,4.694807348807294
2018-05-22 04:00:00,4.814032788176718
2018-05-22 05:00:00,5.164732047731015
2018-05-22 06:00:00,5.082406174177296
2018-05-22 07:00:00,6.017130640435277
2018-05-22 08:00:00,6.564751805401077
2018-05-22 09:00:00,7.543359479974591
2018-05-22 10:00:00,7.338067786630418
2018-05-22 11:00:00,7.070848680144743
2018-05-22 12:00:00,6.716157684961605
2018-05-22 13:00:00,6.652676037847253
2018-05-22 14:00:00,6.885503137324638
2018-05-22 15:00:00,6.473565362702221
2018-05-22 16:00:00,6.31861099245552
2018-05-22 17:00:00,5.730248389664916
2018-05-22 18:00:00,5.862443048450612
2018-05-22 19:00:00,5.330370279129347
2018-05-22 20:00:00,5.182234681711927
2018-05-22 21:00:00,4.867281140146663
2018-05-22 22:00:00,5.294942041259039
2018-05-22 23:00:00,4.869127770593615
2018-05-23 00:00:00,5.741532064480828
2018-05-23 01:00:00,5.52193129616905
2018-05-23 02:00:00,5.691386669227178
2018-05-23 03:00:00,5.4876988478530375
2018-05-23 04:00:00,5.611517290741812
2018-05-23 05:00:00,6.2548746613867205
2018-05-23 06:00:00,6.003986025558778
2018-05-23 07:00:00,7.097413656365909
2018-05-23 08:00:00,7.618113909495547
2018-05-23 09:00:00,8.059443224864665
2018-05-23 10:00:00,8.448996742518986
2018-05-23 11:00:00,8.216298016206043
2018-05-23 12:00:00,7.912637522241159
2018-05-23 13:00:00,7.470427877302324
2018-05-23 14:00:00,8.08444079347792
2018-05-23 15:00:00,7.902419290667399
2018-05-23 16:00:00,7.923642858857218
2018-05-23 17:00:00,7.10123670515367
2018-05-23 18:00:00,6.920670084283304
2018-05-23 19:00:00,6.930312886685284
2018-05-23 20:00:00,5.9508156544866795
2018-05-23 21:00:00,5.683493097978105
2018-05-23 22:00:00,5.978606271437264
2018-05-23 23:00:00,5.8178498216560115
2018-05-24 00:00:00,5.911072840311062
2018-05-24 01:00:00,5.718930316136484
2018-05-24 02:00:00,6.0470893406147175
2018-05-24 03:00:00,5.836160182972798
2018-05-24 04:00:00,6.032231289019439
2018-05-24 05:00:00,6.056473105249119
2018-05-24 06:00:00,6.647630730174335
2018-05-24 07:00:00,7.339936969908444
2018-05-24 08:00:00,8.489101826094915
2018-05-24 09:00:00,8.650200704317388
2018-05-24 10:00:00,9.425918893744308
2018-05-24 11:00:00,8.890723547807426
2018-05-24 12:00:00,8.270280058065271
2018-05-24 13:00:00,8.581700903246618
2018-05-24 14:00:00,8.568179973622406
2018-05-24 15:00:00,8.383910834784475
2018-05-24 16:00:00,8.156321634865854
2018-05-24 17:00:00,7.424167615951363
2018-05-24 18:00:00,6.872190929497291
2018-05-24 19:00:00,6.495208836014361
2018-05-24 20:00:00,6.6358261529328875
2018-05-24 21:00:00,5.945748307381829
2018-05-24 22:00:00,6.2591724360469465
2018-05-24 23:00:00,6.411886706879921
2018-05-25 00:00:00,5.506935822090717
2018-05-25 01:00:00,5.432959392175933
2018-05-25 02:00:00,5.011806651534192
2018-05-25 03:00:00,5.096803837171709
2018-05-25 04:00:00,5.490523177558438
2018-05-25 05:00:00,5.595796429959808
2018-05-25 06:00:00,6.147498236308334
2018-05-25 07:00:00,6.346582980542975
2018-05-25 08:00:00,6.98365650020894
2018-05-25 09:00:00,7.3617557567596235
2018-05-25 10:00:00,8.13725263290797
2018-05-25 11:00:00,7.285860775146463
2018-05-25 12:00:00,7.000204659462005
2018-05-25 13:00:00,7.3186292197384235
2018-05-25 14:00:00,7.327304950524983
2018-05-25 15:00:00,7.252225990979998
2018-05-25 16:00:00,6.672056020855222
2018-05-25 17:00:00,6.579447434149918
2018-05-25 18:00:00,6.318315104558137
2018-05-25 19:00:00,6.010932991449887
2018-05-25 20:00:00,5.522016923346803
2018-05-25 21:00:00,5.47072136801203
2018-05-25 22:00:00,5.671981683583928
2018-05-25 23:00:00,5.187924457684182
2018-05-26 00:00:00,6.452202495992642
2018-05-26 01:00:00,6.805889067426407
2018-05-26 02:00:00,6.392599945012491
2018-05-26 03:00:00,6.494163810626967
2018-05-26 04:00:00,6.235577454127126
2018-05-26 05:00:00,6.473403854142755
2018-05-26 06:00:00,6.2603290162311165
2018-05-26 07:00:00,6.65707566218762
2018-05-26 08:00:00,6.595458607088019
2018-05-26 09:00:00,6.6819996740122924
2018-05-26 10:00:00,7.034832396730274
2018-05-26 11:00:00,6.805559821380144
2018-05-26 12:00:00,6.735841443194983
2018-05-26 13:00:00,6.627478989814668
2018-05-26 14:00:00,6.897093704912001
2018-05-26 15:00:00,6.8601652907883315
2018-05-26 16:00:00,6.722134811529745
2018-05-26 17:00:00,6.3102825070212285
2018-05-26 18:00:00,7.154853583413325
2018-05-26 19:00:00,6.541592492113345
2018-05-26 20:00:00,6.252732566033695
2018-05-26 21:00:00,6.111124000684586
2018-05-26 22:00:00,6.589521826454384
2018-05-26 23:00:00,6.240893791802468
2018-05-27 00:00:00,4.826744188202389
2018-05-27 01:00:00,4.553770369606288
2018-05-27 02:00:00,4.751415733699338
2018-05-27 03:00:00,4.696794841840662
2018-05-27 04:00:00,4.557146092211216
2018-05-27 05:00:00,4.4754726628403025
2018-05-27 06:00:00,4.628697945723209
2018-05-27 07:00:00,4.53948657068225
2018-05-27 08:00:00,4.590443769261524
2018-05-27 09:00:00,4.940038907246615
2018-05-27 10:00:00,5.066584128620374
2018-05-27 11:00:00,4.776578005711961
2018-05-27 12:00:00,4.96067782907881
2018-05-27 13:00:00,4.816883412703551
2018-05-27 14:00:00,4.550367161348707
2018-05-27 15:00:00,4.626115083140386
2018-05-27 16:00:00,4.772421824591031
2018-05-27 17:00:00,4.64781173847549
2018-05-27 18:00:00,4.875087056248815
2018-05-27 19:00:00,4.695937026381864
2018-05-27 20:00:00,4.665301424193319
2018-05-27 21:00:00,4.339566446252814
2018-05-27 22:00:00,4.696734778774478
2018-05-27 23:00:00,5.18573071721129
2018-05-28 00:00:00,4.875930652988165
2018-05-28 01:00:00,4.88790724017185
2018-05-28 02:00:00,4.9276159447923
2018-05-28 03:00:00,4.899024425311994
2018-05-28 04:00:00,5.162281148900203
2018-05-28 05:00:00,5.189086465940687
2018-05-28 06:00:00,5.489560013430968
2018-05-28 07:00:00,6.454470277769306
2018-05-28 08:00:00,7.315304459962236
2018-05-28 09:00:00,7.799909201011574
2018-05-28 10:00:00,7.70666078337834
2018-05-28 11:00:00,7.946528351885847
2018-05-28 12:00:00,7.7270019274107185
2018-05-28 13:00:00,7.907575608189677
2018-05-28 14:00:00,8.000445625759397
2018-05-28 15:00:00,7.949081026193666
2018-05-28 16:00:00,7.20968122759934
2018-05-28 17:00:00,7.094765299393835
2018-05-28 18:00:00,6.273187984934479
2018-05-28 19:00:00,6.024963526988819
2018-05-28 20:00:00,5.659311794424393
2018-05-28 21:00:00,5.3800529410046805
2018-05-28 22:00:00,5.634368040337103
2018-05-28 23:00:00,5.1376985325747135
2018-05-29 00:00:00,5.214947125111052
2018-05-29 01:00:00,5.285669191337847
2018-05-29 02:00:00,4.987580362232639
2018-05-29 03:00:00,4.9059578741425875
2018-05-29 04:00:00,5.343846239413274
2018-05-29 05:00:00,5.284582713249736
2018-05-29 06:00:00,6.096864117064142
2018-05-29 07:00:00,6.471120309793702
2018-05-29 08:00:00,7.693646511416388
2018-05-29 09:00:00,7.9878246580058185
2018-05-29 10:00:00,8.138305107699527
2018-05-29 11:00:00,8.062522379123003
2018-05-29 12:00:00,7.770335216327196
2018-05-29 13:00:00,8.083471690472164
2018-05-29 14:00:00,7.782708795159992
2018-05-29 15:00:00,7.570702273002341
2018-05-29 16:00:00,6.960734499678965
2018-05-29 17:00:00,6.292535197015501
2018-05-29 18:00:00,6.608481501276965
2018-05-29 19:00:00,6.126893604014387
2018-05-29 20:00:00,5.845305512851977
2018-05-29 21:00:00,5.707099648999618
2018-05-29 22:00:00,5.8000096631515285
2018-05-29 23:00:00,5.8189030599462575
2018-05-30 00:00:00,6.073281306994898
2018-05-30 01:00:00,6.072197190828927
2018-05-30 02:00:00,5.538307790574552
2018-05-30 03:00:00,5.808450243970868
2018-05-30 04:00:00,5.828514247396647
2018-05-30 05:00:00,6.3072301244565105
2018-05-30 06:00:00,6.342495814927385
2018-05-30 07:00:00,7.331506601838296
2018-05-30 08:00:00,8.290448094153692
2018-05-30 09:00:00,8.986092398489351
2018-05-30 10:00:00,8.460945023739152
2018-05-30 11:00:00,8.532020250931623
2018-05-30 12:00:00,8.641779466727487
2018-05-30 13:00:00,8.42517084556642
2018-05-30 14:00:00,8.042633320511063
2018-05-30 15:00:00,8.16749817882809
2018-05-30 16:00:00,7.913870883845833
2018-05-30 17:00:00,7.583956970817162
2018-05-30 18:00:00,7.240718081198961
2018-05-30 19:00:00,6.609082591221809
2018-05-30 20:00:00,6.449070935522938
2018-05-30 21:00:00,6.484636942155485
2018-05-30 22:00:00,6.159119873825265
2018-05-30 23:00:00,5.9017526341124835
2018-05-31 00:00:00,6.458983403222797
2018-05-31 01:00:00,6.383642432775678
2018-05-31 02:00:00,6.453761335194419
2018-05-31 03:00:00,5.996285706986394
2018-05-31 04:00:00,6.039773107911353
2018-05-31 05:00:00,6.476274725079194
2018-05-31 06:00:00,6.858081048172783
2018-05-31 07:00:00,7.686575539832488
2018-05-31 08:00:00,8.364848593148913
2018-05-31 09:00:00,8.968259528604065
2018-05-31 10:00:00,9.525973031882858
2018-05-31 11:00:00,9.009385162519026
2018-05-31 12:00:00,9.126925501047335
2018-05-31 13:00:00,8.945073532435996
2018-05-31 14:00:00,8.798640389107176
2018-05-31 15:00:00,9.05482300232758
2018-05-31 16:00:00,8.043829035200693
2018-05-31 17:00:00,7.753996477178655
2018-05-31 18:00:00,7.605301054272986
2018-05-31 19:00:00,7.328759838027705
2018-05-31 20:00:00,6.8381292624692405
2018-05-31 21:00:00,6.160067531879728
2018-05-31 22:00:00,6.7198231481181
2018-05-31 23:00:00,6.268931522006984
2018-06-01 00:00:00,6.481784777545509
2018-06-01 01:00:00,5.913346061248558
2018-06-01 02:00:00,6.081449817074672
2018-06-01 03:00:00,6.527730637795
2018-06-01 04:00:00,6.0714759810311625
2018-06-01 05:00:00,6.51314138831957
2018-06-01 06:00:00,6.751945909240246
2018-06-01 07:00:00,7.453719759971378
2018-06-01 08:00:00,8.207077493888042
2018-06-01 09:00:00,9.072258441818636
2018-06-01 10:00:00,9.344083558224233
2018-06-01 11:00:00,9.01280948352981
2018-06-01 12:00:00,8.568703697311305
2018-06-01 13:00:00,8.337628813596972
2018-06-01 14:00:00,8.93744119311527
2018-06-01 15:00:00,8.586617328202989
2018-06-01 16:00:00,8.467992968205591
2018-06-01 17:00:00,8.040403976206663
2018-06-01 18:00:00,7.236878837598233
2018-06-01 19:00:00,6.672808741791403
2018-06-01 20:00:00,6.459455962418881
2018-06-01 21:00:00,5.966898432052223
2018-06-01 22:00:00,6.543157401258303
2018-06-01 23:00:00,6.27844276895012
2018-06-02 00:00:00,5.6146166243605595
2018-06-02 01:00:00,5.136840473359691
2018-06-02 02:00:00,5.455979522181205
2018-06-02 03:00:00,5.042773048615441
2018-06-02 04:00:00,5.381616111237707
2018-06-02 05:00:00,5.2458326084819555
2018-06-02 06:00:00,5.216583189891017
2018-06-02 07:00:00,5.349886278188759
2018-06-02 08:00:00,5.753480420617432
2018-06-02 09:00:00,5.296172948999717
2018-06-02 10:00:00,5.488587127605021
2018-06-02 11:00:00,5.810641914309177
2018-06-02 12:00:00,5.587888133440951
2018-06-02 13:00:00,5.574087334857341
2018-06-02 14:00:00,5.469428076169317
2018-06-02 15:00:00,5.707574319065981
2018-06-02 16:00:00,5.67245496301426
2018-06-02 17:00:00,5.772961503672952
2018-06-02 18:00:00,5.57260466667209
2018-06-02 19:00:00,5.234733203649814
2018-06-02 20:00:00,5.012423662026638
2018-06-02 21:00:00,5.110154347006718
2018-06-02 22:00:00,5.538746327200909
2018-06-02 23:00:00,5.287348615223403
2018-06-03 00:00:00,5.38238552562137
2018-06-03 01:00:00,5.009240411715013
2018-06-03 02:00:00,4.630624655891839
2018-06-03 03:00:00,4.891773550856061
2018-06-03 04:00:00,5.390627912102399
2018-06-03 05:00:00,5.084427017092812
2018-06-03 06:00:00,4.915475627729601
2018-06-03 07:00:00,4.881704165207069
2018-06-03 08:00:00,4.9943822338103585
2018-06-03 09:00:00,5.351090364036082
2018-06-03 10:00:00,5.232200095924145
2018-06-03 11:00:00,5.537510087300224
2018-06-03 12:00:00,5.420772577490533
2018-06-03 13:00:00,5.261794838985056
2018-06-03 14:00:00,5.524588308812409
2018-06-03 15:00:00,5.1003766258148255
2018-06-03 16:00:00,5.2498018304172485
2018-06-03 17:00:00,5.099046423454777
2018-06-03 18:00:00,5.342746184955168
2018-06-03 19:00:00,5.033644696087491
2018-06-03 20:00:00,5.1093406476056495
2018-06-03 21:00:00,4.961214465736243
2018-06-03 22:00:00,5.410299100912769
2018-06-03 23:00:00,5.102222421478335
2018-06-04 00:00:00,4.4510778454000475
2018-06-04 01:00:00,4.565272986115786
2018-06-04 02:00:00,4.397032609815657
2018-06-04 03:00:00,4.365415551982339
2018-06-04 04:00:00,4.541528562849665
2018-06-04 05:00:00,5.053823928130726
2018-06-04 06:00:00,5.304204337462627
2018-06-04 07:00:00,5.732128426412739
2018-06-04 08:00:00,6.607076097909905
2018-06-04 09:00:00,6.97771847591108
2018-06-04 10:00:00,7.060188921112724
2018-06-04 11:00:00,7.149016944986677
2018-06-04 12:00:00,7.207081835033802
2018-06-04 13:00:00,7.248170330743917
2018-06-04 14:00:00,6.967648783344172
2018-06-04 15:00:00,6.312259717885163
2018-06-04 16:00:00,6.774082083011008
2018-06-04 17:00:00,6.561991563662876
2018-06-04 18:00:00,6.142228657933012
2018-06-04 19:00:00,5.3357199635964685
2018-06-04 20:00:00,5.007460041294831
2018-06-04 21:00:00,4.8255550470211235
2018-06-04 22:00:00,5.130168124127936
2018-06-04 23:00:00,5.00714465777623
2018-06-05 00:00:00,4.97879325119136
2018-06-05 01:00:00,4.97320840028337
2018-06-05 02:00:00,5.166623280450939
2018-06-05 03:00:00,5.304453401831824
2018-06-05 04:00:00,5.169844675081082
2018-06-05 05:00:00,5.315131631606429
2018-06-05 06:00:00,5.603975163710262
2018-06-05 07:00:00,6.073035752235516
2018-06-05 08:00:00,7.020527841979094
2018-06-05 09:00:00,7.42206141911107
2018-06-05 10:00:00,7.852636225932495
2018-06-05 11:00:00,7.551842713946155
2018-06-05 12:00:00,7.35117145844678
2018-06-05 13:00:00,7.058122038904726
2018-06-05 14:00:00,7.482977772254149
2018-06-05 15:00:00,7.049016375460832
2018-06-05 16:00:00,7.091555160849489
2018-06-05 17:00:00,6.580760837449413
2018-06-05 18:00:00,6.6383547046136275
2018-06-05 19:00:00,5.887590066791096
2018-06-05 20:00:00,5.712261581618337
2018-06-05 21:00:00,5.1631932358933
2018-06-05 22:00:00,5.363776409087278
2018-06-05 23:00:00,5.101675709214611
2018-06-06 00:00:00,5.995753726136003
2018-06-06 01:00:00,5.64694049739416
2018-06-06 02:00:00,5.882340058256454
2018-06-06 03:00:00,5.621647074129389
2018-06-06 04:00:00,5.8299398586413895
2018-06-06 05:00:00,5.997716247710963
2018-06-06 06:00:00,6.281339213828706
2018-06-06 07:00:00,6.957529355918821
2018-06-06 08:00:00,8.26567859789514
2018-06-06 09:00:00,9.246306673492736
2018-06-06 10:00:00,9.094081545334573
2018-06-06 11:00:00,8.623951070517094
2018-06-06 12:00:00,7.967119382025991
2018-06-06 13:00:00,8.34075631234179
2018-06-06 14:00:00,8.505516657478664
2018-06-06 15:00:00,9.237114207971482
2018-06-06 16:00:00,8.379269223549997
2018-06-06 17:00:00,7.556708323227754
2018-06-06 18:00:00,7.288730851011856
2018-06-06 19:00:00,7.399494954087917
2018-06-06 20:00:00,6.467142000513932
2018-06-06 21:00:00,6.076810066064013
2018-06-06 22:00:00,6.513930741844219
2018-06-06 23:00:00,6.284399533243075
2018-06-07 00:00:00,5.586409882856996
2018-06-07 01:00:00,5.904644153658443
2018-06-07 02:00:00,5.623647131256148
2018-06-07 03:00:00,5.573991136725315
2018-06-07 04:00:00,5.577084020782996
2018-06-07 05:00:00,5.960691124553052
2018-06-07 06:00:00,6.3637178850900105
2018-06-07 07:00:00,6.88579274116816
2018-06-07 08:00:00,8.20043748940297
2018-06-07 09:00:00,8.546532637461073
2018-06-07 10:00:00,8.573046238813207
2018-06-07 11:00:00,8.8146992997714
2018-06-07 12:00:00,8.100816760474528
2018-06-07 13:00:00,9.083878313914838
2018-06-07 14:00:00,8.62368389973759
2018-06-07 15:00:00,8.345335884327278
2018-06-07 16:00:00,7.770603991428782
2018-06-07 17:00:00,7.686443024019826
2018-06-07 18:00:00,7.010912515007219
2018-06-07 19:00:00,7.262158235224224
2018-06-07 20:00:00,6.662944806775423
2018-06-07 21:00:00,6.225844374951028
2018-06-07 22:00:00,6.717637067914593
2018-06-07 23:00:00,5.750009821008796
2018-06-08 00:00:00,5.520357635497226
2018-06-08 01:00:00,5.426778844861387
2018-06-08 02:00:00,5.37709471019146
2018-06-08 03:00:00,5.057866647815772
2018-06-08 04:00:00,5.713983460921359
2018-06-08 05:00:00,5.6117973614911465
2018-06-08 06:00:00,5.840910626316036
2018-06-08 07:00:00,6.535665320902063
2018-06-08 08:00:00,8.016532703560806
2018-06-08 09:00:00,8.368747794431414
2018-06-08 10:00:00,8.162251669946556
2018-06-08 11:00:00,8.285936126158202
2018-06-08 12:00:00,8.73157814698065
2018-06-08 13:00:00,7.94542355487474
2018-06-08 14:00:00,7.9815136191679406
2018-06-08 15:00:00,7.73663275105326
2018-06-08 16:00:00,7.243626899873281
2018-06-08 17:00:00,7.36749859740399
2018-06-08 18:00:00,6.7320069597038
2018-06-08 19:00:00,6.333257528196995
2018-06-08 20:00:00,5.884642591850571
2018-06-08 21:00:00,5.580085763076673
2018-06-08 22:00:00,5.707323721757595
2018-06-08 23:00:00,5.54079993915624
2018-06-09 00:00:00,6.271094221010027
2018-06-09 01:00:00,6.213685271714526
2018-06-09 02:00:00,6.038796177530727
2018-06-09 03:00:00,5.745186698826978
2018-06-09 04:00:00,5.963405784906539
2018-06-09 05:00:00,5.817405621366368
2018-06-09 06:00:00,5.574417915026231
2018-06-09 07:00:00,5.83458614828502
2018-06-09 08:00:00,6.116126546751225
2018-06-09 09:00:00,6.184122833282893
2018-06-09 10:00:00,6.473978426880154
2018-06-09 11:00:00,6.313378864122812
2018-06-09 12:00:00,6.547397738674801
2018-06-09 13:00:00,6.207068229330698
2018-06-09 14:00:00,6.522583921430822
2018-06-09 15:00:00,5.938706519005525
2018-06-09 16:00:00,6.348816539723345
2018-06-09 17:00:00,6.131038674435569
2018-06-09 18:00:00,5.998352354427915
2018-06-09 19:00:00,6.3937394761254875
2018-06-09 20:00:00,6.008321227583523
2018-06-09 21:00:00,5.511268709983943
2018-06-09 22:00:00,6.246702791371701
2018-06-09 23:00:00,5.67547866656485
2018-06-10 00:00:00,5.130554668304582
2018-06-10 01:00:00,5.130922297143829
2018-06-10 02:00:00,5.070891958541633
2018-06-10 03:00:00,4.870200662459301
2018-06-10 04:00:00,4.599528066557695
2018-06-10 05:00:00,4.838879590285478
2018-06-10 06:00:00,4.560702941163989
2018-06-10 07:00:00,4.9499632094429264
2018-06-10 08:00:00,4.936661615462269
2018-06-10 09:00:00,4.886653085543424
2018-06-10 10:00:00,5.064569933385124
2018-06-10 11:00:00,5.124800216327036
2018-06-10 12:00:00,5.011074626638573
2018-06-10 13:00:00,5.032225296734877
2018-06-10 14:00:00,4.815508040194911
2018-06-10 15:00:00,5.311914763596539
2018-06-10 16:00:00,4.941101461404772
2018-06-10 17:00:00,5.11890910287274
2018-06-10 18:00:00,5.176617948203192
2018-06-10 19:00:00,5.180295272005678
2018-06-10 20:00:00,5.083051790945101
2018-06-10 21:00:00,4.770449716935345
2018-06-10 22:00:00,4.944635734555163
2018-06-10 23:00:00,4.984889579554925
2018-06-11 00:00:00,5.59626577314296
2018-06-11 01:00:00,5.7182265682303575
2018-06-11 02:00:00,6.011035898807491
2018-06-11 03:00:00,5.653872778403568
2018-06-11 04:00:00,5.977463828527914
2018-06-11 05:00:00,6.313469997532783
2018-06-11 06:00:00,6.625580566281206
2018-06-11 07:00:00,7.633732615071442
2018-06-11 08:00:00,8.624790816269048
2018-06-11 09:00:00,9.153103939644552
2018-06-11 10:00:00,8.87159181545381
2018-06-11 11:00:00,9.06847821118247
2018-06-11 12:00:00,8.666661518244357
2018-06-11 13:00:00,9.43893336750106
2018-06-11 14:00:00,8.948965162168228
2018-06-11 15:00:00,8.99511902996558
2018-06-11 16:00:00,8.482222084162258
2018-06-11 17:00:00,8.623174888873613
2018-06-11 18:00:00,8.184785603100009
2018-06-11 19:00:00,7.346744804878256
2018-06-11 20:00:00,6.955793724360478
2018-06-11 21:00:00,6.397210152089512
2018-06-11 22:00:00,6.783290151122023
2018-06-11 23:00:00,6.889859532799232
2018-06-12 00:00:00,5.563223567848588
2018-06-12 01:00:00,5.125437346640339
2018-06-12 02:00:00,5.363253205501421
2018-06-12 03:00:00,5.313615576095417
2018-06-12 04:00:00,5.478325063267175
2018-06-12 05:00:00,5.404104139027954
2018-06-12 06:00:00,5.984724242373927
2018-06-12 07:00:00,6.6757913222397915
2018-06-12 08:00:00,7.7488048590751335
2018-06-12 09:00:00,8.17219567349006
2018-06-12 10:00:00,8.48518011944824
2018-06-12 11:00:00,8.332483714411534
2018-06-12 12:00:00,8.180012234127233
2018-06-12 13:00:00,7.998152147153618
2018-06-12 14:00:00,8.00029813410333
2018-06-12 15:00:00,8.134512103759194
2018-06-12 16:00:00,8.190010244947995
2018-06-12 17:00:00,7.783527189681499
2018-06-12 18:00:00,7.013198573380647
2018-06-12 19:00:00,6.6392184951513915
2018-06-12 20:00:00,6.269193300755317
2018-06-12 21:00:00,5.774439008204186
2018-06-12 22:00:00,6.145433194033855
2018-06-12 23:00:00,5.520458147167513
2018-06-13 00:00:00,5.973888256751895
2018-06-13 01:00:00,6.042721994175468
2018-06-13 02:00:00,6.284477386276355
2018-06-13 03:00:00,6.0468769512035525
2018-06-13 04:00:00,6.21065119691157
2018-06-13 05:00:00,6.326402375649134
2018-06-13 06:00:00,6.820648555251524
2018-06-13 07:00:00,7.5542033100368835
2018-06-13 08:00:00,8.189214517522771
2018-06-13 09:00:00,8.49828903815287
2018-06-13 10:00:00,8.762501980676305
2018-06-13 11:00:00,9.166761121688534
2018-06-13 12:00:00,8.964495490900052
2018-06-13 13:00:00,8.993988907604413
2018-06-13 14:00:00,9.07223258406022
2018-06-13 15:00:00,9.012696457829582
2018-06-13 16:00:00,8.664189634089293
2018-06-13 17:00:00,8.090176293953013
2018-06-13 18:00:00,8.044765204578436
2018-06-13 19:00:00,7.48393032798917
2018-06-13 20:00:00,7.112472978448467
2018-06-13 21:00:00,6.187161474025078
2018-06-13 22:00:00,6.404101957621006
2018-06-13 23:00:00,6.668162123903315
2018-06-14 00:00:00,6.008071170340062
2018-06-14 01:00:00,5.70284497150781
2018-06-14 02:00:00,5.77478589413205
2018-06-14 03:00:00,5.745467772993212
2018-06-14 04:00:00,5.676090292086531
2018-06-14 05:00:00,5.90837537355434
2018-06-14 06:00:00,5.990667552177613
2018-06-14 07:00:00,7.241614418689414
2018-06-14 08:00:00,8.018128535108037
2018-06-14 09:00:00,8.63005315172238
2018-06-14 10:00:00,9.018032251768346
2018-06-14 11:00:00,8.664710628155682
2018-06-14 12:00:00,8.39236307693818
2018-06-14 13:00:00,8.85394630499299
2018-06-14 14:00:00,9.262571711088952
2018-06-14 15:00:00,8.281705658608184
2018-06-14 16:00:00,8.66585817820008
2018-06-14 17:00:00,8.074007133241626
2018-06-14 18:00:00,7.801634280181872
2018-06-14 19:00:00,7.012765020353856
2018-06-14 20:00:00,6.82235182539832
2018-06-14 21:00:00,6.419323145389698
2018-06-14 22:00:00,6.580742692572233
2018-06-14 23:00:00,6.249601105687871
2018-06-15 00:00:00,6.6113013487778876
2018-06-15 01:00:00,6.136513222492705
2018-06-15 02:00:00,6.232287516840779
2018-06-15 03:00:00,5.944850191437812
2018-06-15 04:00:00,6.090512946002447
2018-06-15 05:00:00,6.4537968743796625
2018-06-15 06:00:00,6.635677543097926
2018-06-15 07:00:00,7.563552501336836
2018-06-15 08:00:00,8.24097774620959
2018-06-15 09:00:00,8.809907293903832
2018-06-15 10:00:00,9.41298495933502
2018-06-15 11:00:00,9.486889719910176
2018-06-15 12:00:00,8.88100686397758
2018-06-15 13:00:00,8.87527891574611
2018-06-15 14:00:00,8.760371542738868
2018-06-15 15:00:00,8.27083135011677
2018-06-15 16:00:00,8.230869703403576
2018-06-15 17:00:00,7.735789666672253
2018-06-15 18:00:00,7.855047492243612
2018-06-15 19:00:00,7.118763036230292
2018-06-15 20:00:00,6.536502282585156
2018-06-15 21:00:00,6.5065584070042854
2018-06-15 22:00:00,6.064578684200605
2018-06-15 23:00:00,6.017883038947603
2018-06-16 00:00:00,5.687597621885752
2018-06-16 01:00:00,5.449512638949527
2018-06-16 02:00:00,5.076890735760796
2018-06-16 03:00:00,5.358380770403909
2018-06-16 04:00:00,5.110117992259929
2018-06-16 05:00:00,4.906958653328281
2018-06-16 06:00:00,4.801867826576575
2018-06-16 07:00:00,4.958816471059655
2018-06-16 08:00:00,5.1267877062328004
2018-06-16 09:00:00,5.716007897099341
2018-06-16 10:00:00,5.830535065465745
2018-06-16 11:00:00,5.971442255552644
2018-06-16 12:00:00,5.592337322240441
2018-06-16 13:00:00,5.777576554713138
2018-06-16 14:00:00,5.770062949310934
2018-06-16 15:00:00,5.614912536138673
2018-06-16 16:00:00,5.619908907232411
2018-06-16 17:00:00,5.746979195691154
2018-06-16 18:00:00,5.356114197774879
2018-06-16 19:00:00,5.69352652380141
2018-06-16 20:00:00,4.989324338797321
2018-06-16 21:00:00,4.96913454509283
2018-06-16 22:00:00,5.224594713254669
2018-06-16 23:00:00,5.256099331997548
2018-06-17 00:00:00,4.608574889333367
2018-06-17 01:00:00,4.392034607577346
2018-06-17 02:00:00,4.6180571033461435
2018-06-17 03:00:00,4.4720640500526105
2018-06-17 04:00:00,4.392646710804576
2018-06-17 05:00:00,4.363994289896403
2018-06-17 06:00:00,4.272714785241081
2018-06-17 07:00:00,3.9805210387635417
2018-06-17 08:00:00,4.073763976865655
2018-06-17 09:00:00,4.442296036856725
2018-06-17 10:00:00,4.5482481013563385
2018-06-17 11:00:00,4.415183555776287
2018-06-17 12:00:00,4.388022995581415
2018-06-17 13:00:00,4.410743376259677
2018-06-17 14:00:00,4.764016856158786
2018-06-17 15:00:00,4.415105109483604
2018-06-17 16:00:00,4.545116489599467
2018-06-17 17:00:00,4.7542938757741435
2018-06-17 18:00:00,4.673818526129488
2018-06-17 19:00:00,4.3028378354593455
2018-06-17 20:00:00,4.5597869440883585
2018-06-17 21:00:00,4.362067533865889
2018-06-17 22:00:00,4.420297569045363
2018-06-17 23:00:00,4.712618543091565
2018-06-18 00:00:00,4.994348388612934
2018-06-18 01:00:00,4.990551709222299
2018-06-18 02:00:00,4.796648931077527
2018-06-18 03:00:00,4.961271689996446
2018-06-18 04:00:00,5.159411018556845
2018-06-18 05:00:00,5.156264180608266
2018-06-18 06:00:00,5.506492861887128
2018-06-18 07:00:00,6.026495888172205
2018-06-18 08:00:00,7.130787633581287
2018-06-18 09:00:00,7.759166046102121
2018-06-18 10:00:00,8.02870496257374
2018-06-18 11:00:00,8.411027798706538
2018-06-18 12:00:00,7.844423270637785
2018-06-18 13:00:00,7.686056314321914
2018-06-18 14:00:00,7.781185408707851
2018-06-18 15:00:00,7.579955862135585
2018-06-18 16:00:00,7.343980206917201
2018-06-18 17:00:00,7.092657476937859
2018-06-18 18:00:00,6.676287690174301
2018-06-18 19:00:00,6.4212600637028485
2018-06-18 20:00:00,5.93274191078758
2018-06-18 21:00:00,5.6391495803986516
2018-06-18 22:00:00,5.5011453720831485
2018-06-18 23:00:00,5.338151706061288
2018-06-19 00:00:00,5.378988469857209
2018-06-19 01:00:00,5.2466083604924
2018-06-19 02:00:00,4.720468134434239
2018-06-19 03:00:00,5.026069422819937
2018-06-19 04:00:00,4.781985527042854
2018-06-19 05:00:00,5.615497074235731
2018-06-19 06:00:00,5.297240136679422
2018-06-19 07:00:00,6.473864542208756
2018-06-19 08:00:00,7.213357385622611
2018-06-19 09:00:00,7.5484264902759195
2018-06-19 10:00:00,7.75261212733379
2018-06-19 11:00:00,7.595261307024411
2018-06-19 12:00:00,7.535959536481856
2018-06-19 13:00:00,7.839980386057199
2018-06-19 14:00:00,7.61479801772183
2018-06-19 15:00:00,7.538556591086636
2018-06-19 16:00:00,7.272619279443384
2018-06-19 17:00:00,6.662531369869412
2018-06-19 18:00:00,6.267376450351093
2018-06-19 19:00:00,5.763532673270316
2018-06-19 20:00:00,5.73473791718445
2018-06-19 21:00:00,5.221067637920214
2018-06-19 22:00:00,5.474378473354952
2018-06-19 23:00:00,5.317651690826295
2018-06-20 00:00:00,4.976624860266626
2018-06-20 01:00:00,4.851843658119777
2018-06-20 02:00:00,4.894033760246336
2018-06-20 03:00:00,4.843618896228002
2018-06-20 04:00:00,4.722964032197972
2018-06-20 05:00:00,4.811525739165529
2018-06-20 06:00:00,5.287508536797551
2018-06-20 07:00:00,6.116978723271568
2018-06-20 08:00:00,6.508715769224854
2018-06-20 09:00:00,7.2109886622678445
2018-06-20 10:00:00,7.04748828322897
2018-06-20 11:00:00,7.185377330876962
2018-06-20 12:00:00,6.995361181361886
2018-06-20 13:00:00,6.921493217032738
2018-06-20 14:00:00,7.272827104712516
2018-06-20 15:00:00,6.8651020671754575
2018-06-20 16:00:00,6.719825294261082
2018-06-20 17:00:00,6.33068622421335
2018-06-20 18:00:00,6.217647213351618
2018-06-20 19:00:00,6.105617285780771
2018-06-20 20:00:00,5.524802949744429
2018-06-20 21:00:00,5.127950725027095
2018-06-20 22:00:00,5.458189647157416
2018-06-20 23:00:00,5.175933710281762
2018-06-21 00:00:00,5.332628798360327
2018-06-21 01:00:00,5.4981398742657595
2018-06-21 02:00:00,5.3504326678106775
2018-06-21 03:00:00,5.044859805481352
2018-06-21 04:00:00,5.480926180004507
2018-06-21 05:00:00,5.710868737587122
2018-06-21 06:00:00,5.6176594396816295
2018-06-21 07:00:00,6.594062426105742
2018-06-21 08:00:00,7.324148752572929
2018-06-21 09:00:00,8.105463792776895
2018-06-21 10:00:00,8.414730433960237
2018-06-21 11:00:00,8.046112082522615
2018-06-21 12:00:00,7.8816329229118915
2018-06-21 13:00:00,7.593357811770624
2018-06-21 14:00:00,7.717225092458021
2018-06-21 15:00:00,7.6253561038654905
2018-06-21 16:00:00,7.587156226228089
2018-06-21 17:00:00,7.199568257108658
2018-06-21 18:00:00,6.532692743475024
2018-06-21 19:00:00,6.379763954570623
2018-06-21 20:00:00,5.8312940935650195
2018-06-21 21:00:00,5.433972053669779
2018-06-21 22:00:00,5.577219981608428
2018-06-21 23:00:00,5.875062941624119
2018-06-22 00:00:00,5.999878198884055
2018-06-22 01:00:00,6.144550322276116
2018-06-22 02:00:00,6.038417422044333
2018-06-22 03:00:00,6.227918736498821
2018-06-22 04:00:00,6.123500832006882
2018-06-22 05:00:00,6.334799050415749
2018-06-22 06:00:00,6.444856145112794
2018-06-22 07:00:00,7.585004531579026
2018-06-22 08:00:00,8.917478912833095
2018-06-22 09:00:00,8.479356370306686
2018-06-22 10:00:00,8.89558628204068
2018-06-22 11:00:00,8.712089387597503
2018-06-22 12:00:00,8.652996294779346
2018-06-22 13:00:00,8.653068682324461
2018-06-22 14:00:00,8.852768198878021
2018-06-22 15:00:00,8.069858865407612
2018-06-22 16:00:00,7.936480147492708
2018-06-22 17:00:00,7.573971792089841
2018-06-22 18:00:00,7.343880953799919
2018-06-22 19:00:00,6.536005733001742
2018-06-22 20:00:00,6.308670398949963
2018-06-22 21:00:00,6.042676485870964
2018-06-22 22:00:00,6.3291255641142685
2018-06-22 23:00:00,6.01054151530933
2018-06-23 00:00:00,4.862220688181757
2018-06-23 01:00:00,4.84765900087611
2018-06-23 02:00:00,4.711950924515931
2018-06-23 03:00:00,4.688438192942108
2018-06-23 04:00:00,4.444233150409827
2018-06-23 05:00:00,4.889372695994993
2018-06-23 06:00:00,4.535836875070687
2018-06-23 07:00:00,4.851498861978721
2018-06-23 08:00:00,4.825038166228016
2018-06-23 09:00:00,5.288604501006983
2018-06-23 10:00:00,5.230085385190732
2018-06-23 11:00:00,5.146014486686282
2018-06-23 12:00:00,5.21977629871651
2018-06-23 13:00:00,5.105282348687548
2018-06-23 14:00:00,5.166779194020297
2018-06-23 15:00:00,5.009725258439746
2018-06-23 16:00:00,4.707179749799076
2018-06-23 17:00:00,5.108291143248544
2018-06-23 18:00:00,5.066902942902075
2018-06-23 19:00:00,4.7182128169053055
2018-06-23 20:00:00,4.7597402949624525
2018-06-23 21:00:00,4.48994175222094
2018-06-23 22:00:00,4.93638961013819
2018-06-23 23:00:00,4.974003048369629
2018-06-24 00:00:00,6.2762567928268895
2018-06-24 01:00:00,5.653566627838203
2018-06-24 02:00:00,5.832350346927416
2018-06-24 03:00:00,5.8595208402415535
2018-06-24 04:00:00,6.033028379072577
2018-06-24 05:00:00,5.581263772482902
2018-06-24 06:00:00,5.31820508991489
2018-06-24 07:00:00,5.6374175072513895
2018-06-24 08:00:00,5.941159676381931
2018-06-24 09:00:00,5.92609851680139
2018-06-24 10:00:00,5.76599227734506
2018-06-24 11:00:00,6.095165788320411
2018-06-24 12:00:00,6.078934497248337
2018-06-24 13:00:00,6.136100283527331
2018-06-24 14:00:00,5.654879834968687
2018-06-24 15:00:00,6.100798600494349
2018-06-24 16:00:00,6.14614426661555
2018-06-24 17:00:00,5.787006460969193
2018-06-24 18:00:00,5.842810543824776
2018-06-24 19:00:00,5.841862695118842
2018-06-24 20:00:00,5.536204299583819
2018-06-24 21:00:00,6.14016941848567
2018-06-24 22:00:00,6.044215276832511
2018-06-24 23:00:00,5.972772537281762
2018-06-25 00:00:00,5.415530568013921
2018-06-25 01:00:00,5.17725865523255
2018-06-25 02:00:00,5.264890889587939
2018-06-25 03:00:00,4.803247336988726
2018-06-25 04:00:00,5.315715629648061
2018-06-25 05:00:00,5.620134823638737
2018-06-25 06:00:00,5.818017373313
2018-06-25 07:00:00,6.360875940210503
2018-06-25 08:00:00,7.426422431864766
2018-06-25 09:00:00,7.659036933931171
2018-06-25 10:00:00,8.43546750252726
2018-06-25 11:00:00,7.94061082865349
2018-06-25 12:00:00,7.504433429554231
2018-06-25 13:00:00,7.9329820838938705
2018-06-25 14:00:00,7.882531298592786
2018-06-25 15:00:00,7.851257453879634
2018-06-25 16:00:00,8.11442204667275
2018-06-25 17:00:00,7.539194996142455
2018-06-25 18:00:00,6.640858163362968
2018-06-25 19:00:00,6.227031483007017
2018-06-25 20:00:00,5.8722611453127564
2018-06-25 21:00:00,5.801781126496844
2018-06-25 22:00:00,5.667896241330057
2018-06-25 23:00:00,5.669899573150462
2018-06-26 00:00:00,6.01049123950356
2018-06-26 01:00:00,6.198499121036732
2018-06-26 02:00:00,5.955732560553145
2018-06-26 03:00:00,5.74041461978182
2018-06-26 04:00:00,5.833791437612356
2018-06-26 05:00:00,5.807750567287524
2018-06-26 06:00:00,6.080425773149442
2018-06-26 07:00:00,6.904005898360128
2018-06-26 08:00:00,8.174426978737612
2018-06-26 09:00:00,8.42001847604907
2018-06-26 10:00:00,8.629273198236604
2018-06-26 11:00:00,9.209885952514364
2018-06-26 12:00:00,8.262620238645946
2018-06-26 13:00:00,8.597669098998452
2018-06-26 14:00:00,8.34557376115418
2018-06-26 15:00:00,8.54686364198357
2018-06-26 16:00:00,8.25435627384821
2018-06-26 17:00:00,7.5831158181541465
2018-06-26 18:00:00,7.114267506588683
2018-06-26 19:00:00,6.729830659081273
2018-06-26 20:00:00,6.1035994387124735
2018-06-26 21:00:00,6.281708419433234
2018-06-26 22:00:00,6.3728535256120455
2018-06-26 23:00:00,6.612558834071367
2018-06-27 00:00:00,5.928610310343914
2018-06-27 01:00:00,6.046726468797137
2018-06-27 02:00:00,6.0118798056685305
2018-06-27 03:00:00,6.020984723579978
2018-06-27 04:00:00,5.861367735411548
2018-06-27 05:00:00,6.140940100514817
2018-06-27 06:00:00,6.514281866794791
2018-06-27 07:00:00,6.865125692635496
2018-06-27 08:00:00,7.758833944119021
2018-06-27 09:00:00,8.496373889801957
2018-06-27 10:00:00,9.085041755970416
2018-06-27 11:00:00,9.123973546011726
2018-06-27 12:00:00,7.950101028984906
2018-06-27 13:00:00,8.801939206399942
2018-06-27 14:00:00,8.950657016795622
2018-06-27 15:00:00,8.983942680150035
2018-06-27 16:00:00,8.17701159060592
2018-06-27 17:00:00,7.933567231440041
2018-06-27 18:00:00,7.59009746314643
2018-06-27 19:00:00,7.623097154513799
2018-06-27 20:00:00,6.5831688979037315
2018-06-27 21:00:00,6.398359341438964
2018-06-27 22:00:00,6.39857221928591
2018-06-27 23:00:00,6.140912532831736
2018-06-28 00:00:00,6.022598028939318
2018-06-28 01:00:00,5.645930431858889
2018-06-28 02:00:00,6.179782749295711
2018-06-28 03:00:00,5.724344271778635
2018-06-28 04:00:00,5.890545303224437
2018-06-28 05:00:00,6.03693583592418
2018-06-28 06:00:00,6.302200835695243
2018-06-28 07:00:00,6.74882591219814
2018-06-28 08:00:00,7.593767132709989
2018-06-28 09:00:00,8.95297793056878
2018-06-28 10:00:00,9.45140735960666
2018-06-28 11:00:00,8.780156482500065
2018-06-28 12:00:00,8.718195229483072
2018-06-28 13:00:00,8.630164311175145
2018-06-28 14:00:00,9.355097130570357
2018-06-28 15:00:00,8.79796849983696
2018-06-28 16:00:00,8.786659130906244
2018-06-28 17:00:00,8.34532538102168
2018-06-28 18:00:00,7.638392471435343
2018-06-28 19:00:00,6.967389848725723
2018-06-28 20:00:00,6.297899077133722
2018-06-28 21:00:00,6.058595022257435
2018-06-28 22:00:00,6.420960363244929
2018-06-28 23:00:00,6.340322344853432
2018-06-29 00:00:00,7.136832101587251
2018-06-29 01:00:00,6.682852636925299
2018-06-29 02:00:00,7.060595146818242
2018-06-29 03:00:00,6.668450101434668
2018-06-29 04:00:00,6.4246465234625445
2018-06-29 05:00:00,6.974334491710843
2018-06-29 06:00:00,7.479065634751367
2018-06-29 07:00:00,8.03426664781803
2018-06-29 08:00:00,9.233063362766764
2018-06-29 09:00:00,9.29521178657428
2018-06-29 10:00:00,10.330403794389412
2018-06-29 11:00:00,10.000327128765246
2018-06-29 12:00:00,9.172798749679421
2018-06-29 13:00:00,9.412187328377641
2018-06-29 14:00:00,9.607946816351427
2018-06-29 15:00:00,9.227511289611991
2018-06-29 16:00:00,8.91279146120112
2018-06-29 17:00:00,9.129285641818644
2018-06-29 18:00:00,8.547297982999435
2018-06-29 19:00:00,7.683634849529625
2018-06-29 20:00:00,7.496280017532656
2018-06-29 21:00:00,6.655609833477749
2018-06-29 22:00:00,6.947527604223125
2018-06-29 23:00:00,6.839293974054093
2018-06-30 00:00:00,5.761741266529502
2018-06-30 01:00:00,5.913827609986598
2018-06-30 02:00:00,5.273183032368637
2018-06-30 03:00:00,5.466257781890495
2018-06-30 04:00:00,5.660205102367907
2018-06-30 05:00:00,5.693571329220793
2018-06-30 06:00:00,5.607416770567095
2018-06-30 07:00:00,5.630850063720206
2018-06-30 08:00:00,5.996405458241377
2018-06-30 09:00:00,5.90634795888956
2018-06-30 10:00:00,6.071806229696779
2018-06-30 11:00:00,6.03150098452759
2018-06-30 12:00:00,6.067842074947767
2018-06-30 13:00:00,5.900700208806456
2018-06-30 14:00:00,6.025198637092878
2018-06-30 15:00:00,5.937032160860742
2018-06-30 16:00:00,5.518035492154051
2018-06-30 17:00:00,5.817818019057625
2018-06-30 18:00:00,5.769260650189513
2018-06-30 19:00:00,5.699807881421631
2018-06-30 20:00:00,5.341314554629947
2018-06-30 21:00:00,5.42001670971852
2018-06-30 22:00:00,5.5012483903498675
2018-06-30 23:00:00,5.69234598541501
2018-07-01 00:00:00,5.128487613560949
2018-07-01 01:00:00,4.881422944555544
2018-07-01 02:00:00,4.669683779778983
2018-07-01 03:00:00,4.72318098870173
2018-07-01 04:00:00,4.433033114834545
2018-07-01 05:00:00,4.642200110471181
2018-07-01 06:00:00,4.272435990391092
2018-07-01 07:00:00,4.449475214518296
2018-07-01 08:00:00,4.668059184567774
2018-07-01 09:00:00,4.7998925956085055
2018-07-01 10:00:00,5.022034055655101
2018-07-01 11:00:00,4.730894526492721
2018-07-01 12:00:00,5.099991968647766
2018-07-01 13:00:00,4.966400702335188
2018-07-01 14:00:00,5.000448425551235
2018-07-01 15:00:00,4.970195710513716
2018-07-01 16:00:00,5.012299137465958
2018-07-01 17:00:00,5.031792701545601
2018-07-01 18:00:00,4.827224113482802
2018-07-01 19:00:00,4.865369550993176
2018-07-01 20:00:00,5.024252669991475
2018-07-01 21:00:00,4.809568881036245
2018-07-01 22:00:00,5.176014625231642
2018-07-01 23:00:00,4.9887488437915675
2018-07-02 00:00:00,4.9376459851676895
2018-07-02 01:00:00,4.658521220815061
2018-07-02 02:00:00,4.611915798901531
2018-07-02 03:00:00,4.89712626337111
2018-07-02 04:00:00,4.616039968097553
2018-07-02 05:00:00,5.000016627012725
2018-07-02 06:00:00,5.394167505850652
2018-07-02 07:00:00,5.8320695615295435
2018-07-02 08:00:00,6.92805295150386
2018-07-02 09:00:00,7.494504432313916
2018-07-02 10:00:00,7.242686740990867
2018-07-02 11:00:00,7.577357522943394
2018-07-02 12:00:00,7.590777505581269
2018-07-02 13:00:00,7.5472827213055025
2018-07-02 14:00:00,8.097218076078116
2018-07-02 15:00:00,7.393816325207143
2018-07-02 16:00:00,7.2306891306157794
2018-07-02 17:00:00,7.023687206615647
2018-07-02 18:00:00,6.529648993721678
2018-07-02 19:00:00,5.872459064150411
2018-07-02 20:00:00,6.105460692387783
2018-07-02 21:00:00,5.674418358768824
2018-07-02 22:00:00,5.4198745572745946
2018-07-02 23:00:00,5.247636862322988
2018-07-03 00:00:00,4.960543081873319
2018-07-03 01:00:00,4.9932917802720285
2018-07-03 02:00:00,5.048521259194154
2018-07-03 03:00:00,4.898456033654164
2018-07-03 04:00:00,4.700096850483074
2018-07-03 05:00:00,5.019782788202393
2018-07-03 06:00:00,5.429294596004891
2018-07-03 07:00:00,6.3251212616667445
2018-07-03 08:00:00,6.299281535403742
2018-07-03 09:00:00,7.1478391073203085
2018-07-03 10:00:00,7.54926651130906
2018-07-03 11:00:00,7.710106649370133
2018-07-03 12:00:00,7.2711386912010925
2018-07-03 13:00:00,7.437989446749952
2018-07-03 14:00:00,7.587741049504176
2018-07-03 15:00:00,7.388601912956472
2018-07-03 16:00:00,7.044673916566747
2018-07-03 17:00:00,6.904495450185804
2018-07-03 18:00:00,6.551860115847425
2018-07-03 19:00:00,6.021383377618589
2018-07-03 20:00:00,5.778756572405091
2018-07-03 21:00:00,5.441831230170477
2018-07-03 22:00:00,5.5450274290548
2018-07-03 23:00:00,5.620756061958815
2018-07-04 00:00:00,6.80997129395752
2018-07-04 01:00:00,6.925743912738364
2018-07-04 02:00:00,7.063689073395125
2018-07-04 03:00:00,6.756611878320987
2018-07-04 04:00:00,6.787232436570331
2018-07-04 05:00:00,6.96180542710411
2018-07-04 06:00:00,7.383505880553224
2018-07-04 07:00:00,7.929948570114783
2018-07-04 08:00:00,9.649438863811483
2018-07-04 09:00:00,9.607635633886213
2018-07-04 10:00:00,10.835219774667065
2018-07-04 11:00:00,10.781643006165922
2018-07-04 12:00:00,10.317709327727268
2018-07-04 13:00:00,10.381802151591726
2018-07-04 14:00:00,10.383274168790507
2018-07-04 15:00:00,9.81117773225939
2018-07-04 16:00:00,9.711646598656339
2018-07-04 17:00:00,9.669294833236947
2018-07-04 18:00:00,8.942707478876596
2018-07-04 19:00:00,8.86459075172275
2018-07-04 20:00:00,8.169123555615647
2018-07-04 21:00:00,7.663887833403338
2018-07-04 22:00:00,7.477141505913103
2018-07-04 23:00:00,7.236354530375872
2018-07-05 00:00:00,6.69528539324154
2018-07-05 01:00:00,6.822463030832977
2018-07-05 02:00:00,6.620127446812651
2018-07-05 03:00:00,6.341257033100055
2018-07-05 04:00:00,6.506201140588777
2018-07-05 05:00:00,6.706435280595728
2018-07-05 06:00:00,7.222845876676083
2018-07-05 07:00:00,8.203359397788255
2018-07-05 08:00:00,9.398358990356286
2018-07-05 09:00:00,9.73634322283586
2018-07-05 10:00:00,9.84095151387295
2018-07-05 11:00:00,10.219547071827597
2018-07-05 12:00:00,9.80060585211168
2018-07-05 13:00:00,10.035064639650566
2018-07-05 14:00:00,9.482632571825867
2018-07-05 15:00:00,9.843628238489279
2018-07-05 16:00:00,9.461828525510633
2018-07-05 17:00:00,8.990472409856553
2018-07-05 18:00:00,8.560061046247325
2018-07-05 19:00:00,8.40391142348674
2018-07-05 20:00:00,7.6722988094814175
2018-07-05 21:00:00,6.914451429509505
2018-07-05 22:00:00,6.846589206045942
2018-07-05 23:00:00,7.006922426879719
2018-07-06 00:00:00,6.34244649511802
2018-07-06 01:00:00,6.005501088970915
2018-07-06 02:00:00,6.211871916988997
2018-07-06 03:00:00,6.310363653406711
2018-07-06 04:00:00,5.914957871026131
2018-07-06 05:00:00,6.326900833411156
2018-07-06 06:00:00,6.534508506476532
2018-07-06 07:00:00,6.902743219795346
2018-07-06 08:00:00,8.26124814893357
2018-07-06 09:00:00,8.82108170753561
2018-07-06 10:00:00,9.06831123595557
2018-07-06 11:00:00,8.833924393106848
2018-07-06 12:00:00,9.093292910790801
2018-07-06 13:00:00,8.469226619054485
2018-07-06 14:00:00,8.779062290477283
2018-07-06 15:00:00,8.775970239749439
2018-07-06 16:00:00,8.370721272238242
2018-07-06 17:00:00,8.442381486198649
2018-07-06 18:00:00,7.790110546037691
2018-07-06 19:00:00,7.495969696803954
2018-07-06 20:00:00,6.5128092597139915
2018-07-06 21:00:00,6.615008122341906
2018-07-06 22:00:00,6.752742021297243
2018-07-06 23:00:00,6.36948563457894
2018-07-07 00:00:00,5.603284755361008
2018-07-07 01:00:00,5.647553710908958
2018-07-07 02:00:00,5.564083999897632
2018-07-07 03:00:00,5.291068040526564
2018-07-07 04:00:00,5.3392073197376275
2018-07-07 05:00:00,5.5310411620054625
2018-07-07 06:00:00,5.205603525480767
2018-07-07 07:00:00,5.272557314518076
2018-07-07 08:00:00,5.254162388368856
2018-07-07 09:00:00,5.610318097403589
2018-07-07 10:00:00,5.72928353888076
2018-07-07 11:00:00,5.938493630351604
2018-07-07 12:00:00,5.84226534631427
2018-07-07 13:00:00,5.93476334832894
2018-07-07 14:00:00,5.666425617263596
2018-07-07 15:00:00,5.8290832295665105
2018-07-07 16:00:00,5.984138890853738
2018-07-07 17:00:00,5.938322186107273
2018-07-07 18:00:00,5.5709625893024555
2018-07-07 19:00:00,5.642243701306164
2018-07-07 20:00:00,5.274797796260129
2018-07-07 21:00:00,5.1092090211003605
2018-07-07 22:00:00,5.129095628049966
2018-07-07 23:00:00,5.229160315298781
2018-07-08 00:00:00,5.338880340793753
2018-07-08 01:00:00,5.362269968967863
2018-07-08 02:00:00,5.6690452468994055
2018-07-08 03:00:00,5.28029132597002
2018-07-08 04:00:00,5.1945667426191955
2018-07-08 05:00:00,5.181698688926412
2018-07-08 06:00:00,4.791572333934417
2018-07-08 07:00:00,4.918375444860129
2018-07-08 08:00:00,5.067174534023138
2018-07-08 09:00:00,5.103538717754928
2018-07-08 10:00:00,5.781339304252714
2018-07-08 11:00:00,5.347653883335499
2018-07-08 12:00:00,5.329522147645969
2018-07-08 13:00:00,5.512984844802514
2018-07-08 14:00:00,5.37004915946287
2018-07-08 15:00:00,5.629663756078138
2018-07-08 16:00:00,5.218388065888545
2018-07-08 17:00:00,5.744337962612512
2018-07-08 18:00:00,5.5216829823046325
2018-07-08 19:00:00,5.489710874653948
2018-07-08 20:00:00,5.006309193131334
2018-07-08 21:00:00,5.4522317213615485
2018-07-08 22:00:00,5.287656200537429
2018-07-08 23:00:00,5.511059468953312
2018-07-09 00:00:00,4.534277173856467
2018-07-09 01:00:00,4.801427260608152
2018-07-09 02:00:00,4.475280518273894
2018-07-09 03:00:00,4.624576469883051
2018-07-09 04:00:00,4.719365373888155
2018-07-09 05:00:00,5.169660853449304
2018-07-09 06:00:00,5.442176644211322
2018-07-09 07:00:00,5.9471078499022445
2018-07-09 08:00:00,6.810619097202922
2018-07-09 09:00:00,7.193287057428628
2018-07-09 10:00:00,7.324839026002892
2018-07-09 11:00:00,7.411499638876226
2018-07-09 12:00:00,7.627904136735052
2018-07-09 13:00:00,7.424191603096632
2018-07-09 14:00:00,7.4032047507974506
2018-07-09 15:00:00,7.443320508620554
2018-07-09 16:00:00,7.022681807894847
2018-07-09 17:00:00,6.818835628581501
2018-07-09 18:00:00,6.716403184282488
2018-07-09 19:00:00,6.370141792088983
2018-07-09 20:00:00,5.51036425174511
2018-07-09 21:00:00,5.393337387456935
2018-07-09 22:00:00,5.548908798032569
2018-07-09 23:00:00,5.547476728328467
2018-07-10 00:00:00,5.880899551646174
2018-07-10 01:00:00,5.892270105407031
2018-07-10 02:00:00,5.786350585281575
2018-07-10 03:00:00,5.9000910568682805
2018-07-10 04:00:00,6.028318992685982
2018-07-10 05:00:00,6.197303798813276
2018-07-10 06:00:00,6.265179669296459
2018-07-10 07:00:00,7.324178770347038
2018-07-10 08:00:00,7.967592420303216
2018-07-10 09:00:00,8.642717373041352
2018-07-10 10:00:00,8.380304599092197
2018-07-10 11:00:00,9.133944102501301
2018-07-10 12:00:00,8.39158238661578
2018-07-10 13:00:00,8.93072276961676
2018-07-10 14:00:00,8.416235938962618
2018-07-10 15:00:00,8.760032020111298
2018-07-10 16:00:00,7.857276431047761
2018-07-10 17:00:00,7.540075394653134
2018-07-10 18:00:00,7.407629865769464
2018-07-10 19:00:00,6.946329058050751
2018-07-10 20:00:00,6.433743725136692
2018-07-10 21:00:00,6.13456718006409
2018-07-10 22:00:00,6.368143441919834
2018-07-10 23:00:00,6.002942119770652
2018-07-11 00:00:00,4.851887916529094
2018-07-11 01:00:00,4.480246844434792
2018-07-11 02:00:00,4.733874945996351
2018-07-11 03:00:00,4.714287087919495
2018-07-11 04:00:00,4.523395430325835
2018-07-11 05:00:00,4.742870077216342
2018-07-11 06:00:00,4.944319597446786
2018-07-11 07:00:00,5.748259789777083
2018-07-11 08:00:00,6.555572513320143
2018-07-11 09:00:00,6.651653190842109
2018-07-11 10:00:00,6.804792247983039
2018-07-11 11:00:00,6.7581236017025
2018-07-11 12:00:00,6.444305201567981
2018-07-11 13:00:00,6.57781891508813
2018-07-11 14:00:00,6.662245444948534
2018-07-11 15:00:00,6.932349817201122
2018-07-11 16:00:00,6.560260743059177
2018-07-11 17:00:00,6.343964268775176
2018-07-11 18:00:00,6.062589316750578
2018-07-11 19:00:00,5.433932144229765
2018-07-11 20:00:00,5.219639978107996
2018-07-11 21:00:00,5.050173342118549
2018-07-11 22:00:00,4.830252235974749
2018-07-11 23:00:00,4.907295033066956
2018-07-12 00:00:00,5.47360848373179
2018-07-12 01:00:00,5.602971167976642
2018-07-12 02:00:00,5.780512943148038
2018-07-12 03:00:00,5.096463303178907
2018-07-12 04:00:00,5.4107530094875536
2018-07-12 05:00:00,5.883678457091923
2018-07-12 06:00:00,5.972403781091952
2018-07-12 07:00:00,6.769280077041239
2018-07-12 08:00:00,7.162244682829988
2018-07-12 09:00:00,8.40475216020546
2018-07-12 10:00:00,8.091594466163611
2018-07-12 11:00:00,8.340272113180225
2018-07-12 12:00:00,7.845104650092491
2018-07-12 13:00:00,8.166324309056074
2018-07-12 14:00:00,8.019428943435207
2018-07-12 15:00:00,7.763964529518003
2018-07-12 16:00:00,7.440824557035852
2018-07-12 17:00:00,7.645577656130386
2018-07-12 18:00:00,7.188871585075309
2018-07-12 19:00:00,6.5951472327284755
2018-07-12 20:00:00,6.027273008141622
2018-07-12 21:00:00,5.765037404589054
2018-07-12 22:00:00,5.797156056240116
2018-07-12 23:00:00,5.978397375651683
2018-07-13 00:00:00,6.125651103630647
2018-07-13 01:00:00,5.905453404406813
2018-07-13 02:00:00,5.735941318208571
2018-07-13 03:00:00,5.868041387250165
2018-07-13 04:00:00,5.511561116498022
2018-07-13 05:00:00,6.356971392042176
2018-07-13 06:00:00,6.405767473354902
2018-07-13 07:00:00,7.145781861238948
2018-07-13 08:00:00,7.5637901679808754
2018-07-13 09:00:00,8.26525244569324
2018-07-13 10:00:00,8.293061439858786
2018-07-13 11:00:00,8.2507121795682
2018-07-13 12:00:00,8.269281452433429
2018-07-13 13:00:00,8.350330463337448
2018-07-13 14:00:00,8.38722176221732
2018-07-13 15:00:00,7.768969674071603
2018-07-13 16:00:00,7.8372541333560335
2018-07-13 17:00:00,7.634103775965197
2018-07-13 18:00:00,7.557491852211339
2018-07-13 19:00:00,7.06115811513713
2018-07-13 20:00:00,6.298315928638177
2018-07-13 21:00:00,6.106677576762764
2018-07-13 22:00:00,5.94663213774399
2018-07-13 23:00:00,6.288307566443632
2018-07-14 00:00:00,5.299482523266277
2018-07-14 01:00:00,5.419181100307331
2018-07-14 02:00:00,5.257054057487766
2018-07-14 03:00:00,5.037238624339245
2018-07-14 04:00:00,5.555905627656333
2018-07-14 05:00:00,4.993209743122267
2018-07-14 06:00:00,5.283318965697943
2018-07-14 07:00:00,5.1347609636088825
2018-07-14 08:00:00,5.56218011350018
2018-07-14 09:00:00,5.6881932871709315
2018-07-14 10:00:00,5.569154777643607
2018-07-14 11:00:00,5.571914547193788
2018-07-14 12:00:00,5.937568303952345
2018-07-14 13:00:00,5.8011155488323345
2018-07-14 14:00:00,5.756935599247285
2018-07-14 15:00:00,5.8477445700823845
2018-07-14 16:00:00,5.8742471052766065
2018-07-14 17:00:00,5.874057552714868
2018-07-14 18:00:00,5.992357211836003
2018-07-14 19:00:00,5.283393118072484
2018-07-14 20:00:00,5.34848799644038
2018-07-14 21:00:00,5.316930701381112
2018-07-14 22:00:00,5.653383977560553
2018-07-14 23:00:00,5.264334846302362
2018-07-15 00:00:00,5.665459455598694
2018-07-15 01:00:00,5.344553003374529
2018-07-15 02:00:00,5.325337661530288
2018-07-15 03:00:00,4.994753964130508
2018-07-15 04:00:00,5.383226189165021
2018-07-15 05:00:00,4.9549694014593975
2018-07-15 06:00:00,4.786421997824658
2018-07-15 07:00:00,4.828988615662462
2018-07-15 08:00:00,5.013757744903937
2018-07-15 09:00:00,5.238163966246058
2018-07-15 10:00:00,5.140498629416524
2018-07-15 11:00:00,5.650796381253329
2018-07-15 12:00:00,5.356032602115881
2018-07-15 13:00:00,5.40919663115834
2018-07-15 14:00:00,5.30794038690036
2018-07-15 15:00:00,5.129059313816084
2018-07-15 16:00:00,5.2404921822493655
2018-07-15 17:00:00,5.549196734405547
2018-07-15 18:00:00,5.093570792090669
2018-07-15 19:00:00,5.33054219064218
2018-07-15 20:00:00,5.320007356663252
2018-07-15 21:00:00,5.169029276307152
2018-07-15 22:00:00,5.49081411025515
2018-07-15 23:00:00,5.670667668528364
2018-07-16 00:00:00,5.691525926178243
2018-07-16 01:00:00,5.424829983900786
2018-07-16 02:00:00,5.483880595697835
2018-07-16 03:00:00,5.340872961818459
2018-07-16 04:00:00,5.575766837702203
2018-07-16 05:00:00,5.811027204702388
2018-07-16 06:00:00,5.874454638351783
2018-07-16 07:00:00,6.501162595794904
2018-07-16 08:00:00,6.803823440270724
2018-07-16 09:00:00,7.9120258448484755
2018-07-16 10:00:00,7.803074139760401
2018-07-16 11:00:00,7.5903604566162945
2018-07-16 12:00:00,7.269516636511615
2018-07-16 13:00:00,7.677984953614736
2018-07-16 14:00:00,7.514148410104551
2018-07-16 15:00:00,7.905318791872087
2018-07-16 16:00:00,7.504668443077385
2018-07-16 17:00:00,7.043737378322526
2018-07-16 18:00:00,7.066193847238652
2018-07-16 19:00:00,6.735983376188743
2018-07-16 20:00:00,6.243735018626338
2018-07-16 21:00:00,5.749717229024572
2018-07-16 22:00:00,6.106070697141015
2018-07-16 23:00:00,6.184209617104601
2018-07-17 00:00:00,5.841563399382301
2018-07-17 01:00:00,5.863841628078726
2018-07-17 02:00:00,5.629577372342498
2018-07-17 03:00:00,5.732822400740231
2018-07-17 04:00:00,5.802823389883555
2018-07-17 05:00:00,5.910683152827646
2018-07-17 06:00:00,6.296763634234894
2018-07-17 07:00:00,7.015798693458223
2018-07-17 08:00:00,7.971643991588857
2018-07-17 09:00:00,8.474902849581479
2018-07-17 10:00:00,8.678283661505297
2018-07-17 11:00:00,8.518185042643655
2018-07-17 12:00:00,8.766622315752144
2018-07-17 13:00:00,9.044600358280944
2018-07-17 14:00:00,8.554476613430598
2018-07-17 15:00:00,8.700001113943076
2018-07-17 16:00:00,8.333174879806121
2018-07-17 17:00:00,8.150262174708331
2018-07-17 18:00:00,7.776239054709731
2018-07-17 19:00:00,7.209483259675721
2018-07-17 20:00:00,6.5778159060526455
2018-07-17 21:00:00,6.362870573419541
2018-07-17 22:00:00,6.712511643145758
2018-07-17 23:00:00,6.15778820083817
2018-07-18 00:00:00,4.966227996772114
2018-07-18 01:00:00,5.1157968971251115
2018-07-18 02:00:00,4.6953989065536215
2018-07-18 03:00:00,4.907491747918082
2018-07-18 04:00:00,4.715855245046222
2018-07-18 05:00:00,5.055675677832761
2018-07-18 06:00:00,5.498980742313132
2018-07-18 07:00:00,6.035510855970769
2018-07-18 08:00:00,6.6894830914915415
2018-07-18 09:00:00,7.192186245713117
2018-07-18 10:00:00,7.0769102944319515
2018-07-18 11:00:00,7.468412822248832
2018-07-18 12:00:00,7.272678619715598
2018-07-18 13:00:00,7.706301906833064
2018-07-18 14:00:00,7.545736742287487
2018-07-18 15:00:00,7.8074884051734665
2018-07-18 16:00:00,7.353866565324859
2018-07-18 17:00:00,7.046272542850872
2018-07-18 18:00:00,6.732924031519543
2018-07-18 19:00:00,6.100684292743592
2018-07-18 20:00:00,5.520343062609271
2018-07-18 21:00:00,5.356503911099485
2018-07-18 22:00:00,5.819366648840553
2018-07-18 23:00:00,5.665927380973866
2018-07-19 00:00:00,6.283475770853692
2018-07-19 01:00:00,6.080419733850602
2018-07-19 02:00:00,6.0958317604685135
2018-07-19 03:00:00,5.80726452372432
2018-07-19 04:00:00,6.085778544293918
2018-07-19 05:00:00,6.302529443383379
2018-07-19 06:00:00,6.445799634784575
2018-07-19 07:00:00,7.075718691222465
2018-07-19 08:00:00,7.751738835561701
2018-07-19 09:00:00,8.044525803446232
2018-07-19 10:00:00,8.370104554759257
2018-07-19 11:00:00,8.559428542015167
2018-07-19 12:00:00,8.734612361299142
2018-07-19 13:00:00,8.645356281895422
2018-07-19 14:00:00,8.788639883462151
2018-07-19 15:00:00,8.646796593980557
2018-07-19 16:00:00,8.545061788078806
2018-07-19 17:00:00,8.281462925516221
2018-07-19 18:00:00,8.255725493442933
2018-07-19 19:00:00,7.602818899896305
2018-07-19 20:00:00,7.065906697932409
2018-07-19 21:00:00,6.596604990648511
2018-07-19 22:00:00,6.590939045868365
2018-07-19 23:00:00,6.7926742087100305
2018-07-20 00:00:00,6.7578669600173535
2018-07-20 01:00:00,6.55094205255517
2018-07-20 02:00:00,6.601343831555398
2018-07-20 03:00:00,6.436140859024739
2018-07-20 04:00:00,6.850390897671458
2018-07-20 05:00:00,6.907536284372621
2018-07-20 06:00:00,6.885425856339031
2018-07-20 07:00:00,7.400059685293947
2018-07-20 08:00:00,8.559883958637986
2018-07-20 09:00:00,8.608888726501503
2018-07-20 10:00:00,8.753559772546465
2018-07-20 11:00:00,9.09332922474838
2018-07-20 12:00:00,8.543623636784416
2018-07-20 13:00:00,8.397595179882025
2018-07-20 14:00:00,9.035013925649345
2018-07-20 15:00:00,8.666566344341271
2018-07-20 16:00:00,8.900892880986698
2018-07-20 17:00:00,8.119375907786871
2018-07-20 18:00:00,8.00918049075636
2018-07-20 19:00:00,7.973520306847598
2018-07-20 20:00:00,7.226822504915347
2018-07-20 21:00:00,6.716246331674753
2018-07-20 22:00:00,6.823245424730187
2018-07-20 23:00:00,6.965728540221143
2018-07-21 00:00:00,5.68931185704374
2018-07-21 01:00:00,5.9688962495254785
2018-07-21 02:00:00,5.699911053230126
2018-07-21 03:00:00,5.5896739834095035
2018-07-21 04:00:00,5.268505488263178
2018-07-21 05:00:00,5.565841852374675
2018-07-21 06:00:00,5.612292571553865
2018-07-21 07:00:00,5.457845478202804
2018-07-21 08:00:00,5.72553828674419
2018-07-21 09:00:00,5.894742911221352
2018-07-21 10:00:00,5.947616177528194
2018-07-21 11:00:00,6.099297550889625
2018-07-21 12:00:00,6.342929767663722
2018-07-21 13:00:00,6.03676534793338
2018-07-21 14:00:00,6.125563165826097
2018-07-21 15:00:00,5.9573719368991185
2018-07-21 16:00:00,5.727009037225911
2018-07-21 17:00:00,6.136458030176033
2018-07-21 18:00:00,6.176919163333799
2018-07-21 19:00:00,5.507193369844232
2018-07-21 20:00:00,5.577262671117631
2018-07-21 21:00:00,5.41761978646546
2018-07-21 22:00:00,5.489627971578482
2018-07-21 23:00:00,5.730760380270551
2018-07-22 00:00:00,5.67135668748288
2018-07-22 01:00:00,5.82933760690774
2018-07-22 02:00:00,5.147929165189236
2018-07-22 03:00:00,5.644608106316617
2018-07-22 04:00:00,5.407874683096615
2018-07-22 05:00:00,5.546481620674423
2018-07-22 06:00:00,5.422047587819445
2018-07-22 07:00:00,5.223241336726867
2018-07-22 08:00:00,5.519074788127279
2018-07-22 09:00:00,5.927761682987375
2018-07-22 10:00:00,5.826297543162311
2018-07-22 11:00:00,6.030168214984436
2018-07-22 12:00:00,5.775675869274371
2018-07-22 13:00:00,5.931675175149905
2018-07-22 14:00:00,5.866236948914566
2018-07-22 15:00:00,5.934859620986863
2018-07-22 16:00:00,5.9831993425993515
2018-07-22 17:00:00,5.795379106808159
2018-07-22 18:00:00,5.743610601792054
2018-07-22 19:00:00,5.480285811873928
2018-07-22 20:00:00,5.698877537116518
2018-07-22 21:00:00,5.687595691890134
2018-07-22 22:00:00,5.878576423196914
2018-07-22 23:00:00,5.611591943244887
2018-07-23 00:00:00,5.716112140581053
2018-07-23 01:00:00,5.6056495491958325
2018-07-23 02:00:00,5.4964602174997195
2018-07-23 03:00:00,5.582030829356709
2018-07-23 04:00:00,6.015376513104461
2018-07-23 05:00:00,5.796394138584175
2018-07-23 06:00:00,6.463302753129849
2018-07-23 07:00:00,7.06253761310725
2018-07-23 08:00:00,7.980938702984313
2018-07-23 09:00:00,8.154016467116914
2018-07-23 10:00:00,8.55334555645715
2018-07-23 11:00:00,8.814468869713806
2018-07-23 12:00:00,8.29481325039821
2018-07-23 13:00:00,8.471346241690421
2018-07-23 14:00:00,8.464104751411663
2018-07-23 15:00:00,8.858553778008078
2018-07-23 16:00:00,8.429834891834647
2018-07-23 17:00:00,7.9217268145005315
2018-07-23 18:00:00,7.722613292651908
2018-07-23 19:00:00,7.22916139844026
2018-07-23 20:00:00,6.919730104801468
2018-07-23 21:00:00,6.180265467070675
2018-07-23 22:00:00,6.413376615137198
2018-07-23 23:00:00,6.591944419428566
2018-07-24 00:00:00,7.2264830347095685
2018-07-24 01:00:00,6.515364290534667
2018-07-24 02:00:00,6.6715321286453655
2018-07-24 03:00:00,6.465399192965624
2018-07-24 04:00:00,6.381133844569858
2018-07-24 05:00:00,6.328501812690896
2018-07-24 06:00:00,7.122114676122486
2018-07-24 07:00:00,8.104711586642699
2018-07-24 08:00:00,8.59289104821163
2018-07-24 09:00:00,9.548161217185188
2018-07-24 10:00:00,9.71971123013617
2018-07-24 11:00:00,9.520816067754962
2018-07-24 12:00:00,9.31818951744844
2018-07-24 13:00:00,9.059727902355725
2018-07-24 14:00:00,9.772620117374796
2018-07-24 15:00:00,9.715844447988347
2018-07-24 16:00:00,9.132110122868886
2018-07-24 17:00:00,8.964577309279703
2018-07-24 18:00:00,8.57630727066448
2018-07-24 19:00:00,7.932282555327414
2018-07-24 20:00:00,7.741575023195523
2018-07-24 21:00:00,6.829296547615678
2018-07-24 22:00:00,6.8116885612397935
2018-07-24 23:00:00,7.174253030755153
2018-07-25 00:00:00,5.5384994877152005
2018-07-25 01:00:00,5.5746363695902446
2018-07-25 02:00:00,5.600187789002798
2018-07-25 03:00:00,5.395510409763007
2018-07-25 04:00:00,5.657915106118682
2018-07-25 05:00:00,5.747575122462322
2018-07-25 06:00:00,5.949246986556654
2018-07-25 07:00:00,6.607242417765275
2018-07-25 08:00:00,6.714415347421935
2018-07-25 09:00:00,7.3702260645971105
2018-07-25 10:00:00,7.889176821025627
2018-07-25 11:00:00,7.628527125307573
2018-07-25 12:00:00,7.905154138953427
2018-07-25 13:00:00,7.864969527410112
2018-07-25 14:00:00,8.01396998325709
2018-07-25 15:00:00,7.605081090170605
2018-07-25 16:00:00,7.626054157604723
2018-07-25 17:00:00,7.358705741015391
2018-07-25 18:00:00,6.763277763340697
2018-07-25 19:00:00,6.491594529693593
2018-07-25 20:00:00,5.873486891841865
2018-07-25 21:00:00,5.948934728081673
2018-07-25 22:00:00,6.150092426562594
2018-07-25 23:00:00,5.766777835768222
2018-07-26 00:00:00,6.224035528862903
2018-07-26 01:00:00,5.867457626486039
2018-07-26 02:00:00,5.887625539676369
2018-07-26 03:00:00,5.592496061518114
2018-07-26 04:00:00,5.561961793798664
2018-07-26 05:00:00,6.526912988162986
2018-07-26 06:00:00,6.698765703221639
2018-07-26 07:00:00,7.443367001415471
2018-07-26 08:00:00,8.089809075342526
2018-07-26 09:00:00,8.6673860738635
2018-07-26 10:00:00,8.719779590420648
2018-07-26 11:00:00,8.946016261941486
2018-07-26 12:00:00,8.510917442894366
2018-07-26 13:00:00,8.458452176564428
2018-07-26 14:00:00,8.035658524460557
2018-07-26 15:00:00,8.64892441163877
2018-07-26 16:00:00,8.062602804906904
2018-07-26 17:00:00,7.3697032902245825
2018-07-26 18:00:00,7.60040144016964
2018-07-26 19:00:00,7.354517954998491
2018-07-26 20:00:00,6.714469965416939
2018-07-26 21:00:00,6.437793823668706
2018-07-26 22:00:00,5.955587328189792
2018-07-26 23:00:00,6.226057219639977
2018-07-27 00:00:00,5.12068957286039
2018-07-27 01:00:00,5.262540174997001
2018-07-27 02:00:00,4.947120659967705
2018-07-27 03:00:00,5.05049434380143
2018-07-27 04:00:00,4.920972484168496
2018-07-27 05:00:00,5.639541108631534
2018-07-27 06:00:00,5.891264933727931
2018-07-27 07:00:00,6.3953296196940626
2018-07-27 08:00:00,6.857559158281224
2018-07-27 09:00:00,7.171361297042177
2018-07-27 10:00:00,7.496686217503436
2018-07-27 11:00:00,7.1766469199255125
2018-07-27 12:00:00,7.184160606658615
2018-07-27 13:00:00,6.833770784850849
2018-07-27 14:00:00,7.320952370208058
2018-07-27 15:00:00,6.804377173947994
2018-07-27 16:00:00,6.632330199492272
2018-07-27 17:00:00,6.414921673329364
2018-07-27 18:00:00,5.942463184221798
2018-07-27 19:00:00,6.258417632094473
2018-07-27 20:00:00,5.435611483339584
2018-07-27 21:00:00,5.456861298375672
2018-07-27 22:00:00,5.197545261697427
2018-07-27 23:00:00,5.1666066813196005
2018-07-28 00:00:00,5.986747724240744
2018-07-28 01:00:00,6.198363212087901
2018-07-28 02:00:00,5.953649040114874
2018-07-28 03:00:00,5.917356682341681
2018-07-28 04:00:00,5.6511532078693145
2018-07-28 05:00:00,5.690382077805919
2018-07-28 06:00:00,5.792712600378656
2018-07-28 07:00:00,5.886668893707804
2018-07-28 08:00:00,5.962140359777346
2018-07-28 09:00:00,5.792564229927289
2018-07-28 10:00:00,6.0918421308384385
2018-07-28 11:00:00,6.138538559011478
2018-07-28 12:00:00,6.1003106342682205
2018-07-28 13:00:00,6.077328090078042
2018-07-28 14:00:00,6.044501454719176
2018-07-28 15:00:00,5.775100621389632
2018-07-28 16:00:00,6.088799977943285
2018-07-28 17:00:00,5.970934220194241
2018-07-28 18:00:00,5.902011234157498
2018-07-28 19:00:00,5.560496054349881
2018-07-28 20:00:00,5.470509717427608
2018-07-28 21:00:00,5.4900251486042455
2018-07-28 22:00:00,5.970047930212941
2018-07-28 23:00:00,5.558677733134256
2018-07-29 00:00:00,5.134312040616458
2018-07-29 01:00:00,4.938590551397119
2018-07-29 02:00:00,4.922580388201567
2018-07-29 03:00:00,4.833419754305588
2018-07-29 04:00:00,4.655224456091345
2018-07-29 05:00:00,5.1110276020119585
2018-07-29 06:00:00,4.345996587844184
2018-07-29 07:00:00,4.78752594928585
2018-07-29 08:00:00,4.4434546625717815
2018-07-29 09:00:00,4.810772782098778
2018-07-29 10:00:00,5.050244311666902
2018-07-29 11:00:00,5.020078037727116
2018-07-29 12:00:00,5.056629605436205
2018-07-29 13:00:00,5.037438864714463
2018-07-29 14:00:00,4.886181356028622
2018-07-29 15:00:00,4.991893156456887
2018-07-29 16:00:00,4.7573499713979075
2018-07-29 17:00:00,4.799755197304108
2018-07-29 18:00:00,4.944579302296178
2018-07-29 19:00:00,5.120351760753727
2018-07-29 20:00:00,4.792936553730684
2018-07-29 21:00:00,4.889354656045974
2018-07-29 22:00:00,5.044658785299037
2018-07-29 23:00:00,5.039601762333357
2018-07-30 00:00:00,4.564605770845717
2018-07-30 01:00:00,4.6395984305714775
2018-07-30 02:00:00,4.361838303861372
2018-07-30 03:00:00,4.293478042122027
2018-07-30 04:00:00,4.646305796393946
2018-07-30 05:00:00,4.607102188414578
2018-07-30 06:00:00,5.201659991810526
2018-07-30 07:00:00,5.431674027036012
2018-07-30 08:00:00,6.187067450333547
2018-07-30 09:00:00,6.52564003384587
2018-07-30 10:00:00,6.603498983521835
2018-07-30 11:00:00,6.976639835726678
2018-07-30 12:00:00,7.004421603356303
2018-07-30 13:00:00,6.6668803979602504
2018-07-30 14:00:00,6.6165773452479355
2018-07-30 15:00:00,6.651653968524804
2018-07-30 16:00:00,6.045762489357195
2018-07-30 17:00:00,6.30040770929706
2018-07-30 18:00:00,5.887964615231918
2018-07-30 19:00:00,5.8674940031196385
2018-07-30 20:00:00,5.124544494423152
2018-07-30 21:00:00,4.8890356987629735
2018-07-30 22:00:00,5.007097867691734
2018-07-30 23:00:00,4.9027689099014715
2018-07-31 00:00:00,6.36519882794814
2018-07-31 01:00:00,6.250564202162552
2018-07-31 02:00:00,6.545591979365177
2018-07-31 03:00:00,6.216168164429417
2018-07-31 04:00:00,6.361045154063439
2018-07-31 05:00:00,6.383978895918281
2018-07-31 06:00:00,7.039484095319114
2018-07-31 07:00:00,7.254711404928348
2018-07-31 08:00:00,8.19693835815908
2018-07-31 09:00:00,8.389151798608106
2018-07-31 10:00:00,8.989651328710748
2018-07-31 11:00:00,8.93133048952723
2018-07-31 12:00:00,8.832715899024064
2018-07-31 13:00:00,8.631649102144843
2018-07-31 14:00:00,8.578956498951628
2018-07-31 15:00:00,8.813744112771337
2018-07-31 16:00:00,8.494986350692384
2018-07-31 17:00:00,8.215762324487212
2018-07-31 18:00:00,7.76898700566714
2018-07-31 19:00:00,7.216654765899807
2018-07-31 20:00:00,6.543882517117842
2018-07-31 21:00:00,6.686335401608995
2018-07-31 22:00:00,6.757786251816608
2018-07-31 23:00:00,6.540153239639282
2018-08-01 00:00:00,5.837035268362462
2018-08-01 01:00:00,5.623285684991328
2018-08-01 02:00:00,5.57535518910914
2018-08-01 03:00:00,5.506492899790588
2018-08-01 04:00:00,5.743545726635223
2018-08-01 05:00:00,6.029037086521009
2018-08-01 06:00:00,6.024080173535375
2018-08-01 07:00:00,6.770610671408841
2018-08-01 08:00:00,6.9377530994418635
2018-08-01 09:00:00,7.271710563743224
2018-08-01 10:00:00,7.8839520215665795
2018-08-01 11:00:00,7.610096379004941
2018-08-01 12:00:00,7.684174181742638
2018-08-01 13:00:00,8.313173888247702
2018-08-01 14:00:00,7.88467144807295
2018-08-01 15:00:00,7.1350071419603545
2018-08-01 16:00:00,7.565364578600175
2018-08-01 17:00:00,7.524304442225167
2018-08-01 18:00:00,6.910963412006153
2018-08-01 19:00:00,6.650662788716866
2018-08-01 20:00:00,5.594135405653486
2018-08-01 21:00:00,5.683024089568533
2018-08-01 22:00:00,5.942401348137569
2018-08-01 23:00:00,5.747650567610915
2018-08-02 00:00:00,6.101428073666951
2018-08-02 01:00:00,5.101341154079047
2018-08-02 02:00:00,5.3883660309597206
2018-08-02 03:00:00,5.4213777660524105
2018-08-02 04:00:00,5.225357478174062
2018-08-02 05:00:00,5.701613910033902
2018-08-02 06:00:00,5.685059124231281
2018-08-02 07:00:00,6.417413901487616
2018-08-02 08:00:00,7.206580638886664
2018-08-02 09:00:00,7.51184801473415
2018-08-02 10:00:00,7.607077407664005
2018-08-02 11:00:00,7.518591206623407
2018-08-02 12:00:00,7.2251248032388125
2018-08-02 13:00:00,7.607153382934425
2018-08-02 14:00:00,7.02470857501868
2018-08-02 15:00:00,7.803721461420267
2018-08-02 16:00:00,7.06740127742264
2018-08-02 17:00:00,6.796297064784625
2018-08-02 18:00:00,6.395506318074895
2018-08-02 19:00:00,6.397731096899116
2018-08-02 20:00:00,5.45933351141294
2018-08-02 21:00:00,5.621210049988622
2018-08-02 22:00:00,5.572593225354203
2018-08-02 23:00:00,5.4047273854963525
2018-08-03 00:00:00,5.4355794585383395
2018-08-03 01:00:00,5.377831987117552
2018-08-03 02:00:00,5.360126826807395
2018-08-03 03:00:00,5.524134582851313
2018-08-03 04:00:00,5.220209418652751
2018-08-03 05:00:00,5.509806211640957
2018-08-03 06:00:00,5.377665999255847
2018-08-03 07:00:00,6.124868862257679
2018-08-03 08:00:00,6.786241612361012
2018-08-03 09:00:00,7.409508479311708
2018-08-03 10:00:00,7.111697503422543
2018-08-03 11:00:00,7.602430552722452
2018-08-03 12:00:00,7.097165598585119
2018-08-03 13:00:00,7.477333774409005
2018-08-03 14:00:00,7.192432603177689
2018-08-03 15:00:00,7.030641144128519
2018-08-03 16:00:00,6.775554935279421
2018-08-03 17:00:00,6.522778747397777
2018-08-03 18:00:00,5.955288444300642
2018-08-03 19:00:00,5.6997405738091915
2018-08-03 20:00:00,5.4908276113578305
2018-08-03 21:00:00,5.4797477282190785
2018-08-03 22:00:00,5.409075220476347
2018-08-03 23:00:00,5.548279965358957
2018-08-04 00:00:00,4.805970215265784
2018-08-04 01:00:00,4.554558766845852
2018-08-04 02:00:00,4.608084591624527
2018-08-04 03:00:00,4.3602410129615645
2018-08-04 04:00:00,4.593026888671792
2018-08-04 05:00:00,4.604666493277228
2018-08-04 06:00:00,4.471341544606131
2018-08-04 07:00:00,4.460218295162389
2018-08-04 08:00:00,4.396964790980071
2018-08-04 09:00:00,4.934804778690456
2018-08-04 10:00:00,4.816341997362586
2018-08-04 11:00:00,4.781551536386502
2018-08-04 12:00:00,4.916326177178821
2018-08-04 13:00:00,4.789963486858493
2018-08-04 14:00:00,4.848077141339667
2018-08-04 15:00:00,4.522174417425046
2018-08-04 16:00:00,4.9048483522740485
2018-08-04 17:00:00,4.59262262018048
2018-08-04 18:00:00,4.763863166210432
2018-08-04 19:00:00,4.501635388372015
2018-08-04 20:00:00,4.65803432116127
2018-08-04 21:00:00,4.61020071594252
2018-08-04 22:00:00,4.428259711121587
2018-08-04 23:00:00,4.521448770209395
2018-08-05 00:00:00,4.548031707337761
2018-08-05 01:00:00,4.515862152003412
2018-08-05 02:00:00,4.450083432680018
2018-08-05 03:00:00,4.576734050766951
2018-08-05 04:00:00,4.351959022451824
2018-08-05 05:00:00,4.614067453799809
2018-08-05 06:00:00,4.32882376739317
2018-08-05 07:00:00,4.439533122053695
2018-08-05 08:00:00,4.267310034010508
2018-08-05 09:00:00,4.451902328769458
2018-08-05 10:00:00,4.560285457599845
2018-08-05 11:00:00,4.735935585872563
2018-08-05 12:00:00,4.8593773850989885
2018-08-05 13:00:00,4.810595522086564
2018-08-05 14:00:00,4.693698038338729
2018-08-05 15:00:00,4.762898319438069
2018-08-05 16:00:00,4.974448357519252
2018-08-05 17:00:00,4.885537409469553
2018-08-05 18:00:00,4.988629456277331
2018-08-05 19:00:00,4.833014815580113
2018-08-05 20:00:00,4.6437582056340085
2018-08-05 21:00:00,4.745341385772437
2018-08-05 22:00:00,4.733174768718607
2018-08-05 23:00:00,5.10262614875188
2018-08-06 00:00:00,5.638882555548196
2018-08-06 01:00:00,5.617207926326802
2018-08-06 02:00:00,5.775886142014736
2018-08-06 03:00:00,5.373519024914972
2018-08-06 04:00:00,5.558165527378339
2018-08-06 05:00:00,5.805247290494831
2018-08-06 06:00:00,6.1696178419593455
2018-08-06 07:00:00,6.548862298275954
2018-08-06 08:00:00,7.1327851199482994
2018-08-06 09:00:00,7.86820081256854
2018-08-06 10:00:00,7.945400411810148
2018-08-06 11:00:00,7.88383893071369
2018-08-06 12:00:00,8.291427844303536
2018-08-06 13:00:00,8.208896261137802
2018-08-06 14:00:00,8.242592583247422
2018-08-06 15:00:00,8.092262346987184
2018-08-06 16:00:00,8.090510195024255
2018-08-06 17:00:00,7.810301668076919
2018-08-06 18:00:00,7.127737217208374
2018-08-06 19:00:00,7.393725829552253
2018-08-06 20:00:00,6.505894724295335
2018-08-06 21:00:00,6.100356697888852
2018-08-06 22:00:00,6.809627641724787
2018-08-06 23:00:00,5.7522941082621415
2018-08-07 00:00:00,4.869578697491985
2018-08-07 01:00:00,4.879663704997646
2018-08-07 02:00:00,4.701136824494517
2018-08-07 03:00:00,4.8314458714998345
2018-08-07 04:00:00,4.591264902360404
2018-08-07 05:00:00,4.915064161257646
2018-08-07 06:00:00,5.15332836226852
2018-08-07 07:00:00,6.1168894931618185
2018-08-07 08:00:00,6.063489276660294
2018-08-07 09:00:00,6.6425477129932595
2018-08-07 10:00:00,6.473701157335657
2018-08-07 11:00:00,6.636084701978157
2018-08-07 12:00:00,6.337164790582828
2018-08-07 13:00:00,6.748174124270088
2018-08-07 14:00:00,6.528498804911825
2018-08-07 15:00:00,6.560008461700199
2018-08-07 16:00:00,6.570643062878743
2018-08-07 17:00:00,6.2125847076732414
2018-08-07 18:00:00,6.410591543340782
2018-08-07 19:00:00,5.497386798946982
2018-08-07 20:00:00,5.091456954572034
2018-08-07 21:00:00,4.902690323342958
2018-08-07 22:00:00,4.905342472912584
2018-08-07 23:00:00,5.04613052094695
2018-08-08 00:00:00,4.617358429068439
2018-08-08 01:00:00,4.411235856975694
2018-08-08 02:00:00,4.4971655382486215
2018-08-08 03:00:00,4.455594062368594
2018-08-08 04:00:00,4.616743369013321
2018-08-08 05:00:00,4.670798434061652
2018-08-08 06:00:00,4.830549422178593
2018-08-08 07:00:00,5.5960035361106035
2018-08-08 08:00:00,5.853564671752577
2018-08-08 09:00:00,6.093923199485218
2018-08-08 10:00:00,5.995408915707686
2018-08-08 11:00:00,6.3295782788389845
2018-08-08 12:00:00,6.532453729150722
2018-08-08 13:00:00,6.479710108279578
2018-08-08 14:00:00,6.451250197238352
2018-08-08 15:00:00,6.320408479043328
2018-08-08 16:00:00,6.176308842344908
2018-08-08 17:00:00,5.999667007194252
2018-08-08 18:00:00,6.341657819070103
2018-08-08 19:00:00,5.474703760663232
2018-08-08 20:00:00,5.386854909258427
2018-08-08 21:00:00,5.240887577226035
2018-08-08 22:00:00,4.846126692112892
2018-08-08 23:00:00,5.136389422416071
2018-08-09 00:00:00,6.171209655227592
2018-08-09 01:00:00,6.4380051847589606
2018-08-09 02:00:00,5.56093365587606
2018-08-09 03:00:00,6.235016204552715
2018-08-09 04:00:00,5.7470310988418465
2018-08-09 05:00:00,6.03879584777315
2018-08-09 06:00:00,6.3894743381473
2018-08-09 07:00:00,6.824651349633198
2018-08-09 08:00:00,7.895470525717361
2018-08-09 09:00:00,7.773997811791364
2018-08-09 10:00:00,8.223418867459868
2018-08-09 11:00:00,7.911526739217246
2018-08-09 12:00:00,7.88302482669455
2018-08-09 13:00:00,8.411718282648005
2018-08-09 14:00:00,8.229586047036088
2018-08-09 15:00:00,8.371491031950635
2018-08-09 16:00:00,7.977845613852538
2018-08-09 17:00:00,7.977396130523737
2018-08-09 18:00:00,7.586308381619763
2018-08-09 19:00:00,7.043238302657039
2018-08-09 20:00:00,6.493317910063319
2018-08-09 21:00:00,6.577622340305167
2018-08-09 22:00:00,5.87641987387126
2018-08-09 23:00:00,6.386952740811017
2018-08-10 00:00:00,4.999132487096107
2018-08-10 01:00:00,4.932978551651571
2018-08-10 02:00:00,4.710427253581908
2018-08-10 03:00:00,4.761057214277606
2018-08-10 04:00:00,4.804536606840512
2018-08-10 05:00:00,4.725722696806494
2018-08-10 06:00:00,5.129069958443048
2018-08-10 07:00:00,5.60170802001065
2018-08-10 08:00:00,6.074444344419769
2018-08-10 09:00:00,6.293226226449817
2018-08-10 10:00:00,6.100446254204621
2018-08-10 11:00:00,6.24380301485206
2018-08-10 12:00:00,6.246343100362256
2018-08-10 13:00:00,6.63811757843022
2018-08-10 14:00:00,6.404888280636126
2018-08-10 15:00:00,6.556122504809986
2018-08-10 16:00:00,6.452437085660559
2018-08-10 17:00:00,6.050969906151251
2018-08-10 18:00:00,5.534471204820441
2018-08-10 19:00:00,5.43622514285055
2018-08-10 20:00:00,5.042202341420476
2018-08-10 21:00:00,5.156184946676369
2018-08-10 22:00:00,4.885978894307447
2018-08-10 23:00:00,4.696259686957278
2018-08-11 00:00:00,6.459175412581905
2018-08-11 01:00:00,6.301576004834258
2018-08-11 02:00:00,6.367976909783621
2018-08-11 03:00:00,6.077449732068984
2018-08-11 04:00:00,5.911881828471366
2018-08-11 05:00:00,6.179077057759305
2018-08-11 06:00:00,5.847456352479356
2018-08-11 07:00:00,5.963049395261879
2018-08-11 08:00:00,6.316784026112112
2018-08-11 09:00:00,6.545984084597247
2018-08-11 10:00:00,6.75770221834275
2018-08-11 11:00:00,6.299716506589467
2018-08-11 12:00:00,6.663240133338818
2018-08-11 13:00:00,6.438698455307469
2018-08-11 14:00:00,6.40016674035312
2018-08-11 15:00:00,6.371910992976284
2018-08-11 16:00:00,6.547056714473537
2018-08-11 17:00:00,6.537018938631615
2018-08-11 18:00:00,6.454997942599974
2018-08-11 19:00:00,6.071429151732466
2018-08-11 20:00:00,5.849670296070988
2018-08-11 21:00:00,5.948589367860949
2018-08-11 22:00:00,6.375109604320341
2018-08-11 23:00:00,6.131903159420873
2018-08-12 00:00:00,5.0356331999300625
2018-08-12 01:00:00,5.21118078779642
2018-08-12 02:00:00,5.172253169165481
2018-08-12 03:00:00,4.838242277581511
2018-08-12 04:00:00,5.013189585941053
2018-08-12 05:00:00,4.938817981095861
2018-08-12 06:00:00,4.814248616684998
2018-08-12 07:00:00,4.357537922740864
2018-08-12 08:00:00,4.764427592493841
2018-08-12 09:00:00,4.9739677121104355
2018-08-12 10:00:00,4.753442703539542
2018-08-12 11:00:00,5.132818506686042
2018-08-12 12:00:00,5.006358983158395
2018-08-12 13:00:00,4.98418847026587
2018-08-12 14:00:00,4.9806401725478455
2018-08-12 15:00:00,4.931925900345781
2018-08-12 16:00:00,5.459311699064823
2018-08-12 17:00:00,5.127564601901417
2018-08-12 18:00:00,5.174370303749632
2018-08-12 19:00:00,5.082806518086718
2018-08-12 20:00:00,4.983712289052736
2018-08-12 21:00:00,4.821949901357741
2018-08-12 22:00:00,5.009812023868876
2018-08-12 23:00:00,4.988548031415283
2018-08-13 00:00:00,5.301323534924792
2018-08-13 01:00:00,4.956851035961251
2018-08-13 02:00:00,5.151972879752017
2018-08-13 03:00:00,5.155834418586402
2018-08-13 04:00:00,5.503860461179933
2018-08-13 05:00:00,5.519073614978889
2018-08-13 06:00:00,6.057968966177911
2018-08-13 07:00:00,6.187577920010608
2018-08-13 08:00:00,7.168211166319519
2018-08-13 09:00:00,7.128944194909858
2018-08-13 10:00:00,7.637777846142401
2018-08-13 11:00:00,7.002141551862076
2018-08-13 12:00:00,7.67444397006957
2018-08-13 13:00:00,7.275444083443671
2018-08-13 14:00:00,7.664333755624839
2018-08-13 15:00:00,7.693822099403036
2018-08-13 16:00:00,7.18334447051
2018-08-13 17:00:00,7.3810574108061004
2018-08-13 18:00:00,7.132655631318128
2018-08-13 19:00:00,6.238979055019608
2018-08-13 20:00:00,6.457473392661683
2018-08-13 21:00:00,5.967971038712037
2018-08-13 22:00:00,5.684333055570828
2018-08-13 23:00:00,6.1218433552640965
2018-08-14 00:00:00,6.034361847479758
2018-08-14 01:00:00,5.769236622417087
2018-08-14 02:00:00,6.094605193364701
2018-08-14 03:00:00,6.012470906636918
2018-08-14 04:00:00,5.984474267584128
2018-08-14 05:00:00,6.179416131184457
2018-08-14 06:00:00,6.472316348486812
2018-08-14 07:00:00,7.191647594354128
2018-08-14 08:00:00,7.58569455862864
2018-08-14 09:00:00,8.150981463984873
2018-08-14 10:00:00,7.8865287174129035
2018-08-14 11:00:00,7.877057949734986
2018-08-14 12:00:00,8.690154533277408
2018-08-14 13:00:00,8.66867792671449
2018-08-14 14:00:00,8.555001870634195
2018-08-14 15:00:00,8.11013203043397
2018-08-14 16:00:00,8.30834815916806
2018-08-14 17:00:00,8.033890352965162
2018-08-14 18:00:00,7.273668896476684
2018-08-14 19:00:00,7.031452995000109
2018-08-14 20:00:00,6.625291648565827
2018-08-14 21:00:00,6.291676452854552
2018-08-14 22:00:00,6.509427680643315
2018-08-14 23:00:00,6.275662169557435
2018-08-15 00:00:00,6.499350856570748
2018-08-15 01:00:00,5.773087630017119
2018-08-15 02:00:00,6.294991551735394
2018-08-15 03:00:00,5.808286766999652
2018-08-15 04:00:00,5.827980901128068
2018-08-15 05:00:00,6.4458783271244995
2018-08-15 06:00:00,6.646118606667751
2018-08-15 07:00:00,7.254835545004047
2018-08-15 08:00:00,7.554199957247529
2018-08-15 09:00:00,8.501586986955129
2018-08-15 10:00:00,8.037655562851295
2018-08-15 11:00:00,8.085659339147362
2018-08-15 12:00:00,8.635878459010417
2018-08-15 13:00:00,8.467013532874818
2018-08-15 14:00:00,8.843458866618562
2018-08-15 15:00:00,8.623040851176883
2018-08-15 16:00:00,8.399122313178365
2018-08-15 17:00:00,8.136781272088314
2018-08-15 18:00:00,7.641013858795926
2018-08-15 19:00:00,7.218068740872079
2018-08-15 20:00:00,7.183079861342361
2018-08-15 21:00:00,6.521968833329338
2018-08-15 22:00:00,6.664401887126501
2018-08-15 23:00:00,6.55597766988899
2018-08-16 00:00:00,5.803276884836991
2018-08-16 01:00:00,5.6001765742117025
2018-08-16 02:00:00,5.466146383245044
2018-08-16 03:00:00,5.590362864050796
2018-08-16 04:00:00,5.5128490032813025
2018-08-16 05:00:00,6.1492834662015134
2018-08-16 06:00:00,6.040511613583309
2018-08-16 07:00:00,6.634687588434163
2018-08-16 08:00:00,7.625709660609086
2018-08-16 09:00:00,7.244458700598906
2018-08-16 10:00:00,7.740079758817781
2018-08-16 11:00:00,7.1179013340428865
2018-08-16 12:00:00,7.327675791836383
2018-08-16 13:00:00,7.530909129186268
2018-08-16 14:00:00,7.6776556630402615
2018-08-16 15:00:00,7.7745533779844695
2018-08-16 16:00:00,6.9900807645639995
2018-08-16 17:00:00,6.8463233705298405
2018-08-16 18:00:00,6.555518347740429
2018-08-16 19:00:00,6.038187263917442
2018-08-16 20:00:00,6.0472097414094
2018-08-16 21:00:00,5.809703450637463
2018-08-16 22:00:00,5.847943583401059
2018-08-16 23:00:00,5.713947193674262
2018-08-17 00:00:00,5.270716516455209
2018-08-17 01:00:00,5.386566737537656
2018-08-17 02:00:00,5.007975132206342
2018-08-17 03:00:00,5.039412142724271
2018-08-17 04:00:00,5.135178221070369
2018-08-17 05:00:00,5.531702367334387
2018-08-17 06:00:00,5.729213980078666
2018-08-17 07:00:00,6.092520424995696
2018-08-17 08:00:00,6.425237012504764
2018-08-17 09:00:00,6.212477248440264
2018-08-17 10:00:00,7.0594314534086635
2018-08-17 11:00:00,6.579319549221823
2018-08-17 12:00:00,6.853534429182513
2018-08-17 13:00:00,6.52018241144405
2018-08-17 14:00:00,6.3969648641059464
2018-08-17 15:00:00,6.643594981205822
2018-08-17 16:00:00,6.3440076899391755
2018-08-17 17:00:00,6.088972046216792
2018-08-17 18:00:00,5.8864862682386905
2018-08-17 19:00:00,5.71316711446535
2018-08-17 20:00:00,4.982903179711187
2018-08-17 21:00:00,5.101354108656469
2018-08-17 22:00:00,5.267272981453296
2018-08-17 23:00:00,5.059900941752126
2018-08-18 00:00:00,5.811912011205652
2018-08-18 01:00:00,5.871752263945311
2018-08-18 02:00:00,6.267192627925841
2018-08-18 03:00:00,5.513238695219946
2018-08-18 04:00:00,5.355457955772697
2018-08-18 05:00:00,6.020008236197321
2018-08-18 06:00:00,5.736595081684721
2018-08-18 07:00:00,5.445280088031211
2018-08-18 08:00:00,5.4383799527422685
2018-08-18 09:00:00,5.975399542611845
2018-08-18 10:00:00,5.826099322868617
2018-08-18 11:00:00,5.688023912324559
2018-08-18 12:00:00,6.145766154447572
2018-08-18 13:00:00,5.6557550822387554
2018-08-18 14:00:00,5.491869685759049
2018-08-18 15:00:00,6.083351643232608
2018-08-18 16:00:00,5.753209759597294
2018-08-18 17:00:00,6.110451299895653
2018-08-18 18:00:00,5.947405249696697
2018-08-18 19:00:00,5.494800480783624
2018-08-18 20:00:00,5.860209090092558
2018-08-18 21:00:00,5.954697299396959
2018-08-18 22:00:00,6.070307304133411
2018-08-18 23:00:00,5.720773420888783
2018-08-19 00:00:00,5.76706393330826
2018-08-19 01:00:00,5.350161563027544
2018-08-19 02:00:00,5.749938131571461
2018-08-19 03:00:00,5.463711606155105
2018-08-19 04:00:00,5.730198004676234
2018-08-19 05:00:00,5.660391308893806
2018-08-19 06:00:00,5.374856391028459
2018-08-19 07:00:00,5.459878159823845
2018-08-19 08:00:00,5.397535413318308
2018-08-19 09:00:00,5.695069649667799
2018-08-19 10:00:00,5.653539778937453
2018-08-19 11:00:00,5.769067928455457
2018-08-19 12:00:00,5.559796168602478
2018-08-19 13:00:00,5.384635593147351
2018-08-19 14:00:00,5.499040129472842
2018-08-19 15:00:00,5.829288478412819
2018-08-19 16:00:00,5.645052392414188
2018-08-19 17:00:00,5.786290185099046
2018-08-19 18:00:00,5.882507923564053
2018-08-19 19:00:00,5.6845630889378995
2018-08-19 20:00:00,5.701356450291121
2018-08-19 21:00:00,5.605718339692578
2018-08-19 22:00:00,6.206802532468842
2018-08-19 23:00:00,5.606645786051771
2018-08-20 00:00:00,4.925358037326934
2018-08-20 01:00:00,5.035341106101064
2018-08-20 02:00:00,4.859728676309162
2018-08-20 03:00:00,4.904837364836928
2018-08-20 04:00:00,4.948604341145138
2018-08-20 05:00:00,5.310237123534427
2018-08-20 06:00:00,5.563681290118469
2018-08-20 07:00:00,5.978218835192581
2018-08-20 08:00:00,6.388359182664176
2018-08-20 09:00:00,7.144016757790564
2018-08-20 10:00:00,6.960221381741878
2018-08-20 11:00:00,6.809911835214733
2018-08-20 12:00:00,7.1979741371449935
2018-08-20 13:00:00,7.0853417395955045
2018-08-20 14:00:00,6.997520992086435
2018-08-20 15:00:00,6.935986200002054
2018-08-20 16:00:00,6.9054543559663815
2018-08-20 17:00:00,6.3315744642019745
2018-08-20 18:00:00,6.371194752923413
2018-08-20 19:00:00,5.8811166796082786
2018-08-20 20:00:00,5.83508356401398
2018-08-20 21:00:00,5.489011583958594
2018-08-20 22:00:00,5.306801652859963
2018-08-20 23:00:00,5.07266841781899
2018-08-21 00:00:00,5.7339326207032455
2018-08-21 01:00:00,5.539224516457976
2018-08-21 02:00:00,5.521466847161777
2018-08-21 03:00:00,5.844356252554037
2018-08-21 04:00:00,5.559094569337725
2018-08-21 05:00:00,5.850796518031495
2018-08-21 06:00:00,6.4045764508068865
2018-08-21 07:00:00,6.640568472788201
2018-08-21 08:00:00,7.256948118068718
2018-08-21 09:00:00,7.215520474437807
2018-08-21 10:00:00,7.813373155178607
2018-08-21 11:00:00,7.928344254928665
2018-08-21 12:00:00,7.718416794244769
2018-08-21 13:00:00,7.802222872265519
2018-08-21 14:00:00,7.497456507562869
2018-08-21 15:00:00,7.652395338058169
2018-08-21 16:00:00,7.526440464086976
2018-08-21 17:00:00,7.117572523254495
2018-08-21 18:00:00,7.089286954792964
2018-08-21 19:00:00,6.647020679943309
2018-08-21 20:00:00,6.035089080933082
2018-08-21 21:00:00,5.99493200281893
2018-08-21 22:00:00,6.286343614015795
2018-08-21 23:00:00,5.842492002683415
2018-08-22 00:00:00,6.289102536779368
2018-08-22 01:00:00,6.226988490466428
2018-08-22 02:00:00,5.989496530613353
2018-08-22 03:00:00,5.809877289773554
2018-08-22 04:00:00,6.072521512265509
2018-08-22 05:00:00,6.121340074213102
2018-08-22 06:00:00,6.855949950143683
2018-08-22 07:00:00,6.969382388931438
2018-08-22 08:00:00,7.433196891314199
2018-08-22 09:00:00,7.929134459728601
2018-08-22 10:00:00,8.324096052142815
2018-08-22 11:00:00,8.324555371784891
2018-08-22 12:00:00,8.047203343245119
2018-08-22 13:00:00,8.360571325003884
2018-08-22 14:00:00,8.44812631015007
2018-08-22 15:00:00,8.25190887917836
2018-08-22 16:00:00,7.995845217672135
2018-08-22 17:00:00,7.569980875796994
2018-08-22 18:00:00,7.6599420418122675
2018-08-22 19:00:00,7.086574304004925
2018-08-22 20:00:00,6.725871435196652
2018-08-22 21:00:00,6.448256025991658
2018-08-22 22:00:00,6.191528940988647
2018-08-22 23:00:00,6.389736222159314
2018-08-23 00:00:00,5.778670787853403
2018-08-23 01:00:00,5.999728152807483
2018-08-23 02:00:00,5.573916038966652
2018-08-23 03:00:00,6.029597845994009
2018-08-23 04:00:00,5.4231129186961615
2018-08-23 05:00:00,5.931578592478359
2018-08-23 06:00:00,6.165118689579595
2018-08-23 07:00:00,6.87531428314255
2018-08-23 08:00:00,7.492883553252808
2018-08-23 09:00:00,7.619032625215883
2018-08-23 10:00:00,8.361978216266605
2018-08-23 11:00:00,7.748409339044177
2018-08-23 12:00:00,7.876526709216631
2018-08-23 13:00:00,8.047484723351921
2018-08-23 14:00:00,8.263735030215662
2018-08-23 15:00:00,7.6214297697232976
2018-08-23 16:00:00,7.4295980243387145
2018-08-23 17:00:00,7.652918633595612
2018-08-23 18:00:00,7.065609718867535
2018-08-23 19:00:00,6.818559396036008
2018-08-23 20:00:00,6.33914604161988
2018-08-23 21:00:00,5.789240695744541
2018-08-23 22:00:00,6.125376881630931
2018-08-23 23:00:00,6.20062241724009
2018-08-24 00:00:00,5.181943672676234
2018-08-24 01:00:00,5.112440265978078
2018-08-24 02:00:00,4.915962133230229
2018-08-24 03:00:00,5.09009829688221
2018-08-24 04:00:00,4.962653092327853
2018-08-24 05:00:00,5.499082612971435
2018-08-24 06:00:00,5.872342376924229
2018-08-24 07:00:00,6.060142182679265
2018-08-24 08:00:00,6.739070984346132
2018-08-24 09:00:00,6.785807476534984
2018-08-24 10:00:00,7.22970432926236
2018-08-24 11:00:00,7.413916934004893
2018-08-24 12:00:00,7.205683358333403
2018-08-24 13:00:00,7.20253639650363
2018-08-24 14:00:00,7.48047265661414
2018-08-24 15:00:00,6.826968605341148
2018-08-24 16:00:00,6.668309493400817
2018-08-24 17:00:00,6.778062040083251
2018-08-24 18:00:00,5.917913051203489
2018-08-24 19:00:00,5.844624168772049
2018-08-24 20:00:00,5.690014598638935
2018-08-24 21:00:00,5.857007004631572
2018-08-24 22:00:00,5.553697030861582
2018-08-24 23:00:00,5.402828421880945
2018-08-25 00:00:00,5.618971610279342
2018-08-25 01:00:00,5.632295406913533
2018-08-25 02:00:00,5.2370588119000105
2018-08-25 03:00:00,5.4930982264902415
2018-08-25 04:00:00,5.518984372296459
2018-08-25 05:00:00,5.545401466784439
2018-08-25 06:00:00,5.492921511629442
2018-08-25 07:00:00,5.214264976191722
2018-08-25 08:00:00,5.542566665835025
2018-08-25 09:00:00,5.802274950878811
2018-08-25 10:00:00,5.868045736054646
2018-08-25 11:00:00,5.987216873297141
2018-08-25 12:00:00,6.17828507899564
2018-08-25 13:00:00,5.772241375252032
2018-08-25 14:00:00,5.708383469385038
2018-08-25 15:00:00,6.0543247876258315
2018-08-25 16:00:00,6.080408877350779
2018-08-25 17:00:00,6.286254327591863
2018-08-25 18:00:00,6.037250781210064
2018-08-25 19:00:00,5.3719395890881065
2018-08-25 20:00:00,5.6696131487554595
2018-08-25 21:00:00,5.648132611006269
2018-08-25 22:00:00,5.753514568468751
2018-08-25 23:00:00,5.598504261713834
2018-08-26 00:00:00,6.002957302134443
2018-08-26 01:00:00,5.737019940632879
2018-08-26 02:00:00,5.762787204950662
2018-08-26 03:00:00,5.68434037806053
2018-08-26 04:00:00,5.446930500262669
2018-08-26 05:00:00,5.885385733229675
2018-08-26 06:00:00,5.6102776027515295
2018-08-26 07:00:00,5.464231982028818
2018-08-26 08:00:00,5.908837546250518
2018-08-26 09:00:00,5.5908212119940535
2018-08-26 10:00:00,6.04059715199193
2018-08-26 11:00:00,5.776561761491016
2018-08-26 12:00:00,6.072072949782407
2018-08-26 13:00:00,6.022433264644579
2018-08-26 14:00:00,6.418035760283952
2018-08-26 15:00:00,6.033794173555563
2018-08-26 16:00:00,5.904193415419321
2018-08-26 17:00:00,6.038936218095694
2018-08-26 18:00:00,5.820602572932092
2018-08-26 19:00:00,5.61880129031277
2018-08-26 20:00:00,5.849609110421942
2018-08-26 21:00:00,6.080235161093367
2018-08-26 22:00:00,6.051997768345015
2018-08-26 23:00:00,5.783386802541625
2018-08-27 00:00:00,5.185659644155465
2018-08-27 01:00:00,5.160785584945275
2018-08-27 02:00:00,5.277272571473924
2018-08-27 03:00:00,5.1927302974146885
2018-08-27 04:00:00,5.242828098188925
2018-08-27 05:00:00,5.46942556118596
2018-08-27 06:00:00,6.134709550638079
2018-08-27 07:00:00,6.91028838940514
2018-08-27 08:00:00,7.55934356866894
2018-08-27 09:00:00,7.874401260071802
2018-08-27 10:00:00,8.197275726503234
2018-08-27 11:00:00,7.503204528680007
2018-08-27 12:00:00,7.727753717916422
2018-08-27 13:00:00,7.810173239443092
2018-08-27 14:00:00,8.344042213535767
2018-08-27 15:00:00,7.747950094198926
2018-08-27 16:00:00,7.520036751332502
2018-08-27 17:00:00,7.3626575860407595
2018-08-27 18:00:00,6.809557616024631
2018-08-27 19:00:00,6.885431799515389
2018-08-27 20:00:00,5.976095579760798
2018-08-27 21:00:00,6.0632828938309915
2018-08-27 22:00:00,5.845138546683751
2018-08-27 23:00:00,5.834585345395538
2018-08-28 00:00:00,4.772688916451497
2018-08-28 01:00:00,5.053682719990738
2018-08-28 02:00:00,4.819876848593756
2018-08-28 03:00:00,4.926706249040191
2018-08-28 04:00:00,4.711450928638779
2018-08-28 05:00:00,5.144569176564921
2018-08-28 06:00:00,5.134701429347932
2018-08-28 07:00:00,6.161489142113112
2018-08-28 08:00:00,6.859663933114463
2018-08-28 09:00:00,6.509032261927123
2018-08-28 10:00:00,7.0341640928219995
2018-08-28 11:00:00,7.4757187703025645
2018-08-28 12:00:00,7.099727268194109
2018-08-28 13:00:00,6.7900994994200685
2018-08-28 14:00:00,7.363556087523439
2018-08-28 15:00:00,6.861601827218449
2018-08-28 16:00:00,6.657281758589047
2018-08-28 17:00:00,6.596410818907776
2018-08-28 18:00:00,6.215043820373057
2018-08-28 19:00:00,5.750461424568473
2018-08-28 20:00:00,5.4489589480731
2018-08-28 21:00:00,5.367981726023736
2018-08-28 22:00:00,5.068329909640644
2018-08-28 23:00:00,4.9072670377627565
2018-08-29 00:00:00,5.814725383223608
2018-08-29 01:00:00,6.0660012612737715
2018-08-29 02:00:00,5.88581804887978
2018-08-29 03:00:00,5.8974888602532785
2018-08-29 04:00:00,6.198144338512043
2018-08-29 05:00:00,6.212791911368694
2018-08-29 06:00:00,6.937629955860042
2018-08-29 07:00:00,6.987614351594617
2018-08-29 08:00:00,7.494211609869256
2018-08-29 09:00:00,8.370353739814632
2018-08-29 10:00:00,8.147722947890012
2018-08-29 11:00:00,8.5551700192792
2018-08-29 12:00:00,8.62286802038432
2018-08-29 13:00:00,8.495926845906494
2018-08-29 14:00:00,8.511404738100211
2018-08-29 15:00:00,8.189673135215457
2018-08-29 16:00:00,8.409008062772713
2018-08-29 17:00:00,7.828273771879272
2018-08-29 18:00:00,7.8266290949522
2018-08-29 19:00:00,6.919117870586316
2018-08-29 20:00:00,6.690833872499738
2018-08-29 21:00:00,6.460731785145171
2018-08-29 22:00:00,6.0942278752449495
2018-08-29 23:00:00,5.983842652461347
2018-08-30 00:00:00,6.186405691566045
2018-08-30 01:00:00,6.315577055898341
2018-08-30 02:00:00,5.846409744605363
2018-08-30 03:00:00,6.10281706276005
2018-08-30 04:00:00,6.25432556677983
2018-08-30 05:00:00,6.478018991058724
2018-08-30 06:00:00,6.827441734415019
2018-08-30 07:00:00,7.544723386002561
2018-08-30 08:00:00,8.49218006272724
2018-08-30 09:00:00,8.39103647412373
2018-08-30 10:00:00,8.8360085155604
2018-08-30 11:00:00,8.389606934400103
2018-08-30 12:00:00,8.649446034158736
2018-08-30 13:00:00,8.512786434520246
2018-08-30 14:00:00,8.967116548203217
2018-08-30 15:00:00,8.14985997363263
2018-08-30 16:00:00,8.360722474292666
2018-08-30 17:00:00,7.911449711068237
2018-08-30 18:00:00,7.918023968217383
2018-08-30 19:00:00,7.150953705401566
2018-08-30 20:00:00,6.624632858273783
2018-08-30 21:00:00,6.665566685859518
2018-08-30 22:00:00,6.185822285591866
2018-08-30 23:00:00,6.166282583750794
2018-08-31 00:00:00,5.289664481808894
2018-08-31 01:00:00,5.251470768266302
2018-08-31 02:00:00,5.280230641807591
2018-08-31 03:00:00,5.18913631533237
2018-08-31 04:00:00,5.084967365832149
2018-08-31 05:00:00,5.071135902774243
2018-08-31 06:00:00,5.898177372179896
2018-08-31 07:00:00,6.391051864765791
2018-08-31 08:00:00,6.763933244120762
2018-08-31 09:00:00,7.264450283838278
2018-08-31 10:00:00,7.694523206791463
2018-08-31 11:00:00,7.309457774757508
2018-08-31 12:00:00,7.10823335752731
2018-08-31 13:00:00,6.97734006590019
2018-08-31 14:00:00,7.077312205476229
2018-08-31 15:00:00,6.701613082203359
2018-08-31 16:00:00,6.969104629861598
2018-08-31 17:00:00,6.341905038533601
2018-08-31 18:00:00,6.39486683082198
2018-08-31 19:00:00,5.7962057815249395
2018-08-31 20:00:00,5.649447388425093
2018-08-31 21:00:00,5.298454583925014
2018-08-31 22:00:00,5.510485611449265
2018-08-31 23:00:00,5.317869018414203
2018-09-01 00:00:00,5.777512299853855
2018-09-01 01:00:00,5.962036222755024
2018-09-01 02:00:00,5.722464147176235
2018-09-01 03:00:00,5.585142145488184
2018-09-01 04:00:00,5.459964654415081
2018-09-01 05:00:00,5.56920800941636
2018-09-01 06:00:00,5.922583224730408
2018-09-01 07:00:00,5.774831545943707
2018-09-01 08:00:00,5.873857947846271
2018-09-01 09:00:00,5.6565307675062435
2018-09-01 10:00:00,6.060095653511496
2018-09-01 11:00:00,6.354943083544685
2018-09-01 12:00:00,5.94883418423319
2018-09-01 13:00:00,6.439230308498862
2018-09-01 14:00:00,6.588475876385281
2018-09-01 15:00:00,6.0174213834749155
2018-09-01 16:00:00,6.26363411810872
2018-09-01 17:00:00,6.159875467983341
2018-09-01 18:00:00,6.042554025405545
2018-09-01 19:00:00,6.044135839457038
2018-09-01 20:00:00,5.675087065578266
2018-09-01 21:00:00,5.776757340396488
2018-09-01 22:00:00,5.88821562434386
2018-09-01 23:00:00,5.909338815863767
2018-09-02 00:00:00,4.991122415270202
2018-09-02 01:00:00,4.812768545483626
2018-09-02 02:00:00,5.0282689576586765
2018-09-02 03:00:00,4.800152669261683
2018-09-02 04:00:00,5.002178773301755
2018-09-02 05:00:00,5.2337505129693636
2018-09-02 06:00:00,4.934660334529619
2018-09-02 07:00:00,4.956670638897354
2018-09-02 08:00:00,4.642362350305811
2018-09-02 09:00:00,4.8397468152717105
2018-09-02 10:00:00,4.9282233056592
2018-09-02 11:00:00,5.169352698336749
2018-09-02 12:00:00,5.3131626242423
2018-09-02 13:00:00,5.185680175087266
2018-09-02 14:00:00,5.414764639607481
2018-09-02 15:00:00,5.003785285142488
2018-09-02 16:00:00,5.194038649272007
2018-09-02 17:00:00,5.349073508074803
2018-09-02 18:00:00,4.999447324347504
2018-09-02 19:00:00,5.2519411965504785
2018-09-02 20:00:00,5.144241297517363
2018-09-02 21:00:00,5.110087611571501
2018-09-02 22:00:00,5.234872790045723
2018-09-02 23:00:00,5.309258736441302
2018-09-03 00:00:00,5.186765532722636
2018-09-03 01:00:00,5.250628427765768
2018-09-03 02:00:00,5.24703025809177
2018-09-03 03:00:00,5.466741075480423
2018-09-03 04:00:00,5.611328442044791
2018-09-03 05:00:00,5.772330019918133
2018-09-03 06:00:00,5.815608343948439
2018-09-03 07:00:00,6.4031751463493505
2018-09-03 08:00:00,7.24768900137622
2018-09-03 09:00:00,7.5186138366396795
2018-09-03 10:00:00,7.6273660833816574
2018-09-03 11:00:00,8.231089212235242
2018-09-03 12:00:00,8.165383149566763
2018-09-03 13:00:00,8.393861674389788
2018-09-03 14:00:00,7.707486385275302
2018-09-03 15:00:00,7.775130253855385
2018-09-03 16:00:00,7.590595721601555
2018-09-03 17:00:00,7.616188758854829
2018-09-03 18:00:00,6.965336827950726
2018-09-03 19:00:00,6.7014190778636955
2018-09-03 20:00:00,6.420418516834306
2018-09-03 21:00:00,6.013472170257081
2018-09-03 22:00:00,5.864593201121687
2018-09-03 23:00:00,5.789574446431016
2018-09-04 00:00:00,5.6541059775915885
2018-09-04 01:00:00,5.6234365861170525
2018-09-04 02:00:00,5.544409947789371
2018-09-04 03:00:00,5.4203984546684545
2018-09-04 04:00:00,5.4606560074724
2018-09-04 05:00:00,5.923251323857904
2018-09-04 06:00:00,6.100748066868902
2018-09-04 07:00:00,6.423036703588428
2018-09-04 08:00:00,7.589545459766267
2018-09-04 09:00:00,8.116800431508889
2018-09-04 10:00:00,8.216625839770977
2018-09-04 11:00:00,8.279185220783166
2018-09-04 12:00:00,8.025808351135243
2018-09-04 13:00:00,8.07612985827799
2018-09-04 14:00:00,8.191641565504035
2018-09-04 15:00:00,7.822506029940692
2018-09-04 16:00:00,7.648453583771643
2018-09-04 17:00:00,6.901276843491037
2018-09-04 18:00:00,7.380900267855471
2018-09-04 19:00:00,6.152643203489968
2018-09-04 20:00:00,6.2076209691186595
2018-09-04 21:00:00,5.749090467956196
2018-09-04 22:00:00,6.125408444327006
2018-09-04 23:00:00,5.559202585716752
2018-09-05 00:00:00,5.8134868709111815
2018-09-05 01:00:00,5.822155850467005
2018-09-05 02:00:00,5.9384728142984
2018-09-05 03:00:00,5.924005553088118
2018-09-05 04:00:00,5.832328108541312
2018-09-05 05:00:00,6.189094878730572
2018-09-05 06:00:00,6.246163724549835
2018-09-05 07:00:00,7.540094561544734
2018-09-05 08:00:00,7.696305603801206
2018-09-05 09:00:00,8.743076274089061
2018-09-05 10:00:00,8.827651162588849
2018-09-05 11:00:00,8.505928922775473
2018-09-05 12:00:00,8.503114920936031
2018-09-05 13:00:00,8.45835998219881
2018-09-05 14:00:00,8.431098195529742
2018-09-05 15:00:00,8.426501759683036
2018-09-05 16:00:00,7.933903331910748
2018-09-05 17:00:00,7.82857919036834
2018-09-05 18:00:00,7.534973068566282
2018-09-05 19:00:00,7.114290448476266
2018-09-05 20:00:00,6.552792285370044
2018-09-05 21:00:00,6.385068661470443
2018-09-05 22:00:00,6.131908563323318
2018-09-05 23:00:00,6.338656675390946
2018-09-06 00:00:00,5.97585434842461
2018-09-06 01:00:00,5.665148660712238
2018-09-06 02:00:00,5.4887499962432
2018-09-06 03:00:00,5.983874844117754
2018-09-06 04:00:00,5.661678297537952
2018-09-06 05:00:00,5.661725980421108
2018-09-06 06:00:00,6.853728452259368
2018-09-06 07:00:00,7.3980759406279395
2018-09-06 08:00:00,8.58249192451456
2018-09-06 09:00:00,8.42632065821122
2018-09-06 10:00:00,8.830389790059524
2018-09-06 11:00:00,8.924802408464744
2018-09-06 12:00:00,8.628285030614922
2018-09-06 13:00:00,7.922075842030911
2018-09-06 14:00:00,8.209246309197313
2018-09-06 15:00:00,8.886690578410024
2018-09-06 16:00:00,8.02047860853745
2018-09-06 17:00:00,7.772088406554001
2018-09-06 18:00:00,7.165621478579771
2018-09-06 19:00:00,6.600426453497445
2018-09-06 20:00:00,6.650800332358078
2018-09-06 21:00:00,6.024458408983603
2018-09-06 22:00:00,6.0192730347543995
2018-09-06 23:00:00,5.640508913058929
2018-09-07 00:00:00,5.512650373937444
2018-09-07 01:00:00,5.6918489744364615
2018-09-07 02:00:00,5.493567178003587
2018-09-07 03:00:00,5.643941608489
2018-09-07 04:00:00,5.80004015729101
2018-09-07 05:00:00,5.911474267525542
2018-09-07 06:00:00,6.885613889994581
2018-09-07 07:00:00,7.173745494349842
2018-09-07 08:00:00,7.373367590996431
2018-09-07 09:00:00,8.154964949426086
2018-09-07 10:00:00,8.760522105748878
2018-09-07 11:00:00,8.110358088538506
2018-09-07 12:00:00,8.50307260386429
2018-09-07 13:00:00,8.203970324655282
2018-09-07 14:00:00,7.976257927742207
2018-09-07 15:00:00,8.012360046963032
2018-09-07 16:00:00,7.6700823636217486
2018-09-07 17:00:00,7.078818316345107
2018-09-07 18:00:00,6.695946168086671
2018-09-07 19:00:00,6.123656225707867
2018-09-07 20:00:00,6.127327548201295
2018-09-07 21:00:00,6.114258088246502
2018-09-07 22:00:00,6.097476421968906
2018-09-07 23:00:00,5.886485155608994
2018-09-08 00:00:00,6.453998788083969
2018-09-08 01:00:00,6.641030406774774
2018-09-08 02:00:00,5.939560767439022
2018-09-08 03:00:00,6.287228796051351
2018-09-08 04:00:00,5.859727017832549
2018-09-08 05:00:00,6.5557399464602195
2018-09-08 06:00:00,6.5588983986044225
2018-09-08 07:00:00,6.393860187979488
2018-09-08 08:00:00,6.37132165162823
2018-09-08 09:00:00,6.460335512539928
2018-09-08 10:00:00,6.56972164676239
2018-09-08 11:00:00,6.9206553082322335
2018-09-08 12:00:00,6.682519216975249
2018-09-08 13:00:00,6.609534013932781
2018-09-08 14:00:00,6.527200821199026
2018-09-08 15:00:00,6.77667455026372
2018-09-08 16:00:00,6.298637914549214
2018-09-08 17:00:00,6.466881142550819
2018-09-08 18:00:00,6.15821822237916
2018-09-08 19:00:00,6.231001573751744
2018-09-08 20:00:00,6.109774464976516
2018-09-08 21:00:00,6.668406193871682
2018-09-08 22:00:00,6.638877058367643
2018-09-08 23:00:00,6.245576682911779
2018-09-09 00:00:00,5.867524078568113
2018-09-09 01:00:00,5.653518839352713
2018-09-09 02:00:00,5.780149502807212
2018-09-09 03:00:00,5.385810352726107
2018-09-09 04:00:00,5.533075619754665
2018-09-09 05:00:00,5.333759478985174
2018-09-09 06:00:00,5.484748593907066
2018-09-09 07:00:00,5.207342872337666
2018-09-09 08:00:00,5.473226365175517
2018-09-09 09:00:00,5.673095682884775
2018-09-09 10:00:00,5.63992293097087
2018-09-09 11:00:00,5.804203964066903
2018-09-09 12:00:00,5.638733346518466
2018-09-09 13:00:00,5.9231474107493
2018-09-09 14:00:00,5.7493467312898785
2018-09-09 15:00:00,5.817262308565367
2018-09-09 16:00:00,5.338666488894568
2018-09-09 17:00:00,5.618961127072404
2018-09-09 18:00:00,5.539310380787542
2018-09-09 19:00:00,5.722553607064254
2018-09-09 20:00:00,5.988676543618553
2018-09-09 21:00:00,5.802165978443668
2018-09-09 22:00:00,5.952143803770799
2018-09-09 23:00:00,5.656973330127849
2018-09-10 00:00:00,5.669211962024895
2018-09-10 01:00:00,4.898074169396477
2018-09-10 02:00:00,5.105937430745465
2018-09-10 03:00:00,5.137873001611507
2018-09-10 04:00:00,5.406576969957771
2018-09-10 05:00:00,5.563394755768331
2018-09-10 06:00:00,6.220436143009651
2018-09-10 07:00:00,7.180936986030545
2018-09-10 08:00:00,7.551332353065111
2018-09-10 09:00:00,8.72133226825599
2018-09-10 10:00:00,8.516812085318286
2018-09-10 11:00:00,8.227405415434363
2018-09-10 12:00:00,7.884437665727308
2018-09-10 13:00:00,8.254667412895724
2018-09-10 14:00:00,8.131121320133543
2018-09-10 15:00:00,8.065989514509566
2018-09-10 16:00:00,7.806971317240683
2018-09-10 17:00:00,7.082554324060278
2018-09-10 18:00:00,6.931837188813577
2018-09-10 19:00:00,6.595056233603232
2018-09-10 20:00:00,6.13189485979944
2018-09-10 21:00:00,6.141946806129787
2018-09-10 22:00:00,6.064798175517659
2018-09-10 23:00:00,5.700196368561412
2018-09-11 00:00:00,5.704923940473059
2018-09-11 01:00:00,5.699018111637706
2018-09-11 02:00:00,5.21719427890267
2018-09-11 03:00:00,5.775969121701595
2018-09-11 04:00:00,5.193105093051712
2018-09-11 05:00:00,6.257619069399211
2018-09-11 06:00:00,6.438931105269979
2018-09-11 07:00:00,6.984213048844289
2018-09-11 08:00:00,7.586327728160388
2018-09-11 09:00:00,8.5774186690692
2018-09-11 10:00:00,8.403789194296529
2018-09-11 11:00:00,8.513151966141493
2018-09-11 12:00:00,7.780329676463005
2018-09-11 13:00:00,7.792283072312135
2018-09-11 14:00:00,8.4408688961437
2018-09-11 15:00:00,8.072956939165643
2018-09-11 16:00:00,7.802604371535884
2018-09-11 17:00:00,7.172919474703559
2018-09-11 18:00:00,7.259424753753198
2018-09-11 19:00:00,6.9319551692987655
2018-09-11 20:00:00,6.469763595430972
2018-09-11 21:00:00,6.050757220703122
2018-09-11 22:00:00,6.3339333292834255
2018-09-11 23:00:00,5.8159390178273505
2018-09-12 00:00:00,5.367695548769625
2018-09-12 01:00:00,5.494399123930177
2018-09-12 02:00:00,5.57804662401158
2018-09-12 03:00:00,5.560439774194693
2018-09-12 04:00:00,5.511399813902841
2018-09-12 05:00:00,5.614528405971263
2018-09-12 06:00:00,6.275283521203078
2018-09-12 07:00:00,7.331991428258512
2018-09-12 08:00:00,7.458316711850421
2018-09-12 09:00:00,7.805502360213407
2018-09-12 10:00:00,7.844977016968132
2018-09-12 11:00:00,8.066943495698482
2018-09-12 12:00:00,8.309211076236023
2018-09-12 13:00:00,7.901016996975269
2018-09-12 14:00:00,8.025744915356976
2018-09-12 15:00:00,8.413876236506187
2018-09-12 16:00:00,8.147197688167212
2018-09-12 17:00:00,7.346790045414408
2018-09-12 18:00:00,6.76671758000208
2018-09-12 19:00:00,6.712253362784624
2018-09-12 20:00:00,6.3900834534224025
2018-09-12 21:00:00,6.032432401381963
2018-09-12 22:00:00,6.338443056723271
2018-09-12 23:00:00,6.059033673577058
2018-09-13 00:00:00,4.938512002846275
2018-09-13 01:00:00,4.618120086170992
2018-09-13 02:00:00,4.573024639677116
2018-09-13 03:00:00,4.441947916323414
2018-09-13 04:00:00,4.532663551004552
2018-09-13 05:00:00,4.8566861923832745
2018-09-13 06:00:00,5.472643693575812
2018-09-13 07:00:00,5.827165019001984
2018-09-13 08:00:00,6.710883979888218
2018-09-13 09:00:00,7.2924905278706555
2018-09-13 10:00:00,7.04961573369222
2018-09-13 11:00:00,7.264165553227089
2018-09-13 12:00:00,6.762712602847817
2018-09-13 13:00:00,7.395959253311467
2018-09-13 14:00:00,7.076083338352276
2018-09-13 15:00:00,6.962825315024981
2018-09-13 16:00:00,6.637800326968762
2018-09-13 17:00:00,6.086790607927337
2018-09-13 18:00:00,6.114942717990928
2018-09-13 19:00:00,5.867398963935544
2018-09-13 20:00:00,5.501319288127417
2018-09-13 21:00:00,5.188404934337324
2018-09-13 22:00:00,5.062609262340935
2018-09-13 23:00:00,5.015533672328459
2018-09-14 00:00:00,6.019381318255928
2018-09-14 01:00:00,6.0415976327652166
2018-09-14 02:00:00,5.972746144727257
2018-09-14 03:00:00,6.080111956400382
2018-09-14 04:00:00,5.994366663821438
2018-09-14 05:00:00,6.594858975410271
2018-09-14 06:00:00,6.710168543700143
2018-09-14 07:00:00,7.5508921428632165
2018-09-14 08:00:00,8.814854818252904
2018-09-14 09:00:00,8.426994982513733
2018-09-14 10:00:00,8.875547601567613
2018-09-14 11:00:00,9.258513979824682
2018-09-14 12:00:00,8.376825104731177
2018-09-14 13:00:00,8.413410904012025
2018-09-14 14:00:00,8.212476288611954
2018-09-14 15:00:00,8.415202495159658
2018-09-14 16:00:00,7.7124411375560875
2018-09-14 17:00:00,7.715928184621228
2018-09-14 18:00:00,7.694453834673319
2018-09-14 19:00:00,7.298487307088634
2018-09-14 20:00:00,6.382705999198602
2018-09-14 21:00:00,6.589459321712146
2018-09-14 22:00:00,6.589895087869854
2018-09-14 23:00:00,6.175569903496099
2018-09-15 00:00:00,5.584468768007947
2018-09-15 01:00:00,5.220754662072496
2018-09-15 02:00:00,5.228385727456913
2018-09-15 03:00:00,5.182638943301004
2018-09-15 04:00:00,5.322839454555202
2018-09-15 05:00:00,5.59039722013582
2018-09-15 06:00:00,5.732743449102392
2018-09-15 07:00:00,5.640187283351734
2018-09-15 08:00:00,5.4744334728773385
2018-09-15 09:00:00,5.903497338648182
2018-09-15 10:00:00,5.931955782190796
2018-09-15 11:00:00,5.901622466799464
2018-09-15 12:00:00,5.5389535897206095
2018-09-15 13:00:00,5.854390701654721
2018-09-15 14:00:00,5.851456813378393
2018-09-15 15:00:00,5.749931272677459
2018-09-15 16:00:00,5.599844460132161
2018-09-15 17:00:00,5.797174239730954
2018-09-15 18:00:00,5.414757812506144
2018-09-15 19:00:00,5.7193543892169325
2018-09-15 20:00:00,5.813204503360164
2018-09-15 21:00:00,5.42230073412355
2018-09-15 22:00:00,5.465761242485944
2018-09-15 23:00:00,5.529034307339195
2018-09-16 00:00:00,5.009605810545236
2018-09-16 01:00:00,5.314372947566853
2018-09-16 02:00:00,5.110438811971151
2018-09-16 03:00:00,4.8207352199683955
2018-09-16 04:00:00,4.994911929082758
2018-09-16 05:00:00,5.104193325539544
2018-09-16 06:00:00,4.901678855808167
2018-09-16 07:00:00,5.0296624611128795
2018-09-16 08:00:00,4.902717644277477
2018-09-16 09:00:00,5.070254917859622
2018-09-16 10:00:00,5.185177520740046
2018-09-16 11:00:00,5.1650650863150265
2018-09-16 12:00:00,5.171669423213464
2018-09-16 13:00:00,4.98578172309545
2018-09-16 14:00:00,5.289581874312641
2018-09-16 15:00:00,5.239038031676307
2018-09-16 16:00:00,5.190957089060268
2018-09-16 17:00:00,5.039981690176005
2018-09-16 18:00:00,5.244534556613235
2018-09-16 19:00:00,5.060164577392957
2018-09-16 20:00:00,5.165280480063836
2018-09-16 21:00:00,5.196494955913688
2018-09-16 22:00:00,5.1590650663873765
2018-09-16 23:00:00,5.2860762008768525
2018-09-17 00:00:00,5.945833864182037
2018-09-17 01:00:00,5.769197990630228
2018-09-17 02:00:00,5.79684326657494
2018-09-17 03:00:00,5.907663010886086
2018-09-17 04:00:00,5.845339290168104
2018-09-17 05:00:00,6.362711859746376
2018-09-17 06:00:00,7.040822711322464
2018-09-17 07:00:00,8.02084835667696
2018-09-17 08:00:00,8.594907913324066
2018-09-17 09:00:00,9.35271566653167
2018-09-17 10:00:00,9.426752963388699
2018-09-17 11:00:00,9.149846619800664
2018-09-17 12:00:00,9.293597096918985
2018-09-17 13:00:00,9.614377596504708
2018-09-17 14:00:00,9.11955188915447
2018-09-17 15:00:00,9.166781497543807
2018-09-17 16:00:00,9.105851141771295
2018-09-17 17:00:00,8.80037318446774
2018-09-17 18:00:00,7.903419136988077
2018-09-17 19:00:00,7.6323913961390595
2018-09-17 20:00:00,7.268750055667537
2018-09-17 21:00:00,7.132339025258077
2018-09-17 22:00:00,6.84153947790459
2018-09-17 23:00:00,6.430115661519385
2018-09-18 00:00:00,5.775259373743708
2018-09-18 01:00:00,5.635273388928676
2018-09-18 02:00:00,5.732260721996665
2018-09-18 03:00:00,5.8438502467781746
2018-09-18 04:00:00,5.462187545756172
2018-09-18 05:00:00,6.023272296049521
2018-09-18 06:00:00,6.878215108017558
2018-09-18 07:00:00,7.376976488249907
2018-09-18 08:00:00,8.073258607598419
2018-09-18 09:00:00,8.176227617286575
2018-09-18 10:00:00,8.799983650403659
2018-09-18 11:00:00,8.617465663976144
2018-09-18 12:00:00,8.536051194523235
2018-09-18 13:00:00,8.830182521210691
2018-09-18 14:00:00,8.809300479029858
2018-09-18 15:00:00,8.499842094769438
2018-09-18 16:00:00,7.942780814256243
2018-09-18 17:00:00,7.769121384677548
2018-09-18 18:00:00,7.135954884563013
2018-09-18 19:00:00,6.763779574591156
2018-09-18 20:00:00,7.125265897660682
2018-09-18 21:00:00,6.4294360937829556
2018-09-18 22:00:00,6.208750886160423
2018-09-18 23:00:00,5.903469210231745
2018-09-19 00:00:00,5.7204118461444216
2018-09-19 01:00:00,5.560514099315881
2018-09-19 02:00:00,5.671422316593028
2018-09-19 03:00:00,5.600113458811912
2018-09-19 04:00:00,5.802783062670093
2018-09-19 05:00:00,5.810649888811981
2018-09-19 06:00:00,6.042134645090161
2018-09-19 07:00:00,7.074714132815985
2018-09-19 08:00:00,7.755027490339858
2018-09-19 09:00:00,8.085648683088658
2018-09-19 10:00:00,8.661225968170813
2018-09-19 11:00:00,8.534106683373384
2018-09-19 12:00:00,7.564121032487268
2018-09-19 13:00:00,8.269681083704663
2018-09-19 14:00:00,8.107802053714892
2018-09-19 15:00:00,8.083955717642654
2018-09-19 16:00:00,7.826555392920453
2018-09-19 17:00:00,7.575530253169838
2018-09-19 18:00:00,6.755874421025151
2018-09-19 19:00:00,6.911598984485974
2018-09-19 20:00:00,5.948942276020863
2018-09-19 21:00:00,6.450303892676332
2018-09-19 22:00:00,5.735295211902486
2018-09-19 23:00:00,5.61744924264427
2018-09-20 00:00:00,5.42080866065986
2018-09-20 01:00:00,4.971131778561351
2018-09-20 02:00:00,5.255990301959609
2018-09-20 03:00:00,5.434212103473371
2018-09-20 04:00:00,5.391119501136481
2018-09-20 05:00:00,5.418217490544712
2018-09-20 06:00:00,6.04592140392178
2018-09-20 07:00:00,6.854516122048308
2018-09-20 08:00:00,7.648032197728199
2018-09-20 09:00:00,8.148103312906722
2018-09-20 10:00:00,7.7283278792279475
2018-09-20 11:00:00,7.896501710443366
2018-09-20 12:00:00,7.392833883598406
2018-09-20 13:00:00,7.8464307697587135
2018-09-20 14:00:00,7.743769637656319
2018-09-20 15:00:00,7.742911593845901
2018-09-20 16:00:00,7.173078725994337
2018-09-20 17:00:00,7.241956552694026
2018-09-20 18:00:00,6.53913594956151
2018-09-20 19:00:00,6.407538544804984
2018-09-20 20:00:00,6.209751573760531
2018-09-20 21:00:00,5.364565534560461
2018-09-20 22:00:00,5.801148074692812
2018-09-20 23:00:00,5.505567855434021
2018-09-21 00:00:00,5.625347387430561
2018-09-21 01:00:00,5.583545641894292
2018-09-21 02:00:00,5.205759392894536
2018-09-21 03:00:00,5.395533620084474
2018-09-21 04:00:00,5.537423646221209
2018-09-21 05:00:00,5.513661492042115
2018-09-21 06:00:00,6.380314670265234
2018-09-21 07:00:00,6.7524156704620255
2018-09-21 08:00:00,7.553495565133081
2018-09-21 09:00:00,8.41697043020291
2018-09-21 10:00:00,7.891045102884998
2018-09-21 11:00:00,7.9000247938301555
2018-09-21 12:00:00,7.697070179113677
2018-09-21 13:00:00,7.63778345482976
2018-09-21 14:00:00,7.479445909305878
2018-09-21 15:00:00,7.248096220967759
2018-09-21 16:00:00,7.295191890484956
2018-09-21 17:00:00,6.9255990334699815
2018-09-21 18:00:00,6.536331034177764
2018-09-21 19:00:00,6.397730613229607
2018-09-21 20:00:00,6.367788351017047
2018-09-21 21:00:00,6.0997877656228106
2018-09-21 22:00:00,5.512431188501527
2018-09-21 23:00:00,5.41498105197748
2018-09-22 00:00:00,5.170029432176647
2018-09-22 01:00:00,5.004414252213929
2018-09-22 02:00:00,4.733911462309239
2018-09-22 03:00:00,4.829531982516573
2018-09-22 04:00:00,4.85021277186107
2018-09-22 05:00:00,5.093491766149127
2018-09-22 06:00:00,4.973360330812554
2018-09-22 07:00:00,4.895219882879964
2018-09-22 08:00:00,4.987770773264101
2018-09-22 09:00:00,4.944078969279652
2018-09-22 10:00:00,5.301353807227249
2018-09-22 11:00:00,4.990361687274584
2018-09-22 12:00:00,5.185101451423257
2018-09-22 13:00:00,5.35555364095096
2018-09-22 14:00:00,5.393816321402216
2018-09-22 15:00:00,5.267526546201619
2018-09-22 16:00:00,5.336581225073016
2018-09-22 17:00:00,5.011359575804606
2018-09-22 18:00:00,5.102078772954308
2018-09-22 19:00:00,5.038380209036727
2018-09-22 20:00:00,5.085161064342951
2018-09-22 21:00:00,5.174571029862749
2018-09-22 22:00:00,4.8177282659164264
2018-09-22 23:00:00,4.942335181655946
2018-09-23 00:00:00,5.457196669227503
2018-09-23 01:00:00,5.171650732745031
2018-09-23 02:00:00,5.284755162957373
2018-09-23 03:00:00,5.503759424792625
2018-09-23 04:00:00,5.4330371191841
2018-09-23 05:00:00,5.341612097056457
2018-09-23 06:00:00,5.294221483187726
2018-09-23 07:00:00,5.273044777525131
2018-09-23 08:00:00,5.424034649010518
2018-09-23 09:00:00,5.4268371553075685
2018-09-23 10:00:00,5.226076046359348
2018-09-23 11:00:00,5.656823121235531
2018-09-23 12:00:00,5.681938735749119
2018-09-23 13:00:00,5.3850461126396
2018-09-23 14:00:00,5.443254360981809
2018-09-23 15:00:00,5.4637429120270715
2018-09-23 16:00:00,5.409674078308446
2018-09-23 17:00:00,5.255122729795058
2018-09-23 18:00:00,5.863750038062499
2018-09-23 19:00:00,5.3262486988409865
2018-09-23 20:00:00,5.680471316016063
2018-09-23 21:00:00,5.32314535018476
2018-09-23 22:00:00,5.62022329752065
2018-09-23 23:00:00,5.596698541586941
2018-09-24 00:00:00,4.787529316452898
2018-09-24 01:00:00,4.5786559178779545
2018-09-24 02:00:00,4.3119409974806935
2018-09-24 03:00:00,4.685250070385588
2018-09-24 04:00:00,4.648135437870688
2018-09-24 05:00:00,4.907011350267938
2018-09-24 06:00:00,5.173094413878326
2018-09-24 07:00:00,6.084953754118656
2018-09-24 08:00:00,6.835669599534785
2018-09-24 09:00:00,7.3277950290575316
2018-09-24 10:00:00,7.684344497799347
2018-09-24 11:00:00,7.2142255430972835
2018-09-24 12:00:00,7.609232131423306
2018-09-24 13:00:00,7.25874441824986
2018-09-24 14:00:00,7.2871586731836775
2018-09-24 15:00:00,6.996613124867453
2018-09-24 16:00:00,6.558453979698725
2018-09-24 17:00:00,6.140238890765326
2018-09-24 18:00:00,5.65118448712624
2018-09-24 19:00:00,5.777315984943848
2018-09-24 20:00:00,5.683322417520715
2018-09-24 21:00:00,5.324606632373809
2018-09-24 22:00:00,5.273816896350604
2018-09-24 23:00:00,5.319004953257831
2018-09-25 00:00:00,5.78156113925095
2018-09-25 01:00:00,5.81928425430346
2018-09-25 02:00:00,5.7019185002962205
2018-09-25 03:00:00,5.446503160607088
2018-09-25 04:00:00,5.959698125459944
2018-09-25 05:00:00,6.269579483500404
2018-09-25 06:00:00,6.455253408536008
2018-09-25 07:00:00,7.331543222128353
2018-09-25 08:00:00,7.996978123934018
2018-09-25 09:00:00,9.014184974846689
2018-09-25 10:00:00,9.085251390198446
2018-09-25 11:00:00,8.953265784863149
2018-09-25 12:00:00,9.097547789694067
2018-09-25 13:00:00,8.457283460795411
2018-09-25 14:00:00,8.818760196186458
2018-09-25 15:00:00,8.116276803227265
2018-09-25 16:00:00,7.639842121955451
2018-09-25 17:00:00,7.445754219113325
2018-09-25 18:00:00,7.288632018382764
2018-09-25 19:00:00,6.635446871016531
2018-09-25 20:00:00,6.490489448936688
2018-09-25 21:00:00,6.19736428448484
2018-09-25 22:00:00,5.989981027510555
2018-09-25 23:00:00,6.021160553173558
2018-09-26 00:00:00,5.577343752628509
2018-09-26 01:00:00,5.213473022340092
2018-09-26 02:00:00,5.474356847595752
2018-09-26 03:00:00,5.476936851304717
2018-09-26 04:00:00,5.746481636571286
2018-09-26 05:00:00,6.135690390272867
2018-09-26 06:00:00,6.515926725056438
2018-09-26 07:00:00,7.158581840611511
2018-09-26 08:00:00,8.138929315021995
2018-09-26 09:00:00,8.424020121956872
2018-09-26 10:00:00,8.84599338938625
2018-09-26 11:00:00,8.269660353156858
2018-09-26 12:00:00,8.17321349414336
2018-09-26 13:00:00,8.239547808050196
2018-09-26 14:00:00,8.171785913747462
2018-09-26 15:00:00,7.9033165044967095
2018-09-26 16:00:00,8.011604243461429
2018-09-26 17:00:00,7.4118527775512195
2018-09-26 18:00:00,7.01111649669468
2018-09-26 19:00:00,6.494601340241265
2018-09-26 20:00:00,6.721399724261007
2018-09-26 21:00:00,6.310622954578277
2018-09-26 22:00:00,5.846647787166228
2018-09-26 23:00:00,5.862634808872491
2018-09-27 00:00:00,5.731005220369326
2018-09-27 01:00:00,5.611902918978583
2018-09-27 02:00:00,5.489160780094083
2018-09-27 03:00:00,5.443233214013555
2018-09-27 04:00:00,5.411147943273852
2018-09-27 05:00:00,5.854637429461994
2018-09-27 06:00:00,6.227011630927407
2018-09-27 07:00:00,7.658826537807884
2018-09-27 08:00:00,8.075356034423134
2018-09-27 09:00:00,8.187374095844355
2018-09-27 10:00:00,8.488656435014354
2018-09-27 11:00:00,8.566603430033084
2018-09-27 12:00:00,8.324969639727634
2018-09-27 13:00:00,8.268124966060382
2018-09-27 14:00:00,8.101360400153395
2018-09-27 15:00:00,8.362495976079211
2018-09-27 16:00:00,7.727674522277591
2018-09-27 17:00:00,7.254496923888807
2018-09-27 18:00:00,7.003517634515627
2018-09-27 19:00:00,6.3774153212902736
2018-09-27 20:00:00,6.7131200853908615
2018-09-27 21:00:00,6.166443401471075
2018-09-27 22:00:00,6.039828971415281
2018-09-27 23:00:00,5.791596176919627
2018-09-28 00:00:00,5.893618922347381
2018-09-28 01:00:00,6.400781568297854
2018-09-28 02:00:00,6.131488133507066
2018-09-28 03:00:00,6.185922551175819
2018-09-28 04:00:00,6.1787234578306585
2018-09-28 05:00:00,6.458735572328523
2018-09-28 06:00:00,7.0954333375557255
2018-09-28 07:00:00,8.413766238435267
2018-09-28 08:00:00,8.886462913068323
2018-09-28 09:00:00,9.788894275200875
2018-09-28 10:00:00,9.583334550402075
2018-09-28 11:00:00,9.534701984662604
2018-09-28 12:00:00,9.188997359722473
2018-09-28 13:00:00,8.806139278830646
2018-09-28 14:00:00,8.52329832012209
2018-09-28 15:00:00,8.178330277826586
2018-09-28 16:00:00,8.444671336691757
2018-09-28 17:00:00,7.947910470846051
2018-09-28 18:00:00,7.1565373851623155
2018-09-28 19:00:00,7.18417566727531
2018-09-28 20:00:00,7.085681931039188
2018-09-28 21:00:00,6.647358340463738
2018-09-28 22:00:00,6.592612593879004
2018-09-28 23:00:00,6.491960851452234
2018-09-29 00:00:00,4.6916861612351966
2018-09-29 01:00:00,4.73319137366786
2018-09-29 02:00:00,4.8112936390388406
2018-09-29 03:00:00,4.317874071697948
2018-09-29 04:00:00,4.6484246561127875
2018-09-29 05:00:00,4.788666541377489
2018-09-29 06:00:00,4.838927663348525
2018-09-29 07:00:00,4.735692676934231
2018-09-29 08:00:00,4.8116133618086705
2018-09-29 09:00:00,5.1154169410644155
2018-09-29 10:00:00,4.980186031841237
2018-09-29 11:00:00,4.962262424469361
2018-09-29 12:00:00,5.091953611515581
2018-09-29 13:00:00,5.244510959874331
2018-09-29 14:00:00,5.021751134269497
2018-09-29 15:00:00,4.795206788417021
2018-09-29 16:00:00,4.61451564430278
2018-09-29 17:00:00,4.803514171908268
2018-09-29 18:00:00,4.746566802223862
2018-09-29 19:00:00,4.548307094400243
2018-09-29 20:00:00,4.838577986586472
2018-09-29 21:00:00,4.577784541680957
2018-09-29 22:00:00,4.770440117780051
2018-09-29 23:00:00,4.5494938168187185
2018-09-30 00:00:00,5.252711806625757
2018-09-30 01:00:00,4.721876297284642
2018-09-30 02:00:00,4.963700681663502
2018-09-30 03:00:00,4.9380685569862575
2018-09-30 04:00:00,5.011283367393794
2018-09-30 05:00:00,5.123217556622112
2018-09-30 06:00:00,5.093177041045305
2018-09-30 07:00:00,5.033279133358622
2018-09-30 08:00:00,4.962252963349697
2018-09-30 09:00:00,4.839039526768486
2018-09-30 10:00:00,5.093198301778492
2018-09-30 11:00:00,4.693486441785268
2018-09-30 12:00:00,5.019001309006684
2018-09-30 13:00:00,4.910645640746187
2018-09-30 14:00:00,4.932225222714889
2018-09-30 15:00:00,4.9774533450859675
2018-09-30 16:00:00,5.136490209396764
2018-09-30 17:00:00,4.834248300409029
2018-09-30 18:00:00,5.153715991231467
2018-09-30 19:00:00,5.018893428865466
2018-09-30 20:00:00,5.470824641490183
2018-09-30 21:00:00,5.25970917762474
2018-09-30 22:00:00,5.034663449383366
2018-09-30 23:00:00,5.266293979116686
2018-10-01 00:00:00,4.237662890540102
2018-10-01 01:00:00,4.117154086442677
2018-10-01 02:00:00,4.1102977824149045
2018-10-01 03:00:00,4.367055947072502
2018-10-01 04:00:00,4.362840870559929
2018-10-01 05:00:00,4.540053316930507
2018-10-01 06:00:00,5.233502036496891
2018-10-01 07:00:00,5.767638675921329
2018-10-01 08:00:00,6.171947401690917
2018-10-01 09:00:00,6.900473591138722
2018-10-01 10:00:00,7.139760682684229
2018-10-01 11:00:00,6.803479881639619
2018-10-01 12:00:00,6.7416734834541945
2018-10-01 13:00:00,6.834332835747032
2018-10-01 14:00:00,6.971752329674461
2018-10-01 15:00:00,6.595300503912228
2018-10-01 16:00:00,6.103630987007055
2018-10-01 17:00:00,6.11377089348601
2018-10-01 18:00:00,5.658502796960092
2018-10-01 19:00:00,5.752701006316867
2018-10-01 20:00:00,5.528065519310373
2018-10-01 21:00:00,4.880194410684783
2018-10-01 22:00:00,4.714203946581609
2018-10-01 23:00:00,4.883936851327867
2018-10-02 00:00:00,6.160166827323033
2018-10-02 01:00:00,5.774098487600759
2018-10-02 02:00:00,5.803540695501899
2018-10-02 03:00:00,5.938253111119928
2018-10-02 04:00:00,5.911541409204236
2018-10-02 05:00:00,5.848475786099666
2018-10-02 06:00:00,6.97601198700783
2018-10-02 07:00:00,7.862558217495086
2018-10-02 08:00:00,8.686465236330879
2018-10-02 09:00:00,9.212129306747547
2018-10-02 10:00:00,9.018405806994881
2018-10-02 11:00:00,8.720117476348378
2018-10-02 12:00:00,8.277483574766835
2018-10-02 13:00:00,8.584399302450393
2018-10-02 14:00:00,8.14086234829906
2018-10-02 15:00:00,8.402199558996056
2018-10-02 16:00:00,7.834770742770878
2018-10-02 17:00:00,7.114929832689019
2018-10-02 18:00:00,7.030238086737892
2018-10-02 19:00:00,6.7317475381686185
2018-10-02 20:00:00,7.072224593052364
2018-10-02 21:00:00,6.425026305369067
2018-10-02 22:00:00,6.277816644940038
2018-10-02 23:00:00,6.018314197757874
2018-10-03 00:00:00,5.36631796616101
2018-10-03 01:00:00,5.23406819001684
2018-10-03 02:00:00,5.214635433947703
2018-10-03 03:00:00,5.36304443727104
2018-10-03 04:00:00,5.298100439456402
2018-10-03 05:00:00,5.504652159210513
2018-10-03 06:00:00,6.17173259032941
2018-10-03 07:00:00,6.868367242969052
2018-10-03 08:00:00,7.397503542129372
2018-10-03 09:00:00,8.624918752124065
2018-10-03 10:00:00,7.794390029093844
2018-10-03 11:00:00,8.0562833962061
2018-10-03 12:00:00,7.956837796497982
2018-10-03 13:00:00,7.812652729742546
2018-10-03 14:00:00,7.555381846324133
2018-10-03 15:00:00,7.433193454989744
2018-10-03 16:00:00,7.368699826167963
2018-10-03 17:00:00,6.61838315777379
2018-10-03 18:00:00,6.799253036186846
2018-10-03 19:00:00,6.152623747894719
2018-10-03 20:00:00,6.229056275482437
2018-10-03 21:00:00,5.9041412988149835
2018-10-03 22:00:00,5.56517588690692
2018-10-03 23:00:00,5.365909316621903
2018-10-04 00:00:00,5.7139284333405
2018-10-04 01:00:00,5.62663478617372
2018-10-04 02:00:00,5.602552135627349
2018-10-04 03:00:00,5.680394027670867
2018-10-04 04:00:00,5.45910787437156
2018-10-04 05:00:00,5.933124445216379
2018-10-04 06:00:00,6.621553276046154
2018-10-04 07:00:00,7.616993962899983
2018-10-04 08:00:00,8.103264704215073
2018-10-04 09:00:00,8.616727898110007
2018-10-04 10:00:00,8.641938614973082
2018-10-04 11:00:00,8.220479916540198
2018-10-04 12:00:00,8.233036492535916
2018-10-04 13:00:00,8.257154881524649
2018-10-04 14:00:00,8.157264050796023
2018-10-04 15:00:00,7.440642174176784
2018-10-04 16:00:00,8.157147283226816
2018-10-04 17:00:00,7.675465165895616
2018-10-04 18:00:00,6.931975142207293
2018-10-04 19:00:00,6.7157009306773
2018-10-04 20:00:00,6.444804661162954
2018-10-04 21:00:00,6.171397939239065
2018-10-04 22:00:00,6.207124627318179
2018-10-04 23:00:00,5.734202308201415
2018-10-05 00:00:00,5.391323079001677
2018-10-05 01:00:00,5.637529351533664
2018-10-05 02:00:00,5.291397282431349
2018-10-05 03:00:00,5.276736574620463
2018-10-05 04:00:00,5.460020098250184
2018-10-05 05:00:00,5.7191306754163085
2018-10-05 06:00:00,6.424574358203886
2018-10-05 07:00:00,7.227056421294487
2018-10-05 08:00:00,7.554654876242949
2018-10-05 09:00:00,8.33007254941591
2018-10-05 10:00:00,8.187455672036775
2018-10-05 11:00:00,8.548471634396783
2018-10-05 12:00:00,7.889846919118481
2018-10-05 13:00:00,7.965337951968217
2018-10-05 14:00:00,7.632006213359248
2018-10-05 15:00:00,7.124790119346445
2018-10-05 16:00:00,6.988970833999186
2018-10-05 17:00:00,7.163058868918407
2018-10-05 18:00:00,6.855261714180452
2018-10-05 19:00:00,6.579267046033436
2018-10-05 20:00:00,6.71257011630137
2018-10-05 21:00:00,5.752159713033655
2018-10-05 22:00:00,6.197687793773759
2018-10-05 23:00:00,5.1839699503643075
2018-10-06 00:00:00,5.263462424250299
2018-10-06 01:00:00,5.031307051388108
2018-10-06 02:00:00,5.061344356027116
2018-10-06 03:00:00,5.121363924896404
2018-10-06 04:00:00,4.685743540659743
2018-10-06 05:00:00,5.008120667269544
2018-10-06 06:00:00,5.403360616814302
2018-10-06 07:00:00,5.376436344008397
2018-10-06 08:00:00,5.1053447694544065
2018-10-06 09:00:00,5.260453840290953
2018-10-06 10:00:00,5.393536804182987
2018-10-06 11:00:00,5.387896835614643
2018-10-06 12:00:00,5.3510274594771134
2018-10-06 13:00:00,5.062975295975503
2018-10-06 14:00:00,5.460952827916928
2018-10-06 15:00:00,5.331498234486536
2018-10-06 16:00:00,5.409125852738937
2018-10-06 17:00:00,5.194873716570241
2018-10-06 18:00:00,5.073493465760798
2018-10-06 19:00:00,5.376904221677097
2018-10-06 20:00:00,5.531281472841198
2018-10-06 21:00:00,5.331248411929451
2018-10-06 22:00:00,5.284251395494289
2018-10-06 23:00:00,5.047309482632026
2018-10-07 00:00:00,5.878090183030914
2018-10-07 01:00:00,5.640437583797018
2018-10-07 02:00:00,5.483147561879263
2018-10-07 03:00:00,5.813451904483899
2018-10-07 04:00:00,5.764155525134707
2018-10-07 05:00:00,5.4622692575733875
2018-10-07 06:00:00,5.841901457100207
2018-10-07 07:00:00,5.854781664234941
2018-10-07 08:00:00,5.809636703821813
2018-10-07 09:00:00,5.723991688325454
2018-10-07 10:00:00,5.7253599956879615
2018-10-07 11:00:00,6.023483774299934
2018-10-07 12:00:00,5.465407426089657
2018-10-07 13:00:00,5.747425288829807
2018-10-07 14:00:00,5.399783221561982
2018-10-07 15:00:00,5.470223632385966
2018-10-07 16:00:00,5.856594921234418
2018-10-07 17:00:00,5.498347711320512
2018-10-07 18:00:00,5.550970208273568
2018-10-07 19:00:00,5.973663550935338
2018-10-07 20:00:00,6.008046439094166
2018-10-07 21:00:00,5.6059254913313445
2018-10-07 22:00:00,5.639260262776398
2018-10-07 23:00:00,5.671566854438062
2018-10-08 00:00:00,5.36336420523101
2018-10-08 01:00:00,5.350125345405892
2018-10-08 02:00:00,5.485795147703119
2018-10-08 03:00:00,5.526291455086892
2018-10-08 04:00:00,5.692160696744346
2018-10-08 05:00:00,5.699853447022512
2018-10-08 06:00:00,6.19575071351896
2018-10-08 07:00:00,7.271946758185663
2018-10-08 08:00:00,8.334243916064558
2018-10-08 09:00:00,9.06320547940829
2018-10-08 10:00:00,8.81136395481939
2018-10-08 11:00:00,8.769465664866827
2018-10-08 12:00:00,8.614162048222505
2018-10-08 13:00:00,8.861430589346329
2018-10-08 14:00:00,8.339204533234533
2018-10-08 15:00:00,8.508093288344691
2018-10-08 16:00:00,8.148304261294658
2018-10-08 17:00:00,7.7276269317678015
2018-10-08 18:00:00,7.305013886635492
2018-10-08 19:00:00,7.045973211605837
2018-10-08 20:00:00,7.12602558290003
2018-10-08 21:00:00,6.369288333832093
2018-10-08 22:00:00,6.270027991493262
2018-10-08 23:00:00,6.2088076764639535
2018-10-09 00:00:00,6.2437501225566026
2018-10-09 01:00:00,5.945033305983427
2018-10-09 02:00:00,5.7602698659179605
2018-10-09 03:00:00,5.596698466205592
2018-10-09 04:00:00,5.605239117777119
2018-10-09 05:00:00,6.502125694156591
2018-10-09 06:00:00,6.722800493296379
2018-10-09 07:00:00,7.856139731580572
2018-10-09 08:00:00,8.442506042496582
2018-10-09 09:00:00,8.647619873937836
2018-10-09 10:00:00,8.718766684622551
2018-10-09 11:00:00,9.346448509480997
2018-10-09 12:00:00,8.465915221834695
2018-10-09 13:00:00,8.841314430590625
2018-10-09 14:00:00,8.082246615613236
2018-10-09 15:00:00,7.554121987027065
2018-10-09 16:00:00,8.199679850647243
2018-10-09 17:00:00,7.75051644301916
2018-10-09 18:00:00,6.7756263899390845
2018-10-09 19:00:00,7.019609492200102
2018-10-09 20:00:00,6.816789234450978
2018-10-09 21:00:00,6.1654733396278605
2018-10-09 22:00:00,6.208356343773801
2018-10-09 23:00:00,6.147155491039359
2018-10-10 00:00:00,5.100306038936827
2018-10-10 01:00:00,5.352952028739291
2018-10-10 02:00:00,5.215589049995046
2018-10-10 03:00:00,5.435620332903105
2018-10-10 04:00:00,5.315130926108865
2018-10-10 05:00:00,5.267271243292269
2018-10-10 06:00:00,6.219653882019618
2018-10-10 07:00:00,6.952953363348041
2018-10-10 08:00:00,7.968105756079924
2018-10-10 09:00:00,8.534620620645274
2018-10-10 10:00:00,7.89297140819181
2018-10-10 11:00:00,7.726594775092058
2018-10-10 12:00:00,7.970721435000041
2018-10-10 13:00:00,8.096029327451932
2018-10-10 14:00:00,7.436974805331689
2018-10-10 15:00:00,7.515667046376594
2018-10-10 16:00:00,7.085644941547937
2018-10-10 17:00:00,7.110641574493052
2018-10-10 18:00:00,6.633980276603452
2018-10-10 19:00:00,6.4609247281479
2018-10-10 20:00:00,6.256638648287304
2018-10-10 21:00:00,6.181356217266825
2018-10-10 22:00:00,5.639237967899514
2018-10-10 23:00:00,5.537722703141936
2018-10-11 00:00:00,5.747017809633791
2018-10-11 01:00:00,5.441187554876495
2018-10-11 02:00:00,5.155837410129888
2018-10-11 03:00:00,5.482351090565213
2018-10-11 04:00:00,5.296207724408976
2018-10-11 05:00:00,5.552038147285526
2018-10-11 06:00:00,6.246192927695467
2018-10-11 07:00:00,7.62002415028616
2018-10-11 08:00:00,8.099917528793428
2018-10-11 09:00:00,8.196219748048794
2018-10-11 10:00:00,8.802499547032427
2018-10-11 11:00:00,8.257415074175038
2018-10-11 12:00:00,8.139294070102679
2018-10-11 13:00:00,8.134435811516596
2018-10-11 14:00:00,8.291394957900183
2018-10-11 15:00:00,7.849210077253246
2018-10-11 16:00:00,7.605611076809794
2018-10-11 17:00:00,6.9040791782311794
2018-10-11 18:00:00,6.658301956470747
2018-10-11 19:00:00,6.730083017203995
2018-10-11 20:00:00,6.394971163338934
2018-10-11 21:00:00,5.991442039608036
2018-10-11 22:00:00,5.570929097142904
2018-10-11 23:00:00,5.651623518262423
2018-10-12 00:00:00,5.51637155742558
2018-10-12 01:00:00,5.2845880556297615
2018-10-12 02:00:00,5.465192548875133
2018-10-12 03:00:00,5.73423663476851
2018-10-12 04:00:00,5.480256003438503
2018-10-12 05:00:00,5.8688878723021825
2018-10-12 06:00:00,6.793712272389484
2018-10-12 07:00:00,7.212726848574142
2018-10-12 08:00:00,8.359595944679855
2018-10-12 09:00:00,8.120379922624425
2018-10-12 10:00:00,8.503460283535544
2018-10-12 11:00:00,8.241495119473797
2018-10-12 12:00:00,7.614741495478932
2018-10-12 13:00:00,7.40693101855202
2018-10-12 14:00:00,7.799922644115944
2018-10-12 15:00:00,7.047494322064728
2018-10-12 16:00:00,7.40478248924556
2018-10-12 17:00:00,7.008795047889743
2018-10-12 18:00:00,6.440068330794883
2018-10-12 19:00:00,6.837508718038629
2018-10-12 20:00:00,6.356051171739674
2018-10-12 21:00:00,5.737871500393599
2018-10-12 22:00:00,5.61562009635012
2018-10-12 23:00:00,5.8308939236579675
2018-10-13 00:00:00,5.148448118294281
2018-10-13 01:00:00,4.7942123430730135
2018-10-13 02:00:00,5.115240913468018
2018-10-13 03:00:00,5.228567004956966
2018-10-13 04:00:00,4.85295387802574
2018-10-13 05:00:00,4.978033581419387
2018-10-13 06:00:00,5.165288348361615
2018-10-13 07:00:00,5.418835530432183
2018-10-13 08:00:00,5.453233333441576
2018-10-13 09:00:00,5.391567881532518
2018-10-13 10:00:00,5.424548437613176
2018-10-13 11:00:00,5.137835321434361
2018-10-13 12:00:00,5.365828921432071
2018-10-13 13:00:00,5.316116121207419
2018-10-13 14:00:00,5.454925151656605
2018-10-13 15:00:00,5.193435106937859
2018-10-13 16:00:00,5.239640302722914
2018-10-13 17:00:00,5.129840990683323
2018-10-13 18:00:00,5.095226958420961
2018-10-13 19:00:00,5.319974353032042
2018-10-13 20:00:00,5.05198632446696
2018-10-13 21:00:00,5.2878489688362595
2018-10-13 22:00:00,5.0128062767791715
2018-10-13 23:00:00,4.973594543944677
2018-10-14 00:00:00,5.390863509925248
2018-10-14 01:00:00,5.281490295934388
2018-10-14 02:00:00,5.388240094946872
2018-10-14 03:00:00,5.150996075395007
2018-10-14 04:00:00,5.121330835780645
2018-10-14 05:00:00,5.059582735036931
2018-10-14 06:00:00,5.210899935377388
2018-10-14 07:00:00,5.530467885998359
2018-10-14 08:00:00,5.243233812890975
2018-10-14 09:00:00,5.2399948186133996
2018-10-14 10:00:00,5.2687808640441185
2018-10-14 11:00:00,5.222109234951035
2018-10-14 12:00:00,5.323184967220537
2018-10-14 13:00:00,5.425843212253986
2018-10-14 14:00:00,5.128111939008651
2018-10-14 15:00:00,5.1585667206661885
2018-10-14 16:00:00,5.2508173019320115
2018-10-14 17:00:00,5.55521161924844
2018-10-14 18:00:00,5.306319188175154
2018-10-14 19:00:00,5.206050771455492
2018-10-14 20:00:00,5.303806524448644
2018-10-14 21:00:00,5.484169534840131
2018-10-14 22:00:00,5.540994696523983
2018-10-14 23:00:00,5.443750649097436
2018-10-15 00:00:00,5.49141120683717
2018-10-15 01:00:00,5.589846254690443
2018-10-15 02:00:00,5.5457871107875425
2018-10-15 03:00:00,5.150172860727849
2018-10-15 04:00:00,5.596158852899939
2018-10-15 05:00:00,5.990732027078809
2018-10-15 06:00:00,6.984282507417123
2018-10-15 07:00:00,7.46622509488945
2018-10-15 08:00:00,8.393232701792089
2018-10-15 09:00:00,9.196228227312615
2018-10-15 10:00:00,8.78372824073282
2018-10-15 11:00:00,8.853352313888449
2018-10-15 12:00:00,8.471855244221846
2018-10-15 13:00:00,8.577462496942905
2018-10-15 14:00:00,8.072752687013143
2018-10-15 15:00:00,7.957267452975179
2018-10-15 16:00:00,7.773210295865489
2018-10-15 17:00:00,7.820846875593821
2018-10-15 18:00:00,7.039015932729348
2018-10-15 19:00:00,6.799789462539444
2018-10-15 20:00:00,6.971564971950866
2018-10-15 21:00:00,6.43450048452117
2018-10-15 22:00:00,6.383891988846081
2018-10-15 23:00:00,5.689160693579277
2018-10-16 00:00:00,4.948145669094049
2018-10-16 01:00:00,4.589716452492438
2018-10-16 02:00:00,4.850365450740617
2018-10-16 03:00:00,4.5442487627775074
2018-10-16 04:00:00,4.98602055744462
2018-10-16 05:00:00,4.92959230599956
2018-10-16 06:00:00,5.380640570015365
2018-10-16 07:00:00,6.098268937379777
2018-10-16 08:00:00,7.155761975949625
2018-10-16 09:00:00,7.4846252958576205
2018-10-16 10:00:00,7.55445973318206
2018-10-16 11:00:00,7.54203141152901
2018-10-16 12:00:00,6.922371343637713
2018-10-16 13:00:00,7.409459024735478
2018-10-16 14:00:00,6.97957694088171
2018-10-16 15:00:00,7.129754924551341
2018-10-16 16:00:00,6.45899328338098
2018-10-16 17:00:00,6.021079921071359
2018-10-16 18:00:00,6.074817279259848
2018-10-16 19:00:00,6.0326288181601155
2018-10-16 20:00:00,5.42149528934855
2018-10-16 21:00:00,5.3016946454947975
2018-10-16 22:00:00,4.971246775450798
2018-10-16 23:00:00,4.839333698900272
2018-10-17 00:00:00,5.8121601219725525
2018-10-17 01:00:00,5.695713798690875
2018-10-17 02:00:00,5.55445772447956
2018-10-17 03:00:00,5.69144753867523
2018-10-17 04:00:00,5.577202142648778
2018-10-17 05:00:00,6.238893117669608
2018-10-17 06:00:00,6.597897621162465
2018-10-17 07:00:00,7.809090844632616
2018-10-17 08:00:00,8.128052570919229
2018-10-17 09:00:00,8.612245947027189
2018-10-17 10:00:00,8.473197559939226
2018-10-17 11:00:00,8.027208529167035
2018-10-17 12:00:00,8.492867707148445
2018-10-17 13:00:00,8.003634989674394
2018-10-17 14:00:00,7.982156210452849
2018-10-17 15:00:00,8.546073967427224
2018-10-17 16:00:00,7.434061335678328
2018-10-17 17:00:00,7.31704724742791
2018-10-17 18:00:00,7.109357128161901
2018-10-17 19:00:00,7.041511960034925
2018-10-17 20:00:00,6.727842494398112
2018-10-17 21:00:00,5.895473969657562
2018-10-17 22:00:00,6.007814267444021
2018-10-17 23:00:00,5.9200944259940425
2018-10-18 00:00:00,5.978406165513323
2018-10-18 01:00:00,5.727817637320862
2018-10-18 02:00:00,5.517607017488823
2018-10-18 03:00:00,5.356536898110689
2018-10-18 04:00:00,6.227835704282583
2018-10-18 05:00:00,6.1782019976132965
2018-10-18 06:00:00,6.581483125430172
2018-10-18 07:00:00,7.8437852334114355
2018-10-18 08:00:00,8.768755499271554
2018-10-18 09:00:00,8.678226419143309
2018-10-18 10:00:00,8.963941726060895
2018-10-18 11:00:00,8.89403472030544
2018-10-18 12:00:00,7.901169949279859
2018-10-18 13:00:00,8.547021769387047
2018-10-18 14:00:00,8.70263213292294
2018-10-18 15:00:00,8.180691608136772
2018-10-18 16:00:00,7.764060626899578
2018-10-18 17:00:00,7.186193801096831
2018-10-18 18:00:00,7.434358800647422
2018-10-18 19:00:00,7.08129055380342
2018-10-18 20:00:00,7.101333966057684
2018-10-18 21:00:00,6.605478924019781
2018-10-18 22:00:00,6.297445329608565
2018-10-18 23:00:00,6.140346934923111
2018-10-19 00:00:00,5.572990259301991
2018-10-19 01:00:00,5.5589716271858265
2018-10-19 02:00:00,5.768631548814396
2018-10-19 03:00:00,5.945417695020871
2018-10-19 04:00:00,5.666569717206878
2018-10-19 05:00:00,6.113139954018472
2018-10-19 06:00:00,6.331679806712284
2018-10-19 07:00:00,7.545280422607243
2018-10-19 08:00:00,8.136048480553287
2018-10-19 09:00:00,8.64660147026442
2018-10-19 10:00:00,8.525107320553166
2018-10-19 11:00:00,8.427043449057813
2018-10-19 12:00:00,8.26876449444571
2018-10-19 13:00:00,7.944676690255165
2018-10-19 14:00:00,8.035388868418062
2018-10-19 15:00:00,7.478969573817729
2018-10-19 16:00:00,7.865635920020627
2018-10-19 17:00:00,7.5176224903221165
2018-10-19 18:00:00,7.035125923146159
2018-10-19 19:00:00,7.034254635897644
2018-10-19 20:00:00,6.548212598072449
2018-10-19 21:00:00,5.696452939424468
2018-10-19 22:00:00,5.7121407351816424
2018-10-19 23:00:00,5.373717131704534
2018-10-20 00:00:00,5.2297615063274945
2018-10-20 01:00:00,5.074738982705475
2018-10-20 02:00:00,5.022409221527752
2018-10-20 03:00:00,5.029262953926663
2018-10-20 04:00:00,4.997143775355961
2018-10-20 05:00:00,5.204213030394053
2018-10-20 06:00:00,5.088515294270659
2018-10-20 07:00:00,5.440832239277444
2018-10-20 08:00:00,5.380706599029284
2018-10-20 09:00:00,5.294008324698681
2018-10-20 10:00:00,5.228470938934071
2018-10-20 11:00:00,5.391792707154225
2018-10-20 12:00:00,5.1801451082405
2018-10-20 13:00:00,5.3314395561814765
2018-10-20 14:00:00,4.911379922642292
2018-10-20 15:00:00,5.404754345314481
2018-10-20 16:00:00,5.045864331974321
2018-10-20 17:00:00,5.296891639579927
2018-10-20 18:00:00,5.231024210832678
2018-10-20 19:00:00,5.172257168553014
2018-10-20 20:00:00,5.1797852984681425
2018-10-20 21:00:00,5.231700286397838
2018-10-20 22:00:00,5.082278069032672
2018-10-20 23:00:00,5.040360486276732
2018-10-21 00:00:00,5.842951888308711
2018-10-21 01:00:00,5.858692261009093
2018-10-21 02:00:00,5.617385367558675
2018-10-21 03:00:00,5.7258889246740745
2018-10-21 04:00:00,5.562272749748286
2018-10-21 05:00:00,5.668243904367488
2018-10-21 06:00:00,5.764225816788848
2018-10-21 07:00:00,6.018348332932964
2018-10-21 08:00:00,5.6296710127861544
2018-10-21 09:00:00,5.844814797499154
2018-10-21 10:00:00,5.787011121032249
2018-10-21 11:00:00,5.579173641983504
2018-10-21 12:00:00,5.88718692036222
2018-10-21 13:00:00,5.695226452112857
2018-10-21 14:00:00,5.553810741904547
2018-10-21 15:00:00,5.502931097498296
2018-10-21 16:00:00,5.655037270802547
2018-10-21 17:00:00,5.592952024099203
2018-10-21 18:00:00,5.344785313820547
2018-10-21 19:00:00,6.048243855694965
2018-10-21 20:00:00,5.833137765764147
2018-10-21 21:00:00,5.977193487354699
2018-10-21 22:00:00,5.485961009667128
2018-10-21 23:00:00,5.616421821867649
2018-10-22 00:00:00,4.646258424965074
2018-10-22 01:00:00,5.035697471442821
2018-10-22 02:00:00,4.737185263202975
2018-10-22 03:00:00,4.622104809319317
2018-10-22 04:00:00,4.814765820341828
2018-10-22 05:00:00,5.549616164918444
2018-10-22 06:00:00,5.959883044600863
2018-10-22 07:00:00,6.347562131189625
2018-10-22 08:00:00,7.847880706369957
2018-10-22 09:00:00,7.656916774984564
2018-10-22 10:00:00,7.465783608176903
2018-10-22 11:00:00,7.515083938512963
2018-10-22 12:00:00,7.375095335560138
2018-10-22 13:00:00,7.335926769049844
2018-10-22 14:00:00,7.3860730177472345
2018-10-22 15:00:00,6.673644762143814
2018-10-22 16:00:00,6.708968746632477
2018-10-22 17:00:00,6.57237690369
2018-10-22 18:00:00,6.644225828840354
2018-10-22 19:00:00,6.290007008281686
2018-10-22 20:00:00,5.391529077666221
2018-10-22 21:00:00,5.555000027949644
2018-10-22 22:00:00,5.221765543681221
2018-10-22 23:00:00,5.239221386478661
2018-10-23 00:00:00,5.935004683697812
2018-10-23 01:00:00,5.61458935203519
2018-10-23 02:00:00,5.887131224473156
2018-10-23 03:00:00,6.137073468948241
2018-10-23 04:00:00,5.853481603631934
2018-10-23 05:00:00,6.319885093965427
2018-10-23 06:00:00,6.712776804669422
2018-10-23 07:00:00,7.280362549963735
2018-10-23 08:00:00,8.325749808750519
2018-10-23 09:00:00,9.097512729830365
2018-10-23 10:00:00,9.040704382129448
2018-10-23 11:00:00,9.052192630649577
2018-10-23 12:00:00,8.503771490034909
2018-10-23 13:00:00,8.05965052597413
2018-10-23 14:00:00,8.11540939101488
2018-10-23 15:00:00,7.979810368482171
2018-10-23 16:00:00,7.733226982861957
2018-10-23 17:00:00,7.76640882674904
2018-10-23 18:00:00,6.846146167648919
2018-10-23 19:00:00,6.996527760723833
2018-10-23 20:00:00,7.294646049538226
2018-10-23 21:00:00,6.514970278121714
2018-10-23 22:00:00,5.678468879297904
2018-10-23 23:00:00,6.0492992555713165
2018-10-24 00:00:00,6.310032738221283
2018-10-24 01:00:00,6.0114429024927425
2018-10-24 02:00:00,5.856408287754736
2018-10-24 03:00:00,6.033271742485002
2018-10-24 04:00:00,6.212112002804283
2018-10-24 05:00:00,6.616153352115085
2018-10-24 06:00:00,7.487278804297557
2018-10-24 07:00:00,8.707519064899914
2018-10-24 08:00:00,8.492255687198353
2018-10-24 09:00:00,9.465577780723455
2018-10-24 10:00:00,8.779203954449919
2018-10-24 11:00:00,8.627833895787965
2018-10-24 12:00:00,8.428875209378935
2018-10-24 13:00:00,8.422057317108466
2018-10-24 14:00:00,8.103111806341746
2018-10-24 15:00:00,8.33931993751593
2018-10-24 16:00:00,7.951537492295253
2018-10-24 17:00:00,7.899224038201321
2018-10-24 18:00:00,7.46130798840337
2018-10-24 19:00:00,7.227368609462882
2018-10-24 20:00:00,7.030267742642473
2018-10-24 21:00:00,6.676445372185903
2018-10-24 22:00:00,6.398056359136182
2018-10-24 23:00:00,6.14644470472505
2018-10-25 00:00:00,6.700560044030943
2018-10-25 01:00:00,7.077132733310925
2018-10-25 02:00:00,6.631463073883997
2018-10-25 03:00:00,6.660768845205849
2018-10-25 04:00:00,6.798744276297195
2018-10-25 05:00:00,6.8564269506133035
2018-10-25 06:00:00,7.651774070586339
2018-10-25 07:00:00,8.949718266477076
2018-10-25 08:00:00,9.741862153762922
2018-10-25 09:00:00,10.111934288467886
2018-10-25 10:00:00,10.749430308924724
2018-10-25 11:00:00,10.224015982451526
2018-10-25 12:00:00,10.00560980769848
2018-10-25 13:00:00,10.040830261426995
2018-10-25 14:00:00,9.97497837105326
2018-10-25 15:00:00,9.62404353054114
2018-10-25 16:00:00,9.822817328806245
2018-10-25 17:00:00,8.61255196198336
2018-10-25 18:00:00,8.700837621184593
2018-10-25 19:00:00,8.243007144967342
2018-10-25 20:00:00,8.016677961262198
2018-10-25 21:00:00,7.4416643077945075
2018-10-25 22:00:00,7.015630334021108
2018-10-25 23:00:00,6.877297912755456
2018-10-26 00:00:00,6.173053963127664
2018-10-26 01:00:00,6.155549852689863
2018-10-26 02:00:00,6.411002341308118
2018-10-26 03:00:00,6.21437490078536
2018-10-26 04:00:00,6.139152037677296
2018-10-26 05:00:00,6.917519373448917
2018-10-26 06:00:00,7.640243149426232
2018-10-26 07:00:00,8.33224542507494
2018-10-26 08:00:00,9.132433281906936
2018-10-26 09:00:00,9.153468776853087
2018-10-26 10:00:00,8.739758831337086
2018-10-26 11:00:00,9.289959820820417
2018-10-26 12:00:00,8.147278618132379
2018-10-26 13:00:00,8.261288715693675
2018-10-26 14:00:00,7.895011367206726
2018-10-26 15:00:00,8.318671729561686
2018-10-26 16:00:00,8.263252807088843
2018-10-26 17:00:00,7.653774988118767
2018-10-26 18:00:00,7.264985739322095
2018-10-26 19:00:00,7.598417741824134
2018-10-26 20:00:00,7.246738541041572
2018-10-26 21:00:00,6.974990993765201
2018-10-26 22:00:00,6.574360891815148
2018-10-26 23:00:00,6.1302662879112955
2018-10-27 00:00:00,5.856389155338003
2018-10-27 01:00:00,5.585621654206268
2018-10-27 02:00:00,5.830401459982897
2018-10-27 03:00:00,5.577130227939064
2018-10-27 04:00:00,5.724518033692956
2018-10-27 05:00:00,5.861177990695166
2018-10-27 06:00:00,5.686546457797209
2018-10-27 07:00:00,6.068875642345661
2018-10-27 08:00:00,6.093715350165955
2018-10-27 09:00:00,5.889967183374143
2018-10-27 10:00:00,5.903279372708619
2018-10-27 11:00:00,6.129619230283019
2018-10-27 12:00:00,6.0869789521234345
2018-10-27 13:00:00,6.0928018528045875
2018-10-27 14:00:00,5.819807698198382
2018-10-27 15:00:00,5.79648398246161
2018-10-27 16:00:00,5.57821093423409
2018-10-27 17:00:00,5.9203343773934405
2018-10-27 18:00:00,6.063003239513587
2018-10-27 19:00:00,5.766725051801762
2018-10-27 20:00:00,6.085135272731431
2018-10-27 21:00:00,5.790097890641758
2018-10-27 22:00:00,5.7575937494750535
2018-10-27 23:00:00,5.473962860792165
2018-10-28 00:00:00,5.318662482696698
2018-10-28 01:00:00,5.323870322774229
2018-10-28 02:00:00,5.328618524551393
2018-10-28 03:00:00,5.5210247427195345
2018-10-28 04:00:00,5.512711735555624
2018-10-28 05:00:00,5.213101506383866
2018-10-28 06:00:00,5.633838030746338
2018-10-28 07:00:00,5.488247985377399
2018-10-28 08:00:00,5.21012447847001
2018-10-28 09:00:00,5.379915966036277
2018-10-28 10:00:00,5.569578887582294
2018-10-28 11:00:00,5.462976574470741
2018-10-28 12:00:00,5.38133211860643
2018-10-28 13:00:00,5.258154543359805
2018-10-28 14:00:00,5.14238300761183
2018-10-28 15:00:00,5.205861022694547
2018-10-28 16:00:00,5.072884151265371
2018-10-28 17:00:00,5.158746346161513
2018-10-28 18:00:00,5.5572854641376415
2018-10-28 19:00:00,5.803060119213583
2018-10-28 20:00:00,5.597040844144533
2018-10-28 21:00:00,5.309065115761496
2018-10-28 22:00:00,5.591226007387391
2018-10-28 23:00:00,5.520026169686508
2018-10-29 00:00:00,5.759881205468457
2018-10-29 01:00:00,5.426097398134256
2018-10-29 02:00:00,5.576353002437642
2018-10-29 03:00:00,5.97240501713201
2018-10-29 04:00:00,5.8974838215123215
2018-10-29 05:00:00,5.7432775678885
2018-10-29 06:00:00,6.319845490880146
2018-10-29 07:00:00,7.527508213628319
2018-10-29 08:00:00,8.356384839612744
2018-10-29 09:00:00,8.159517013617661
2018-10-29 10:00:00,8.390356659518892
2018-10-29 11:00:00,8.875594532758281
2018-10-29 12:00:00,8.246977083252366
2018-10-29 13:00:00,8.578552463897767
2018-10-29 14:00:00,7.952975294722324
2018-10-29 15:00:00,7.845953692245139
2018-10-29 16:00:00,7.740234287119508
2018-10-29 17:00:00,7.49894400203598
2018-10-29 18:00:00,7.395305296643612
2018-10-29 19:00:00,6.991276597045167
2018-10-29 20:00:00,6.602282560141343
2018-10-29 21:00:00,5.97247398119978
2018-10-29 22:00:00,6.242856604108769
2018-10-29 23:00:00,5.590000851866088
2018-10-30 00:00:00,5.529701680418959
2018-10-30 01:00:00,5.346035795519434
2018-10-30 02:00:00,5.282499841590214
2018-10-30 03:00:00,5.5943368786880825
2018-10-30 04:00:00,5.483496703803225
2018-10-30 05:00:00,5.643909152067448
2018-10-30 06:00:00,6.309503106418118
2018-10-30 07:00:00,7.150786756841615
2018-10-30 08:00:00,7.564100770951366
2018-10-30 09:00:00,7.934467243065839
2018-10-30 10:00:00,8.140270730499761
2018-10-30 11:00:00,8.507946836287855
2018-10-30 12:00:00,7.382764833230464
2018-10-30 13:00:00,7.6749021290328105
2018-10-30 14:00:00,8.363685155776519
2018-10-30 15:00:00,7.649869283681866
2018-10-30 16:00:00,7.602722062315176
2018-10-30 17:00:00,7.086959949940275
2018-10-30 18:00:00,7.467428785234907
2018-10-30 19:00:00,6.81147441653461
2018-10-30 20:00:00,6.451961133196093
2018-10-30 21:00:00,5.870717406629868
2018-10-30 22:00:00,5.735813156899755
2018-10-30 23:00:00,5.537758806370707
2018-10-31 00:00:00,5.46024146620905
2018-10-31 01:00:00,5.4119303549597655
2018-10-31 02:00:00,5.307529070567595
2018-10-31 03:00:00,5.2965449219321465
2018-10-31 04:00:00,5.523002605986214
2018-10-31 05:00:00,5.866938077051632
2018-10-31 06:00:00,6.1831489526607
2018-10-31 07:00:00,7.12104985301697
2018-10-31 08:00:00,7.622766044172675
2018-10-31 09:00:00,7.895784698155829
2018-10-31 10:00:00,8.352018903858871
2018-10-31 11:00:00,7.882701061231387
2018-10-31 12:00:00,7.553540617624084
2018-10-31 13:00:00,7.980557658445029
2018-10-31 14:00:00,7.587467911653452
2018-10-31 15:00:00,7.635921528542772
2018-10-31 16:00:00,7.157234745045051
2018-10-31 17:00:00,6.873610632086203
2018-10-31 18:00:00,6.774277504493501
2018-10-31 19:00:00,6.768263500999749
2018-10-31 20:00:00,6.397259313933977
2018-10-31 21:00:00,5.593885083286264
2018-10-31 22:00:00,5.926968614974783
2018-10-31 23:00:00,5.7116733077702655
2018-11-01 00:00:00,6.6096728066291455
2018-11-01 01:00:00,6.013467826470549
2018-11-01 02:00:00,6.067689193125857
2018-11-01 03:00:00,6.342480144055103
2018-11-01 04:00:00,6.331723769709092
2018-11-01 05:00:00,6.273508387272135
2018-11-01 06:00:00,7.267593633252286
2018-11-01 07:00:00,8.04292372796399
2018-11-01 08:00:00,8.938308418802688
2018-11-01 09:00:00,9.173279754688892
2018-11-01 10:00:00,9.406805891900236
2018-11-01 11:00:00,8.961627367065638
2018-11-01 12:00:00,8.96190661610903
2018-11-01 13:00:00,8.600115776137635
2018-11-01 14:00:00,8.501791114030782
2018-11-01 15:00:00,8.530782405297222
2018-11-01 16:00:00,8.448890959200366
2018-11-01 17:00:00,8.08937557131519
2018-11-01 18:00:00,7.969124240760926
2018-11-01 19:00:00,7.589983081940323
2018-11-01 20:00:00,7.402529231801698
2018-11-01 21:00:00,7.261650431671956
2018-11-01 22:00:00,6.640881821410991
2018-11-01 23:00:00,6.433907120292824
2018-11-02 00:00:00,6.106370276647208
2018-11-02 01:00:00,5.902711516026651
2018-11-02 02:00:00,5.891257950284388
2018-11-02 03:00:00,5.585325955846063
2018-11-02 04:00:00,5.71923708643987
2018-11-02 05:00:00,6.304552687295379
2018-11-02 06:00:00,6.879861974762831
2018-11-02 07:00:00,7.635640432109851
2018-11-02 08:00:00,8.612400845281343
2018-11-02 09:00:00,8.792139230483071
2018-11-02 10:00:00,8.613049877451582
2018-11-02 11:00:00,8.669870144327472
2018-11-02 12:00:00,7.928107601446442
2018-11-02 13:00:00,7.8768144593091325
2018-11-02 14:00:00,7.844409712140222
2018-11-02 15:00:00,7.434488924726885
2018-11-02 16:00:00,7.349653763815518
2018-11-02 17:00:00,7.576564211570258
2018-11-02 18:00:00,7.169854354049015
2018-11-02 19:00:00,7.3568381705444335
2018-11-02 20:00:00,6.780926346701963
2018-11-02 21:00:00,6.018794851618387
2018-11-02 22:00:00,6.128807586063003
2018-11-02 23:00:00,6.037079663641216
2018-11-03 00:00:00,5.824184873684898
2018-11-03 01:00:00,5.978288539477623
2018-11-03 02:00:00,5.763718890830695
2018-11-03 03:00:00,5.800839603686599
2018-11-03 04:00:00,5.726934615584644
2018-11-03 05:00:00,6.197884472239544
2018-11-03 06:00:00,5.79942197602887
2018-11-03 07:00:00,5.941529422957656
2018-11-03 08:00:00,5.706325335201727
2018-11-03 09:00:00,6.2022538767201185
2018-11-03 10:00:00,6.10410773847
2018-11-03 11:00:00,6.442040678964781
2018-11-03 12:00:00,5.961643454020258
2018-11-03 13:00:00,5.864793413994867
2018-11-03 14:00:00,6.02067489784969
2018-11-03 15:00:00,5.874736562780299
2018-11-03 16:00:00,6.19751882525036
2018-11-03 17:00:00,6.0471720994651825
2018-11-03 18:00:00,6.03809682833006
2018-11-03 19:00:00,5.81947504957246
2018-11-03 20:00:00,5.60750677570404
2018-11-03 21:00:00,6.107998180211479
2018-11-03 22:00:00,5.946483348426709
2018-11-03 23:00:00,6.280768653961358
2018-11-04 00:00:00,4.8640959211357515
2018-11-04 01:00:00,5.056305560047712
2018-11-04 02:00:00,4.99203927258305
2018-11-04 03:00:00,4.977874350907823
2018-11-04 04:00:00,5.240121560026876
2018-11-04 05:00:00,5.2575049457045955
2018-11-04 06:00:00,5.1058766053405735
2018-11-04 07:00:00,5.084344710449101
2018-11-04 08:00:00,4.995819135270199
2018-11-04 09:00:00,5.077280873152924
2018-11-04 10:00:00,5.003271485033019
2018-11-04 11:00:00,4.840185442001793
2018-11-04 12:00:00,5.136079762854183
2018-11-04 13:00:00,4.624150297277401
2018-11-04 14:00:00,4.835485756475103
2018-11-04 15:00:00,4.88688580514429
2018-11-04 16:00:00,5.171090513176728
2018-11-04 17:00:00,4.965947672144577
2018-11-04 18:00:00,5.146592101499447
2018-11-04 19:00:00,5.3825158266813595
2018-11-04 20:00:00,5.200592716444762
2018-11-04 21:00:00,4.980331356251369
2018-11-04 22:00:00,5.089879275551277
2018-11-04 23:00:00,5.227684770509383
2018-11-05 00:00:00,5.624429475808554
2018-11-05 01:00:00,5.169427920814221
2018-11-05 02:00:00,5.347483636165888
2018-11-05 03:00:00,5.5922170386376555
2018-11-05 04:00:00,5.491885717684112
2018-11-05 05:00:00,6.154674789816169
2018-11-05 06:00:00,6.546712726532753
2018-11-05 07:00:00,7.749263676599049
2018-11-05 08:00:00,8.089562206020235
2018-11-05 09:00:00,9.568107944258102
2018-11-05 10:00:00,9.194858661030795
2018-11-05 11:00:00,9.091156657588341
2018-11-05 12:00:00,8.568834817071814
2018-11-05 13:00:00,8.61895721589916
2018-11-05 14:00:00,8.684143635244311
2018-11-05 15:00:00,8.747707601610474
2018-11-05 16:00:00,8.051669363212405
2018-11-05 17:00:00,8.104542574293273
2018-11-05 18:00:00,7.976288599992785
2018-11-05 19:00:00,7.293611424770863
2018-11-05 20:00:00,6.456422700046344
2018-11-05 21:00:00,6.5514158220800995
2018-11-05 22:00:00,6.4019708842352845
2018-11-05 23:00:00,6.181829304195261
2018-11-06 00:00:00,6.941561262789337
2018-11-06 01:00:00,6.429816537547233
2018-11-06 02:00:00,6.157332579817109
2018-11-06 03:00:00,6.256249636688987
2018-11-06 04:00:00,6.350523370828108
2018-11-06 05:00:00,6.696376662100848
2018-11-06 06:00:00,7.349864764602453
2018-11-06 07:00:00,8.30785129674505
2018-11-06 08:00:00,9.438987806487704
2018-11-06 09:00:00,9.591986697835305
2018-11-06 10:00:00,9.329547339434948
2018-11-06 11:00:00,9.909045528449573
2018-11-06 12:00:00,9.299225155717366
2018-11-06 13:00:00,8.71669134034422
2018-11-06 14:00:00,9.285490765098185
2018-11-06 15:00:00,9.377945497856087
2018-11-06 16:00:00,8.738975038452171
2018-11-06 17:00:00,8.569955476680224
2018-11-06 18:00:00,8.255816687021374
2018-11-06 19:00:00,7.96881760142788
2018-11-06 20:00:00,6.881178216521643
2018-11-06 21:00:00,6.988971762247335
2018-11-06 22:00:00,6.375587763035246
2018-11-06 23:00:00,6.555022860992639
2018-11-07 00:00:00,6.052593668033148
2018-11-07 01:00:00,6.197585530713482
2018-11-07 02:00:00,6.0274412173029965
2018-11-07 03:00:00,5.905717985311938
2018-11-07 04:00:00,6.236239836514881
2018-11-07 05:00:00,6.442644004131512
2018-11-07 06:00:00,6.860236865935441
2018-11-07 07:00:00,7.940758330452803
2018-11-07 08:00:00,8.365405634599808
2018-11-07 09:00:00,9.315616079446562
2018-11-07 10:00:00,9.553737923936927
2018-11-07 11:00:00,9.03878673283101
2018-11-07 12:00:00,8.518909349691672
2018-11-07 13:00:00,8.530620733697303
2018-11-07 14:00:00,8.41102702858936
2018-11-07 15:00:00,8.666646381210038
2018-11-07 16:00:00,8.711118548720185
2018-11-07 17:00:00,8.36098521672915
2018-11-07 18:00:00,7.997248789726755
2018-11-07 19:00:00,7.602876005388118
2018-11-07 20:00:00,6.970155831386659
2018-11-07 21:00:00,6.703615986333916
2018-11-07 22:00:00,6.138832162468366
2018-11-07 23:00:00,6.132096361590932
2018-11-08 00:00:00,6.490382278595105
2018-11-08 01:00:00,6.771139659611766
2018-11-08 02:00:00,6.311748404709519
2018-11-08 03:00:00,6.513507314531422
2018-11-08 04:00:00,6.588288478557363
2018-11-08 05:00:00,6.7691116459895735
2018-11-08 06:00:00,7.570791602709661
2018-11-08 07:00:00,8.36441424037196
2018-11-08 08:00:00,9.028486290849042
2018-11-08 09:00:00,9.423432510988606
2018-11-08 10:00:00,9.801275827514084
2018-11-08 11:00:00,9.34710262732251
2018-11-08 12:00:00,9.327619735706714
2018-11-08 13:00:00,8.887519647050585
2018-11-08 14:00:00,9.409100485422234
2018-11-08 15:00:00,8.879548962485996
2018-11-08 16:00:00,9.138932945135938
2018-11-08 17:00:00,8.494687170520114
2018-11-08 18:00:00,8.630004023047047
2018-11-08 19:00:00,7.944980405352104
2018-11-08 20:00:00,7.213287712829462
2018-11-08 21:00:00,6.761733094977862
2018-11-08 22:00:00,6.743023655418649
2018-11-08 23:00:00,6.789603810057341
2018-11-09 00:00:00,5.678634444369264
2018-11-09 01:00:00,5.4329037096086825
2018-11-09 02:00:00,5.391129957697165
2018-11-09 03:00:00,5.249844150536926
2018-11-09 04:00:00,5.762527999930558
2018-11-09 05:00:00,6.343759318858754
2018-11-09 06:00:00,6.304176335904434
2018-11-09 07:00:00,7.243573251894986
2018-11-09 08:00:00,7.821882941443127
2018-11-09 09:00:00,8.69333396017058
2018-11-09 10:00:00,8.465105163140159
2018-11-09 11:00:00,7.81631554844843
2018-11-09 12:00:00,7.8285707685068475
2018-11-09 13:00:00,7.819374476177843
2018-11-09 14:00:00,7.389464443023224
2018-11-09 15:00:00,7.445355030495183
2018-11-09 16:00:00,7.4617657527526475
2018-11-09 17:00:00,7.290140904044151
2018-11-09 18:00:00,6.9524892917386785
2018-11-09 19:00:00,7.194871434781687
2018-11-09 20:00:00,6.35637116616523
2018-11-09 21:00:00,6.141150129056887
2018-11-09 22:00:00,5.503071892247149
2018-11-09 23:00:00,5.74292071559896
2018-11-10 00:00:00,6.464939102788641
2018-11-10 01:00:00,6.405265030387979
2018-11-10 02:00:00,6.567151147165097
2018-11-10 03:00:00,6.728648448201214
2018-11-10 04:00:00,6.583036459954869
2018-11-10 05:00:00,6.7805641152103675
2018-11-10 06:00:00,6.446356245549588
2018-11-10 07:00:00,7.016970151996928
2018-11-10 08:00:00,7.086410265687159
2018-11-10 09:00:00,7.052261291955432
2018-11-10 10:00:00,6.738637290074904
2018-11-10 11:00:00,7.340731195690078
2018-11-10 12:00:00,7.172063571653753
2018-11-10 13:00:00,6.971226829149679
2018-11-10 14:00:00,6.830998990911994
2018-11-10 15:00:00,6.563487173600782
2018-11-10 16:00:00,6.983613974279367
2018-11-10 17:00:00,7.537550579113072
2018-11-10 18:00:00,7.207178763119548
2018-11-10 19:00:00,7.277611897465069
2018-11-10 20:00:00,6.8052804471638995
2018-11-10 21:00:00,6.781589907687994
2018-11-10 22:00:00,6.830158982751094
2018-11-10 23:00:00,6.3330484009647305
2018-11-11 00:00:00,5.450989316685746
2018-11-11 01:00:00,5.472150247704688
2018-11-11 02:00:00,5.481697010634956
2018-11-11 03:00:00,5.171614178219685
2018-11-11 04:00:00,5.320137373369706
2018-11-11 05:00:00,5.403751097158339
2018-11-11 06:00:00,5.2296674451894205
2018-11-11 07:00:00,5.285207686336161
2018-11-11 08:00:00,5.147967374127124
2018-11-11 09:00:00,5.234885774406978
2018-11-11 10:00:00,5.320709844636406
2018-11-11 11:00:00,5.3226832268325195
2018-11-11 12:00:00,5.483184761711565
2018-11-11 13:00:00,5.188141137928797
2018-11-11 14:00:00,5.112985106168096
2018-11-11 15:00:00,5.071366159432085
2018-11-11 16:00:00,5.262282213683758
2018-11-11 17:00:00,5.301146860607508
2018-11-11 18:00:00,5.588252973779745
2018-11-11 19:00:00,5.420293063755424
2018-11-11 20:00:00,5.3789596583306665
2018-11-11 21:00:00,5.473350506579416
2018-11-11 22:00:00,5.622408962709846
2018-11-11 23:00:00,5.5652210856848985
2018-11-12 00:00:00,4.955650853599967
2018-11-12 01:00:00,4.718061782272386
2018-11-12 02:00:00,4.756665592687188
2018-11-12 03:00:00,4.725260605826814
2018-11-12 04:00:00,4.9638931577517775
2018-11-12 05:00:00,5.35805895494437
2018-11-12 06:00:00,5.402901073558857
2018-11-12 07:00:00,6.500185953908127
2018-11-12 08:00:00,7.097260137722572
2018-11-12 09:00:00,7.347155936608168
2018-11-12 10:00:00,7.486466352872108
2018-11-12 11:00:00,7.61687241471611
2018-11-12 12:00:00,7.129269491769417
2018-11-12 13:00:00,6.870703148952496
2018-11-12 14:00:00,7.1574351883397975
2018-11-12 15:00:00,6.773230005987376
2018-11-12 16:00:00,6.774737495985465
2018-11-12 17:00:00,6.769496900955919
2018-11-12 18:00:00,6.544240337874968
2018-11-12 19:00:00,6.228513465035353
2018-11-12 20:00:00,6.150522882272897
2018-11-12 21:00:00,5.431264428214159
2018-11-12 22:00:00,5.069754691747839
2018-11-12 23:00:00,5.288112741858343
2018-11-13 00:00:00,5.871932009834403
2018-11-13 01:00:00,5.6756074437071495
2018-11-13 02:00:00,5.720036796363186
2018-11-13 03:00:00,5.789399801533576
2018-11-13 04:00:00,6.0994380857578445
2018-11-13 05:00:00,5.815563978817128
2018-11-13 06:00:00,6.6349884821721945
2018-11-13 07:00:00,7.728474722062637
2018-11-13 08:00:00,8.358989316584577
2018-11-13 09:00:00,8.990933002132575
2018-11-13 10:00:00,8.69334302917628
2018-11-13 11:00:00,8.433006483022645
2018-11-13 12:00:00,8.710140537681925
2018-11-13 13:00:00,7.913943302057221
2018-11-13 14:00:00,7.947036626952726
2018-11-13 15:00:00,8.158006318806727
2018-11-13 16:00:00,8.131138006028618
2018-11-13 17:00:00,7.642999910619064
2018-11-13 18:00:00,7.602865518414289
2018-11-13 19:00:00,7.241468975589327
2018-11-13 20:00:00,6.814142372260166
2018-11-13 21:00:00,6.2341620513869485
2018-11-13 22:00:00,6.075743517700626
2018-11-13 23:00:00,5.473111087554622
2018-11-14 00:00:00,5.254656668431067
2018-11-14 01:00:00,5.179279438370111
2018-11-14 02:00:00,5.247506988867171
2018-11-14 03:00:00,5.268981435427263
2018-11-14 04:00:00,5.449783662503771
2018-11-14 05:00:00,5.671101129643441
2018-11-14 06:00:00,6.472715927007946
2018-11-14 07:00:00,7.734507005601861
2018-11-14 08:00:00,7.775909446988498
2018-11-14 09:00:00,8.26081603686829
2018-11-14 10:00:00,8.491888443980384
2018-11-14 11:00:00,8.452485154328098
2018-11-14 12:00:00,7.753277832993249
2018-11-14 13:00:00,8.175326719962921
2018-11-14 14:00:00,7.534948721490586
2018-11-14 15:00:00,7.87663650682132
2018-11-14 16:00:00,7.30248282265187
2018-11-14 17:00:00,7.5726388667299105
2018-11-14 18:00:00,7.255771237990324
2018-11-14 19:00:00,6.4846662386230856
2018-11-14 20:00:00,6.394783995286767
2018-11-14 21:00:00,5.799109024190374
2018-11-14 22:00:00,5.8561766014929475
2018-11-14 23:00:00,5.674859077048396
2018-11-15 00:00:00,5.175092539963876
2018-11-15 01:00:00,5.343719386185071
2018-11-15 02:00:00,4.997229204944118
2018-11-15 03:00:00,5.152647234425952
2018-11-15 04:00:00,5.28276417742387
2018-11-15 05:00:00,5.5070351493166205
2018-11-15 06:00:00,6.1980004976716225
2018-11-15 07:00:00,7.092495840784679
2018-11-15 08:00:00,8.17403404703028
2018-11-15 09:00:00,8.13763511366238
2018-11-15 10:00:00,8.529147010656969
2018-11-15 11:00:00,7.9917257754209015
2018-11-15 12:00:00,7.390141576919043
2018-11-15 13:00:00,7.909349389205105
2018-11-15 14:00:00,7.99970161471073
2018-11-15 15:00:00,7.3938120285846605
2018-11-15 16:00:00,7.336679902878503
2018-11-15 17:00:00,7.9623335021446655
2018-11-15 18:00:00,6.9299567114293
2018-11-15 19:00:00,6.846642042521963
2018-11-15 20:00:00,6.309300389964636
2018-11-15 21:00:00,5.631279164069419
2018-11-15 22:00:00,5.691187768176099
2018-11-15 23:00:00,5.725235014929814
2018-11-16 00:00:00,5.361573913517009
2018-11-16 01:00:00,5.586735618499092
2018-11-16 02:00:00,5.542873991593045
2018-11-16 03:00:00,5.761850901381278
2018-11-16 04:00:00,5.783016375835142
2018-11-16 05:00:00,5.917756095879647
2018-11-16 06:00:00,6.435293654857791
2018-11-16 07:00:00,7.719237197376355
2018-11-16 08:00:00,8.050252389185301
2018-11-16 09:00:00,8.089788374123168
2018-11-16 10:00:00,8.939137357189153
2018-11-16 11:00:00,8.664092672143955
2018-11-16 12:00:00,8.264809296862856
2018-11-16 13:00:00,7.785530829318499
2018-11-16 14:00:00,7.724242882522082
2018-11-16 15:00:00,7.49818624389046
2018-11-16 16:00:00,7.49779784908483
2018-11-16 17:00:00,7.803697466847851
2018-11-16 18:00:00,7.475789621580498
2018-11-16 19:00:00,6.737568899590686
2018-11-16 20:00:00,6.629249525474014
2018-11-16 21:00:00,5.86467577766396
2018-11-16 22:00:00,6.028222350153488
2018-11-16 23:00:00,5.897397643026532
2018-11-17 00:00:00,5.826294988517447
2018-11-17 01:00:00,5.561521065732298
2018-11-17 02:00:00,5.870301379043297
2018-11-17 03:00:00,6.037042354499695
2018-11-17 04:00:00,5.971971213565966
2018-11-17 05:00:00,6.090741965017196
2018-11-17 06:00:00,5.902813332266724
2018-11-17 07:00:00,5.728609960254712
2018-11-17 08:00:00,5.624867452878823
2018-11-17 09:00:00,5.73954164471254
2018-11-17 10:00:00,6.18893241310426
2018-11-17 11:00:00,6.342858370015873
2018-11-17 12:00:00,5.830828218475578
2018-11-17 13:00:00,6.062760238810343
2018-11-17 14:00:00,5.747575654951912
2018-11-17 15:00:00,6.0178659181814185
2018-11-17 16:00:00,5.8875153170664865
2018-11-17 17:00:00,6.623886880685943
2018-11-17 18:00:00,6.208012861451584
2018-11-17 19:00:00,6.108201011423
2018-11-17 20:00:00,5.962534870079879
2018-11-17 21:00:00,5.910334980115886
2018-11-17 22:00:00,5.591180109166268
2018-11-17 23:00:00,5.7118739533808105
2018-11-18 00:00:00,4.968163263240789
2018-11-18 01:00:00,5.1716091820216255
2018-11-18 02:00:00,5.416946943315103
2018-11-18 03:00:00,5.272069350081679
2018-11-18 04:00:00,5.296390521483982
2018-11-18 05:00:00,5.205021246719217
2018-11-18 06:00:00,5.383327809574421
2018-11-18 07:00:00,5.880202999490674
2018-11-18 08:00:00,5.357689281823076
2018-11-18 09:00:00,5.422709419723638
2018-11-18 10:00:00,5.532918465711704
2018-11-18 11:00:00,5.65355639342688
2018-11-18 12:00:00,5.304472516708673
2018-11-18 13:00:00,5.583418208719123
2018-11-18 14:00:00,5.519265917813272
2018-11-18 15:00:00,5.127897406752412
2018-11-18 16:00:00,5.83226742988757
2018-11-18 17:00:00,5.275445441243713
2018-11-18 18:00:00,5.44460880019458
2018-11-18 19:00:00,5.645822770457924
2018-11-18 20:00:00,5.122641564388172
2018-11-18 21:00:00,5.268339110495681
2018-11-18 22:00:00,5.340263923082081
2018-11-18 23:00:00,5.1853021552251946
2018-11-19 00:00:00,5.539440916201211
2018-11-19 01:00:00,5.40946890815211
2018-11-19 02:00:00,5.298543951074186
2018-11-19 03:00:00,5.077905240466825
2018-11-19 04:00:00,5.864805973716598
2018-11-19 05:00:00,6.117089477009466
2018-11-19 06:00:00,6.481447441776212
2018-11-19 07:00:00,7.604810538366103
2018-11-19 08:00:00,8.174068554575731
2018-11-19 09:00:00,8.929880510401613
2018-11-19 10:00:00,8.840607894997161
2018-11-19 11:00:00,9.044143977349798
2018-11-19 12:00:00,8.144129838223767
2018-11-19 13:00:00,8.515364143449293
2018-11-19 14:00:00,8.334719952570888
2018-11-19 15:00:00,8.160101155851985
2018-11-19 16:00:00,7.798973573994933
2018-11-19 17:00:00,8.0837051540731
2018-11-19 18:00:00,7.797142398587162
2018-11-19 19:00:00,7.053414673299622
2018-11-19 20:00:00,6.884169849726284
2018-11-19 21:00:00,6.320316992609851
2018-11-19 22:00:00,5.945971614983436
2018-11-19 23:00:00,6.089021477000345
2018-11-20 00:00:00,5.950669018611078
2018-11-20 01:00:00,5.76462696252965
2018-11-20 02:00:00,5.718100874081278
2018-11-20 03:00:00,5.574318229199909
2018-11-20 04:00:00,6.191495790907485
2018-11-20 05:00:00,6.406480707447686
2018-11-20 06:00:00,7.046741111840981
2018-11-20 07:00:00,8.10041739461141
2018-11-20 08:00:00,8.889964980244748
2018-11-20 09:00:00,8.707955359447313
2018-11-20 10:00:00,9.573280844809632
2018-11-20 11:00:00,9.026189005102188
2018-11-20 12:00:00,8.1533422796953
2018-11-20 13:00:00,8.640871260280658
2018-11-20 14:00:00,8.526828440761143
2018-11-20 15:00:00,8.61359669563068
2018-11-20 16:00:00,8.457923203794607
2018-11-20 17:00:00,8.043707784188843
2018-11-20 18:00:00,7.827154534348424
2018-11-20 19:00:00,7.399591599696622
2018-11-20 20:00:00,6.871823111240728
2018-11-20 21:00:00,6.403430480600301
2018-11-20 22:00:00,6.0310974908757835
2018-11-20 23:00:00,6.267127796191806
2018-11-21 00:00:00,5.490198387978363
2018-11-21 01:00:00,5.561971053963927
2018-11-21 02:00:00,5.55439221984011
2018-11-21 03:00:00,5.814712986790682
2018-11-21 04:00:00,5.433968407262302
2018-11-21 05:00:00,6.062770239281491
2018-11-21 06:00:00,6.6544552419678755
2018-11-21 07:00:00,7.831578528981274
2018-11-21 08:00:00,8.1448243584743
2018-11-21 09:00:00,8.51143600881163
2018-11-21 10:00:00,8.65671519700386
2018-11-21 11:00:00,8.50766052067722
2018-11-21 12:00:00,8.00495114864776
2018-11-21 13:00:00,7.930486273971664
2018-11-21 14:00:00,8.028401219374329
2018-11-21 15:00:00,7.906991365597828
2018-11-21 16:00:00,7.194156666572197
2018-11-21 17:00:00,7.895089812947868
2018-11-21 18:00:00,7.778535469727264
2018-11-21 19:00:00,7.143946112436366
2018-11-21 20:00:00,6.846685034696998
2018-11-21 21:00:00,5.9656207803556995
2018-11-21 22:00:00,5.97707844724941
2018-11-21 23:00:00,5.689085968050043
2018-11-22 00:00:00,6.3063263373984535
2018-11-22 01:00:00,6.405267996683641
2018-11-22 02:00:00,6.208359524112139
2018-11-22 03:00:00,6.207400223590946
2018-11-22 04:00:00,6.791282819785462
2018-11-22 05:00:00,6.726863625472215
2018-11-22 06:00:00,7.432038696277622
2018-11-22 07:00:00,8.364316997957857
2018-11-22 08:00:00,9.653610050264563
2018-11-22 09:00:00,9.951912327321464
2018-11-22 10:00:00,10.404855707992459
2018-11-22 11:00:00,9.675432535837363
2018-11-22 12:00:00,8.967971241324925
2018-11-22 13:00:00,9.628611028054085
2018-11-22 14:00:00,9.12948982631552
2018-11-22 15:00:00,9.505488312556702
2018-11-22 16:00:00,9.220788339706605
2018-11-22 17:00:00,8.672527057631259
2018-11-22 18:00:00,8.398789682630753
2018-11-22 19:00:00,7.903055089611902
2018-11-22 20:00:00,7.50895753380027
2018-11-22 21:00:00,7.1738238131385055
2018-11-22 22:00:00,7.0128096123961985
2018-11-22 23:00:00,6.5851987391805915
2018-11-23 00:00:00,5.65923558570381
2018-11-23 01:00:00,5.549953363605903
2018-11-23 02:00:00,5.564331917301231
2018-11-23 03:00:00,5.651541003523857
2018-11-23 04:00:00,5.746117686992841
2018-11-23 05:00:00,6.221053913865146
2018-11-23 06:00:00,6.962385095796729
2018-11-23 07:00:00,7.5907585728247
2018-11-23 08:00:00,8.521776942972869
2018-11-23 09:00:00,8.790715790351886
2018-11-23 10:00:00,8.6066518613848
2018-11-23 11:00:00,8.78158338716818
2018-11-23 12:00:00,8.548736570292519
2018-11-23 13:00:00,8.021287447726385
2018-11-23 14:00:00,7.704056657776514
2018-11-23 15:00:00,7.3704560185401515
2018-11-23 16:00:00,7.5338507525621985
2018-11-23 17:00:00,7.924629021574315
2018-11-23 18:00:00,7.474750231322625
2018-11-23 19:00:00,6.942396619468982
2018-11-23 20:00:00,6.598458124837866
2018-11-23 21:00:00,6.54350540787467
2018-11-23 22:00:00,6.206708816931753
2018-11-23 23:00:00,5.69947406219175
2018-11-24 00:00:00,5.883931248183005
2018-11-24 01:00:00,5.70750890612708
2018-11-24 02:00:00,6.106577396045283
2018-11-24 03:00:00,5.8494366832516445
2018-11-24 04:00:00,5.867456736412497
2018-11-24 05:00:00,6.1795081333264665
2018-11-24 06:00:00,6.0233009467200995
2018-11-24 07:00:00,6.363434577160599
2018-11-24 08:00:00,6.132856644797362
2018-11-24 09:00:00,6.478820045317105
2018-11-24 10:00:00,6.166834825505411
2018-11-24 11:00:00,6.121763069185286
2018-11-24 12:00:00,6.367599334694896
2018-11-24 13:00:00,6.186954671732938
2018-11-24 14:00:00,6.193624157737563
2018-11-24 15:00:00,5.832266721877843
2018-11-24 16:00:00,5.743214874145434
2018-11-24 17:00:00,6.296922907606241
2018-11-24 18:00:00,6.019946189181755
2018-11-24 19:00:00,6.212028770957366
2018-11-24 20:00:00,6.213007550996769
2018-11-24 21:00:00,5.770842767471652
2018-11-24 22:00:00,5.91851091521881
2018-11-24 23:00:00,6.005320286629999
2018-11-25 00:00:00,5.72082646938655
2018-11-25 01:00:00,5.541632108399145
2018-11-25 02:00:00,5.550442502320853
2018-11-25 03:00:00,5.663946020851175
2018-11-25 04:00:00,5.373949491451375
2018-11-25 05:00:00,5.518893161769218
2018-11-25 06:00:00,5.508801460445979
2018-11-25 07:00:00,5.9284924436084685
2018-11-25 08:00:00,5.4507955306973175
2018-11-25 09:00:00,5.328392613086023
2018-11-25 10:00:00,5.747130549441958
2018-11-25 11:00:00,5.335121749837889
2018-11-25 12:00:00,5.334099710272995
2018-11-25 13:00:00,5.643603354199966
2018-11-25 14:00:00,5.562137849333503
2018-11-25 15:00:00,5.721310931861845
2018-11-25 16:00:00,5.358378637900103
2018-11-25 17:00:00,5.849070001553478
2018-11-25 18:00:00,5.8675132749930725
2018-11-25 19:00:00,5.640405892712623
2018-11-25 20:00:00,5.539915105728443
2018-11-25 21:00:00,5.726216534749435
2018-11-25 22:00:00,5.62720275864126
2018-11-25 23:00:00,5.7826273264589245
2018-11-26 00:00:00,5.758696931168304
2018-11-26 01:00:00,6.145899417454093
2018-11-26 02:00:00,6.260014603099677
2018-11-26 03:00:00,6.043167859983715
2018-11-26 04:00:00,6.123614413201078
2018-11-26 05:00:00,6.537976348222667
2018-11-26 06:00:00,7.547730302278496
2018-11-26 07:00:00,8.542686906536526
2018-11-26 08:00:00,8.575031018128985
2018-11-26 09:00:00,9.518242743279371
2018-11-26 10:00:00,9.236689142007801
2018-11-26 11:00:00,9.333872115897991
2018-11-26 12:00:00,8.493347578835259
2018-11-26 13:00:00,8.852669495850503
2018-11-26 14:00:00,9.316572768748374
2018-11-26 15:00:00,8.307076175900756
2018-11-26 16:00:00,8.702203989120898
2018-11-26 17:00:00,8.41794325570687
2018-11-26 18:00:00,8.118061557014109
2018-11-26 19:00:00,7.634048640322245
2018-11-26 20:00:00,7.346533493382547
2018-11-26 21:00:00,6.739352387933319
2018-11-26 22:00:00,6.412800635457374
2018-11-26 23:00:00,6.269284436363857
2018-11-27 00:00:00,6.404029678327798
2018-11-27 01:00:00,6.794571580408152
2018-11-27 02:00:00,6.783446139310718
2018-11-27 03:00:00,6.514193511127255
2018-11-27 04:00:00,6.990220811263451
2018-11-27 05:00:00,7.063385507290155
2018-11-27 06:00:00,7.495613199940874
2018-11-27 07:00:00,8.82990483374158
2018-11-27 08:00:00,10.335997090622048
2018-11-27 09:00:00,9.96455207648555
2018-11-27 10:00:00,9.660247048159523
2018-11-27 11:00:00,9.707746776688476
2018-11-27 12:00:00,9.292643433205733
2018-11-27 13:00:00,9.718608241866239
2018-11-27 14:00:00,9.028444209370603
2018-11-27 15:00:00,9.829890044969776
2018-11-27 16:00:00,9.662526236036665
2018-11-27 17:00:00,8.641500802124284
2018-11-27 18:00:00,8.38038884263805
2018-11-27 19:00:00,8.05832776911924
2018-11-27 20:00:00,6.968895496151247
2018-11-27 21:00:00,7.062565779769635
2018-11-27 22:00:00,6.414205410346396
2018-11-27 23:00:00,6.677451385182593
2018-11-28 00:00:00,5.8908897415041706
2018-11-28 01:00:00,6.321195622460219
2018-11-28 02:00:00,6.034462354479248
2018-11-28 03:00:00,6.112016009972624
2018-11-28 04:00:00,6.179681970859533
2018-11-28 05:00:00,6.705271527188551
2018-11-28 06:00:00,7.040898313697429
2018-11-28 07:00:00,7.883546348019483
2018-11-28 08:00:00,9.04316006112286
2018-11-28 09:00:00,9.204294864204856
2018-11-28 10:00:00,9.294459689632655
2018-11-28 11:00:00,9.196243885574592
2018-11-28 12:00:00,8.56182406745728
2018-11-28 13:00:00,8.282414825166827
2018-11-28 14:00:00,8.146730856699612
2018-11-28 15:00:00,8.224824128165455
2018-11-28 16:00:00,7.975775260499402
2018-11-28 17:00:00,7.770577649733178
2018-11-28 18:00:00,8.013231355692826
2018-11-28 19:00:00,7.583200574728194
2018-11-28 20:00:00,6.392838230176326
2018-11-28 21:00:00,6.462050235010427
2018-11-28 22:00:00,6.3165104972407535
2018-11-28 23:00:00,6.189497529430669
2018-11-29 00:00:00,5.962514374296744
2018-11-29 01:00:00,6.029331538166981
2018-11-29 02:00:00,5.844982308501744
2018-11-29 03:00:00,6.116855329119126
2018-11-29 04:00:00,6.156851797362143
2018-11-29 05:00:00,6.283917142832336
2018-11-29 06:00:00,7.4961315284290295
2018-11-29 07:00:00,8.279408826066303
2018-11-29 08:00:00,8.829675260381105
2018-11-29 09:00:00,9.084818139813782
2018-11-29 10:00:00,8.945449454717954
2018-11-29 11:00:00,9.70506857915637
2018-11-29 12:00:00,8.617639582362923
2018-11-29 13:00:00,8.538353297075195
2018-11-29 14:00:00,8.587697108308499
2018-11-29 15:00:00,8.543308639816493
2018-11-29 16:00:00,8.336624829553516
2018-11-29 17:00:00,8.344471791252499
2018-11-29 18:00:00,7.806718780235485
2018-11-29 19:00:00,7.438072839273062
2018-11-29 20:00:00,6.481963863301694
2018-11-29 21:00:00,6.292383242128876
2018-11-29 22:00:00,6.312522926200766
2018-11-29 23:00:00,6.042362766106702
2018-11-30 00:00:00,5.977956978675581
2018-11-30 01:00:00,6.267330968686578
2018-11-30 02:00:00,5.932441738951449
2018-11-30 03:00:00,6.4661600533608965
2018-11-30 04:00:00,6.3231549928290205
2018-11-30 05:00:00,6.391740317830643
2018-11-30 06:00:00,7.616367941375168
2018-11-30 07:00:00,8.26371411778203
2018-11-30 08:00:00,9.156497660857678
2018-11-30 09:00:00,9.522920791283465
2018-11-30 10:00:00,9.243332610381337
2018-11-30 11:00:00,9.31105897004926
2018-11-30 12:00:00,8.357705647787943
2018-11-30 13:00:00,8.784503202501009
2018-11-30 14:00:00,8.447956978137878
2018-11-30 15:00:00,7.605901180225213
2018-11-30 16:00:00,7.838797578524902
2018-11-30 17:00:00,8.098632135626277
2018-11-30 18:00:00,7.549203094498475
2018-11-30 19:00:00,7.483394897082944
2018-11-30 20:00:00,6.9646934272623255
2018-11-30 21:00:00,6.397080951074907
2018-11-30 22:00:00,6.426886933525633
2018-11-30 23:00:00,6.065885693984787
2018-12-01 00:00:00,7.107641713621139
2018-12-01 01:00:00,7.598240768524977
2018-12-01 02:00:00,6.923979102224881
2018-12-01 03:00:00,7.347976932943857
2018-12-01 04:00:00,7.195408784948748
2018-12-01 05:00:00,7.0612598544646685
2018-12-01 06:00:00,7.606315363414451
2018-12-01 07:00:00,7.809060024404883
2018-12-01 08:00:00,7.39269655139035
2018-12-01 09:00:00,7.842508120864626
2018-12-01 10:00:00,7.453197627735295
2018-12-01 11:00:00,7.583145410947148
2018-12-01 12:00:00,7.102972633581221
2018-12-01 13:00:00,6.961704136003881
2018-12-01 14:00:00,6.972543395658082
2018-12-01 15:00:00,7.172042415834279
2018-12-01 16:00:00,7.493292146476094
2018-12-01 17:00:00,7.796229056213206
2018-12-01 18:00:00,7.521537534938863
2018-12-01 19:00:00,7.312067818199395
2018-12-01 20:00:00,7.2834888574719825
2018-12-01 21:00:00,7.050161665241897
2018-12-01 22:00:00,7.4990255820307254
2018-12-01 23:00:00,7.382077238980213
2018-12-02 00:00:00,5.531193997430105
2018-12-02 01:00:00,5.353402327204884
2018-12-02 02:00:00,5.485029166853901
2018-12-02 03:00:00,5.460674024814205
2018-12-02 04:00:00,5.643917409320035
2018-12-02 05:00:00,5.651550345931165
2018-12-02 06:00:00,5.217255911917143
2018-12-02 07:00:00,5.620535416918571
2018-12-02 08:00:00,5.624002115302899
2018-12-02 09:00:00,5.6573254156129
2018-12-02 10:00:00,5.51470523181836
2018-12-02 11:00:00,5.468887886012404
2018-12-02 12:00:00,5.405149308796612
2018-12-02 13:00:00,5.535476045136052
2018-12-02 14:00:00,5.274940790315037
2018-12-02 15:00:00,5.443772341135569
2018-12-02 16:00:00,5.3377222014546835
2018-12-02 17:00:00,5.653269228425095
2018-12-02 18:00:00,5.739187260035911
2018-12-02 19:00:00,5.733902063186363
2018-12-02 20:00:00,5.7406770370172175
2018-12-02 21:00:00,5.328601771587079
2018-12-02 22:00:00,5.415076260508101
2018-12-02 23:00:00,5.384593207657892
2018-12-03 00:00:00,6.410000565935048
2018-12-03 01:00:00,5.856557176350024
2018-12-03 02:00:00,6.232460349744903
2018-12-03 03:00:00,6.3773528377832465
2018-12-03 04:00:00,6.373445481093999
2018-12-03 05:00:00,6.796262352637696
2018-12-03 06:00:00,7.651115061246323
2018-12-03 07:00:00,8.50266348738932
2018-12-03 08:00:00,9.487557739091555
2018-12-03 09:00:00,9.97806058957396
2018-12-03 10:00:00,10.445855349848816
2018-12-03 11:00:00,10.071748256644394
2018-12-03 12:00:00,9.447402303934085
2018-12-03 13:00:00,9.871621055203049
2018-12-03 14:00:00,9.760276632973712
2018-12-03 15:00:00,9.331657062174651
2018-12-03 16:00:00,9.190503183649655
2018-12-03 17:00:00,9.277394570137176
2018-12-03 18:00:00,8.911732484753994
2018-12-03 19:00:00,7.547103227430811
2018-12-03 20:00:00,7.641755026572118
2018-12-03 21:00:00,7.154979486129556
2018-12-03 22:00:00,6.98612157640344
2018-12-03 23:00:00,6.577527920435188
2018-12-04 00:00:00,6.27184920734679
2018-12-04 01:00:00,5.857695773018156
2018-12-04 02:00:00,6.035319484905343
2018-12-04 03:00:00,6.003121035416995
2018-12-04 04:00:00,6.2261055764902595
2018-12-04 05:00:00,6.620919230418081
2018-12-04 06:00:00,6.961040600405619
2018-12-04 07:00:00,8.11219483071349
2018-12-04 08:00:00,8.668235949308375
2018-12-04 09:00:00,9.283851987486763
2018-12-04 10:00:00,9.371241449012935
2018-12-04 11:00:00,9.142937439562509
2018-12-04 12:00:00,8.290377314006346
2018-12-04 13:00:00,8.457455213853928
2018-12-04 14:00:00,8.762307588940551
2018-12-04 15:00:00,8.475573377634937
2018-12-04 16:00:00,8.510552977065739
2018-12-04 17:00:00,8.42228492516606
2018-12-04 18:00:00,7.6295724298875625
2018-12-04 19:00:00,7.537890830287224
2018-12-04 20:00:00,6.816768473861367
2018-12-04 21:00:00,6.33563792726416
2018-12-04 22:00:00,6.667567783657316
2018-12-04 23:00:00,6.1150270518880125
2018-12-05 00:00:00,5.891937977601857
2018-12-05 01:00:00,5.581402496570179
2018-12-05 02:00:00,5.907442953771975
2018-12-05 03:00:00,5.9430704921300075
2018-12-05 04:00:00,5.762097517289987
2018-12-05 05:00:00,6.292424753942666
2018-12-05 06:00:00,7.176922226065876
2018-12-05 07:00:00,8.12121314577064
2018-12-05 08:00:00,8.544396153578043
2018-12-05 09:00:00,8.753574476304873
2018-12-05 10:00:00,8.801648376104655
2018-12-05 11:00:00,9.074981808373769
2018-12-05 12:00:00,8.325502149755263
2018-12-05 13:00:00,8.192971416385424
2018-12-05 14:00:00,8.437738744188785
2018-12-05 15:00:00,8.2170241557791
2018-12-05 16:00:00,7.703707943673182
2018-12-05 17:00:00,8.09527050654407
2018-12-05 18:00:00,8.106749639988578
2018-12-05 19:00:00,6.966911996266873
2018-12-05 20:00:00,6.603421489022522
2018-12-05 21:00:00,6.484822360434311
2018-12-05 22:00:00,6.059936168767812
2018-12-05 23:00:00,6.012477845549872
2018-12-06 00:00:00,6.045471646469891
2018-12-06 01:00:00,5.867754663559854
2018-12-06 02:00:00,6.265971558595871
2018-12-06 03:00:00,6.111848733357419
2018-12-06 04:00:00,6.196050842519759
2018-12-06 05:00:00,6.512682804291653
2018-12-06 06:00:00,7.481772381137275
2018-12-06 07:00:00,8.251818053202635
2018-12-06 08:00:00,8.769970283797923
2018-12-06 09:00:00,9.303575618258188
2018-12-06 10:00:00,8.941611494990948
2018-12-06 11:00:00,9.736312552721465
2018-12-06 12:00:00,8.968504830535954
2018-12-06 13:00:00,8.826980684902098
2018-12-06 14:00:00,8.935424358913608
2018-12-06 15:00:00,8.423978792021963
2018-12-06 16:00:00,7.9204708851087195
2018-12-06 17:00:00,8.382776343114614
2018-12-06 18:00:00,7.8396037776973175
2018-12-06 19:00:00,7.394758801475331
2018-12-06 20:00:00,6.798429154344982
2018-12-06 21:00:00,6.38769980098158
2018-12-06 22:00:00,6.420380413992567
2018-12-06 23:00:00,6.246954230743357
2018-12-07 00:00:00,6.361268961621188
2018-12-07 01:00:00,6.176149531829439
2018-12-07 02:00:00,6.197006403307127
2018-12-07 03:00:00,6.311563586426233
2018-12-07 04:00:00,6.26357048150507
2018-12-07 05:00:00,6.756128763948622
2018-12-07 06:00:00,7.045119633916503
2018-12-07 07:00:00,8.057844175785286
2018-12-07 08:00:00,8.793896949600777
2018-12-07 09:00:00,9.57595946460499
2018-12-07 10:00:00,9.615130422252015
2018-12-07 11:00:00,9.420384818518626
2018-12-07 12:00:00,8.640924619321533
2018-12-07 13:00:00,8.680517629116784
2018-12-07 14:00:00,7.973854082844779
2018-12-07 15:00:00,8.46396435378668
2018-12-07 16:00:00,8.070570727807757
2018-12-07 17:00:00,8.038711908264961
2018-12-07 18:00:00,8.002364686119643
2018-12-07 19:00:00,7.2737610737346445
2018-12-07 20:00:00,7.058721647504734
2018-12-07 21:00:00,6.665075062538198
2018-12-07 22:00:00,6.505569881191275
2018-12-07 23:00:00,6.313104554031781
2018-12-08 00:00:00,6.591425609666456
2018-12-08 01:00:00,6.532668223807974
2018-12-08 02:00:00,5.987652848281825
2018-12-08 03:00:00,6.1200596154973725
2018-12-08 04:00:00,6.038219562426893
2018-12-08 05:00:00,6.437895948559872
2018-12-08 06:00:00,6.435006990283087
2018-12-08 07:00:00,6.6095175816875535
2018-12-08 08:00:00,6.295913238739541
2018-12-08 09:00:00,6.285935623921711
2018-12-08 10:00:00,6.352428179570892
2018-12-08 11:00:00,6.754922690567426
2018-12-08 12:00:00,6.330560764931077
2018-12-08 13:00:00,6.0994847341747995
2018-12-08 14:00:00,6.394233394127428
2018-12-08 15:00:00,6.369330966847356
2018-12-08 16:00:00,6.074188731395359
2018-12-08 17:00:00,7.123399316156179
2018-12-08 18:00:00,6.824994458079659
2018-12-08 19:00:00,6.545531058683329
2018-12-08 20:00:00,6.522324560727689
2018-12-08 21:00:00,6.275791134373054
2018-12-08 22:00:00,6.338150143194054
2018-12-08 23:00:00,5.684687983465481
2018-12-09 00:00:00,5.648667171578869
2018-12-09 01:00:00,5.982940346145857
2018-12-09 02:00:00,5.83257421623831
2018-12-09 03:00:00,5.736923902273336
2018-12-09 04:00:00,5.957053182187381
2018-12-09 05:00:00,5.895027301913294
2018-12-09 06:00:00,5.842108405872498
2018-12-09 07:00:00,6.262885442364047
2018-12-09 08:00:00,5.797157549794341
2018-12-09 09:00:00,5.723048875602607
2018-12-09 10:00:00,6.170072949387493
2018-12-09 11:00:00,5.779380401286193
2018-12-09 12:00:00,5.618823094748588
2018-12-09 13:00:00,5.725397285362451
2018-12-09 14:00:00,5.595548249414395
2018-12-09 15:00:00,5.700219937961705
2018-12-09 16:00:00,5.881767216634823
2018-12-09 17:00:00,6.257293143858811
2018-12-09 18:00:00,6.510555192557191
2018-12-09 19:00:00,5.797638116585469
2018-12-09 20:00:00,5.878428002170582
2018-12-09 21:00:00,6.348636130973748
2018-12-09 22:00:00,6.0612802587697425
2018-12-09 23:00:00,5.807438163346456
2018-12-10 00:00:00,6.044205512222084
2018-12-10 01:00:00,5.736190279458911
2018-12-10 02:00:00,5.760979385467887
2018-12-10 03:00:00,5.972048266420573
2018-12-10 04:00:00,5.743937936472658
2018-12-10 05:00:00,6.771963104705246
2018-12-10 06:00:00,7.276796184600974
2018-12-10 07:00:00,8.464659611269942
2018-12-10 08:00:00,9.519296584961381
2018-12-10 09:00:00,9.320583406781664
2018-12-10 10:00:00,9.027590028290108
2018-12-10 11:00:00,9.479855043184072
2018-12-10 12:00:00,9.072132653311192
2018-12-10 13:00:00,8.440839542717415
2018-12-10 14:00:00,9.01945428575394
2018-12-10 15:00:00,8.722724281388091
2018-12-10 16:00:00,8.078013976765005
2018-12-10 17:00:00,8.730167152604897
2018-12-10 18:00:00,8.066310984943177
2018-12-10 19:00:00,7.631885492317486
2018-12-10 20:00:00,7.044073258144709
2018-12-10 21:00:00,6.947197302059251
2018-12-10 22:00:00,6.6297860049852835
2018-12-10 23:00:00,6.61730843015551
2018-12-11 00:00:00,6.277487495528001
2018-12-11 01:00:00,6.033686365373664
2018-12-11 02:00:00,5.797833982559467
2018-12-11 03:00:00,6.0132247957386
2018-12-11 04:00:00,6.043415185910688
2018-12-11 05:00:00,6.6917782548485745
2018-12-11 06:00:00,7.057994253247984
2018-12-11 07:00:00,8.164148237813043
2018-12-11 08:00:00,9.34513847702534
2018-12-11 09:00:00,8.90414269139131
2018-12-11 10:00:00,9.416116180587522
2018-12-11 11:00:00,9.182957815247613
2018-12-11 12:00:00,8.9125293272407
2018-12-11 13:00:00,9.146131203242103
2018-12-11 14:00:00,8.803565475194379
2018-12-11 15:00:00,8.8367411221719
2018-12-11 16:00:00,8.570398015804278
2018-12-11 17:00:00,8.702975174886404
2018-12-11 18:00:00,7.901252797923201
2018-12-11 19:00:00,7.0912510653434655
2018-12-11 20:00:00,6.8638195630428696
2018-12-11 21:00:00,6.270403507460323
2018-12-11 22:00:00,6.789573821405363
2018-12-11 23:00:00,6.202209630966965
2018-12-12 00:00:00,7.029509498016259
2018-12-12 01:00:00,6.513044900607565
2018-12-12 02:00:00,6.483033668146594
2018-12-12 03:00:00,6.930215477161551
2018-12-12 04:00:00,7.00636566227432
2018-12-12 05:00:00,7.7246020639331725
2018-12-12 06:00:00,8.052601795504344
2018-12-12 07:00:00,9.643904303693406
2018-12-12 08:00:00,10.208234413172228
2018-12-12 09:00:00,9.992970051662947
2018-12-12 10:00:00,10.749846464929345
2018-12-12 11:00:00,10.266955678822915
2018-12-12 12:00:00,9.318236594354435
2018-12-12 13:00:00,9.755893184623286
2018-12-12 14:00:00,8.952063786045867
2018-12-12 15:00:00,9.442811928444923
2018-12-12 16:00:00,9.116514516184717
2018-12-12 17:00:00,9.358282587591997
2018-12-12 18:00:00,8.64023307868707
2018-12-12 19:00:00,7.97125680506701
2018-12-12 20:00:00,8.052763747136346
2018-12-12 21:00:00,7.334443013157924
2018-12-12 22:00:00,7.256838483466045
2018-12-12 23:00:00,7.037186444437974
2018-12-13 00:00:00,7.207356664717757
2018-12-13 01:00:00,7.412616226748838
2018-12-13 02:00:00,6.916465203196994
2018-12-13 03:00:00,7.200504107016008
2018-12-13 04:00:00,6.966909224077883
2018-12-13 05:00:00,7.041980608092113
2018-12-13 06:00:00,8.2014835965601
2018-12-13 07:00:00,9.485605401802827
2018-12-13 08:00:00,10.229585290319605
2018-12-13 09:00:00,10.954933839133794
2018-12-13 10:00:00,10.458371535668231
2018-12-13 11:00:00,10.226079682371875
2018-12-13 12:00:00,9.854012621535773
2018-12-13 13:00:00,9.633185919932442
2018-12-13 14:00:00,10.271001407075934
2018-12-13 15:00:00,9.712053968325792
2018-12-13 16:00:00,9.601218515713823
2018-12-13 17:00:00,9.017144478044184
2018-12-13 18:00:00,9.233099869273163
2018-12-13 19:00:00,8.127807319342836
2018-12-13 20:00:00,8.16235888691114
2018-12-13 21:00:00,7.493547924324625
2018-12-13 22:00:00,7.018853534997325
2018-12-13 23:00:00,7.141439134439958
2018-12-14 00:00:00,6.29750598353929
2018-12-14 01:00:00,6.334785993381897
2018-12-14 02:00:00,6.087362255803947
2018-12-14 03:00:00,6.377803624547045
2018-12-14 04:00:00,6.314341261974128
2018-12-14 05:00:00,6.698349196025365
2018-12-14 06:00:00,7.512271265110301
2018-12-14 07:00:00,8.40575053809193
2018-12-14 08:00:00,9.75801195081736
2018-12-14 09:00:00,8.865846067715603
2018-12-14 10:00:00,9.312346654363335
2018-12-14 11:00:00,9.445496760374802
2018-12-14 12:00:00,8.761961615483305
2018-12-14 13:00:00,8.22621037751751
2018-12-14 14:00:00,8.75890023511499
2018-12-14 15:00:00,8.398928914611558
2018-12-14 16:00:00,7.61875424856166
2018-12-14 17:00:00,8.19710899254136
2018-12-14 18:00:00,7.8745244963707055
2018-12-14 19:00:00,7.018892760483025
2018-12-14 20:00:00,6.844340740289825
2018-12-14 21:00:00,6.476672003273309
2018-12-14 22:00:00,6.50135770077595
2018-12-14 23:00:00,5.942613975409202
2018-12-15 00:00:00,6.031925052670916
2018-12-15 01:00:00,5.70912596272312
2018-12-15 02:00:00,5.76206841264867
2018-12-15 03:00:00,5.707979494366782
2018-12-15 04:00:00,5.75351829408037
2018-12-15 05:00:00,5.92564412334833
2018-12-15 06:00:00,5.91244713573823
2018-12-15 07:00:00,6.341612230014738
2018-12-15 08:00:00,6.344378683790635
2018-12-15 09:00:00,6.063447147834253
2018-12-15 10:00:00,6.424316524145889
2018-12-15 11:00:00,6.201948014335271
2018-12-15 12:00:00,6.517781383453423
2018-12-15 13:00:00,6.203036278329908
2018-12-15 14:00:00,6.0780859685574
2018-12-15 15:00:00,5.8549730073202815
2018-12-15 16:00:00,6.041058698671308
2018-12-15 17:00:00,6.315212742346051
2018-12-15 18:00:00,6.0823893265501034
2018-12-15 19:00:00,6.167623600945582
2018-12-15 20:00:00,6.044996682420699
2018-12-15 21:00:00,5.760850576196479
2018-12-15 22:00:00,5.876207147104045
2018-12-15 23:00:00,5.674964678388992
2018-12-16 00:00:00,6.260477649835413
2018-12-16 01:00:00,5.781133626570153
2018-12-16 02:00:00,5.904506340203871
2018-12-16 03:00:00,5.585885305753031
2018-12-16 04:00:00,5.876670456400484
2018-12-16 05:00:00,5.874432010399061
2018-12-16 06:00:00,5.787603324078948
2018-12-16 07:00:00,5.756382315435992
2018-12-16 08:00:00,6.175472934088567
2018-12-16 09:00:00,6.034565857895243
2018-12-16 10:00:00,6.19957526287978
2018-12-16 11:00:00,6.1106314283676655
2018-12-16 12:00:00,5.960183323785662
2018-12-16 13:00:00,6.219154151045435
2018-12-16 14:00:00,5.645440829007437
2018-12-16 15:00:00,5.5754040187940355
2018-12-16 16:00:00,5.676428202948852
2018-12-16 17:00:00,6.287161949442979
2018-12-16 18:00:00,6.3106052320161545
2018-12-16 19:00:00,6.329427523510378
2018-12-16 20:00:00,6.224282820461908
2018-12-16 21:00:00,6.18528755353313
2018-12-16 22:00:00,6.0137581875254025
2018-12-16 23:00:00,6.025844033303011
2018-12-17 00:00:00,5.604674018857933
2018-12-17 01:00:00,5.613362034052276
2018-12-17 02:00:00,5.729866284391783
2018-12-17 03:00:00,5.795710601090271
2018-12-17 04:00:00,5.737418882501814
2018-12-17 05:00:00,6.533847968641372
2018-12-17 06:00:00,7.376331475649588
2018-12-17 07:00:00,7.929645849220208
2018-12-17 08:00:00,8.420145758216421
2018-12-17 09:00:00,8.9374258623342
2018-12-17 10:00:00,9.239409912616741
2018-12-17 11:00:00,9.446310886046746
2018-12-17 12:00:00,9.107214518085826
2018-12-17 13:00:00,8.609803874622523
2018-12-17 14:00:00,8.62007517968615
2018-12-17 15:00:00,8.425623127950551
2018-12-17 16:00:00,8.328157776351905
2018-12-17 17:00:00,7.894339991607073
2018-12-17 18:00:00,7.908732363693744
2018-12-17 19:00:00,7.372631864373444
2018-12-17 20:00:00,6.43081085944661
2018-12-17 21:00:00,6.532136837426521
2018-12-17 22:00:00,6.249241661675724
2018-12-17 23:00:00,6.236048779212133
2018-12-18 00:00:00,5.613061946904957
2018-12-18 01:00:00,5.811456821053402
2018-12-18 02:00:00,6.031410694676667
2018-12-18 03:00:00,5.757289745013403
2018-12-18 04:00:00,5.889064897951019
2018-12-18 05:00:00,6.476722337498192
2018-12-18 06:00:00,6.824701936737651
2018-12-18 07:00:00,7.87404224089844
2018-12-18 08:00:00,8.181030693611923
2018-12-18 09:00:00,9.122963878548251
2018-12-18 10:00:00,9.054410207602098
2018-12-18 11:00:00,9.137391058812783
2018-12-18 12:00:00,8.579721990589709
2018-12-18 13:00:00,8.180368332060977
2018-12-18 14:00:00,8.493648959081565
2018-12-18 15:00:00,8.727059577744747
2018-12-18 16:00:00,8.376923495215197
2018-12-18 17:00:00,7.872028803613281
2018-12-18 18:00:00,7.320712780286591
2018-12-18 19:00:00,7.134152100387501
2018-12-18 20:00:00,6.518447241472663
2018-12-18 21:00:00,6.247939272743406
2018-12-18 22:00:00,5.929960934519511
2018-12-18 23:00:00,5.743012605306296
2018-12-19 00:00:00,6.572900400702325
2018-12-19 01:00:00,6.6067372627671155
2018-12-19 02:00:00,6.210676988342367
2018-12-19 03:00:00,6.166986727315882
2018-12-19 04:00:00,6.3567205295445115
2018-12-19 05:00:00,6.881493849769697
2018-12-19 06:00:00,7.351967898796808
2018-12-19 07:00:00,8.633507645288974
2018-12-19 08:00:00,10.097131787458633
2018-12-19 09:00:00,10.043292620653547
2018-12-19 10:00:00,9.797440424142938
2018-12-19 11:00:00,9.64946842498944
2018-12-19 12:00:00,9.619362213364864
2018-12-19 13:00:00,9.801565309124257
2018-12-19 14:00:00,9.402952012265276
2018-12-19 15:00:00,8.743756371998915
2018-12-19 16:00:00,8.79756076447736
2018-12-19 17:00:00,9.342234181355117
2018-12-19 18:00:00,8.51838131072141
2018-12-19 19:00:00,7.99012651185947
2018-12-19 20:00:00,7.271052473212959
2018-12-19 21:00:00,7.480790738452143
2018-12-19 22:00:00,6.856514130518683
2018-12-19 23:00:00,6.608363546909542
2018-12-20 00:00:00,6.528489715184899
2018-12-20 01:00:00,7.145174014562071
2018-12-20 02:00:00,6.727405738336159
2018-12-20 03:00:00,6.688133065665026
2018-12-20 04:00:00,6.683346149959106
2018-12-20 05:00:00,7.043911144697245
2018-12-20 06:00:00,8.09084948266705
2018-12-20 07:00:00,9.363967700294488
2018-12-20 08:00:00,9.859401040486178
2018-12-20 09:00:00,9.739990164073301
2018-12-20 10:00:00,10.174145039906406
2018-12-20 11:00:00,10.493345514124336
2018-12-20 12:00:00,9.399443832807757
2018-12-20 13:00:00,9.512551989317586
2018-12-20 14:00:00,9.791424757324345
2018-12-20 15:00:00,8.762804411342502
2018-12-20 16:00:00,8.916716816576534
2018-12-20 17:00:00,9.065963133987452
2018-12-20 18:00:00,8.759154025219566
2018-12-20 19:00:00,8.512728559644996
2018-12-20 20:00:00,8.078724414567862
2018-12-20 21:00:00,7.121561208130409
2018-12-20 22:00:00,7.1187576400944526
2018-12-20 23:00:00,6.985077339934209
2018-12-21 00:00:00,6.240124810155877
2018-12-21 01:00:00,6.2922790690820625
2018-12-21 02:00:00,6.037760934464968
2018-12-21 03:00:00,6.236793374255461
2018-12-21 04:00:00,6.518189591259614
2018-12-21 05:00:00,6.2372215368518225
2018-12-21 06:00:00,7.447729722467164
2018-12-21 07:00:00,8.486171081510992
2018-12-21 08:00:00,9.195560222896184
2018-12-21 09:00:00,9.103922846098135
2018-12-21 10:00:00,9.633439891457149
2018-12-21 11:00:00,10.098348184702695
2018-12-21 12:00:00,9.008800521964861
2018-12-21 13:00:00,8.63066845772432
2018-12-21 14:00:00,8.399243564329701
2018-12-21 15:00:00,7.89329126171595
2018-12-21 16:00:00,8.220180472227312
2018-12-21 17:00:00,8.074367593641684
2018-12-21 18:00:00,8.636317556856259
2018-12-21 19:00:00,7.483988791807895
2018-12-21 20:00:00,7.11021548293535
2018-12-21 21:00:00,6.819861082611477
2018-12-21 22:00:00,6.245023034984416
2018-12-21 23:00:00,6.428509240574558
2018-12-22 00:00:00,6.160905145640452
2018-12-22 01:00:00,5.908541756029338
2018-12-22 02:00:00,6.115470261563733
2018-12-22 03:00:00,5.808763060259542
2018-12-22 04:00:00,6.094769725630433
2018-12-22 05:00:00,6.510190208989529
2018-12-22 06:00:00,6.260658128708555
2018-12-22 07:00:00,6.5096321779525335
2018-12-22 08:00:00,6.61340542719351
2018-12-22 09:00:00,6.341226534612734
2018-12-22 10:00:00,6.390161419382036
2018-12-22 11:00:00,6.501322878135575
2018-12-22 12:00:00,6.382608809255677
2018-12-22 13:00:00,6.55777563430479
2018-12-22 14:00:00,6.179905927252671
2018-12-22 15:00:00,6.069629529723585
2018-12-22 16:00:00,5.826021352620262
2018-12-22 17:00:00,6.512007828237432
2018-12-22 18:00:00,6.625811384619653
2018-12-22 19:00:00,6.220150592624854
2018-12-22 20:00:00,5.8618845490730065
2018-12-22 21:00:00,5.89470118914502
2018-12-22 22:00:00,6.305862307147321
2018-12-22 23:00:00,5.976615072507323
2018-12-23 00:00:00,5.539716392856983
2018-12-23 01:00:00,5.512119461165948
2018-12-23 02:00:00,5.149484087480928
2018-12-23 03:00:00,5.69713592072434
2018-12-23 04:00:00,5.599091478106939
2018-12-23 05:00:00,5.722332604763915
2018-12-23 06:00:00,5.625511645760817
2018-12-23 07:00:00,5.423765330474103
2018-12-23 08:00:00,5.271175200431211
2018-12-23 09:00:00,5.35134218179971
2018-12-23 10:00:00,5.464116998230426
2018-12-23 11:00:00,5.936458892150747
2018-12-23 12:00:00,5.579835318246367
2018-12-23 13:00:00,5.540513004394078
2018-12-23 14:00:00,5.455316313126732
2018-12-23 15:00:00,5.483387758649149
2018-12-23 16:00:00,5.522261361081833
2018-12-23 17:00:00,5.470631783742239
2018-12-23 18:00:00,5.68982429595855
2018-12-23 19:00:00,5.514003430970176
2018-12-23 20:00:00,5.857922027588149
2018-12-23 21:00:00,5.392028537330705
2018-12-23 22:00:00,5.363538402254762
2018-12-23 23:00:00,5.744315185311701
2018-12-24 00:00:00,6.159128521382689
2018-12-24 01:00:00,5.842327240049762
2018-12-24 02:00:00,5.817516759810526
2018-12-24 03:00:00,6.226185567172329
2018-12-24 04:00:00,6.175923589542146
2018-12-24 05:00:00,6.338787860342454
2018-12-24 06:00:00,7.033140537701516
2018-12-24 07:00:00,7.9758581327370335
2018-12-24 08:00:00,8.905923477307423
2018-12-24 09:00:00,8.990621921540718
2018-12-24 10:00:00,9.275623216840293
2018-12-24 11:00:00,9.111698198072473
2018-12-24 12:00:00,8.146838907591547
2018-12-24 13:00:00,8.28317459764525
2018-12-24 14:00:00,8.27686288052792
2018-12-24 15:00:00,8.493180406735187
2018-12-24 16:00:00,8.427711795372947
2018-12-24 17:00:00,8.473687266059223
2018-12-24 18:00:00,7.963988924389839
2018-12-24 19:00:00,7.23984638982727
2018-12-24 20:00:00,7.10142369965542
2018-12-24 21:00:00,6.750831221480579
2018-12-24 22:00:00,6.449806642333786
2018-12-24 23:00:00,6.322121879373964
2018-12-25 00:00:00,5.975513827018148
2018-12-25 01:00:00,6.040260756984514
2018-12-25 02:00:00,5.728682822401721
2018-12-25 03:00:00,5.978449387358414
2018-12-25 04:00:00,5.928966388796913
2018-12-25 05:00:00,6.237945938280018
2018-12-25 06:00:00,6.9179809441702895
2018-12-25 07:00:00,7.9516601913997915
2018-12-25 08:00:00,8.311393068545893
2018-12-25 09:00:00,8.021932855009586
2018-12-25 10:00:00,8.41058104830113
2018-12-25 11:00:00,8.231794841951517
2018-12-25 12:00:00,8.004511441776373
2018-12-25 13:00:00,7.708968897539236
2018-12-25 14:00:00,8.227880171675231
2018-12-25 15:00:00,8.00321656888025
2018-12-25 16:00:00,7.7633380773231835
2018-12-25 17:00:00,7.559431318970077
2018-12-25 18:00:00,7.583792975649836
2018-12-25 19:00:00,6.592296558384519
2018-12-25 20:00:00,6.269726937311854
2018-12-25 21:00:00,6.0474738678385185
2018-12-25 22:00:00,6.077850233675809
2018-12-25 23:00:00,5.885478190578605
2018-12-26 00:00:00,6.451900603894971
2018-12-26 01:00:00,6.219755091814001
2018-12-26 02:00:00,6.410023413057346
2018-12-26 03:00:00,6.237188785086369
2018-12-26 04:00:00,6.541720698231734
2018-12-26 05:00:00,6.934399871641694
2018-12-26 06:00:00,7.143530763801143
2018-12-26 07:00:00,7.629091778170248
2018-12-26 08:00:00,8.882293748124896
2018-12-26 09:00:00,8.794947271507228
2018-12-26 10:00:00,8.92497786552027
2018-12-26 11:00:00,8.726206524627438
2018-12-26 12:00:00,8.181194473227743
2018-12-26 13:00:00,7.917067253845369
2018-12-26 14:00:00,8.667904050741358
2018-12-26 15:00:00,8.370753236781383
2018-12-26 16:00:00,7.5256057513379035
2018-12-26 17:00:00,7.981276410205774
2018-12-26 18:00:00,7.478002782905646
2018-12-26 19:00:00,7.218283945220528
2018-12-26 20:00:00,6.560156292870271
2018-12-26 21:00:00,6.857851743566681
2018-12-26 22:00:00,6.33534627847645
2018-12-26 23:00:00,6.277076381967322
2018-12-27 00:00:00,6.04523557612591
2018-12-27 01:00:00,5.873937896846731
2018-12-27 02:00:00,5.651394435913731
2018-12-27 03:00:00,5.71056773002804
2018-12-27 04:00:00,5.965733906939353
2018-12-27 05:00:00,6.164375486106965
2018-12-27 06:00:00,6.544912552126037
2018-12-27 07:00:00,7.039530812619866
2018-12-27 08:00:00,7.637002643574653
2018-12-27 09:00:00,7.546873686331245
2018-12-27 10:00:00,7.531337601670258
2018-12-27 11:00:00,7.795159721845012
2018-12-27 12:00:00,7.128122643503307
2018-12-27 13:00:00,7.186763488143674
2018-12-27 14:00:00,6.7432960238754225
2018-12-27 15:00:00,6.7380880325982115
2018-12-27 16:00:00,6.816527561534376
2018-12-27 17:00:00,6.305385335752172
2018-12-27 18:00:00,6.243158360852626
2018-12-27 19:00:00,6.097712244336262
2018-12-27 20:00:00,5.768683604645963
2018-12-27 21:00:00,5.713286306553066
2018-12-27 22:00:00,5.832627107457779
2018-12-27 23:00:00,5.4840105729479465
2018-12-28 00:00:00,6.081513910492291
2018-12-28 01:00:00,6.316018548945817
2018-12-28 02:00:00,6.211547170989679
2018-12-28 03:00:00,6.348668307300883
2018-12-28 04:00:00,6.112704977542526
2018-12-28 05:00:00,6.158590023419391
2018-12-28 06:00:00,6.599066165669124
2018-12-28 07:00:00,6.6098089186767695
2018-12-28 08:00:00,6.73202601030916
2018-12-28 09:00:00,6.665756502696397
2018-12-28 10:00:00,6.476071607394676
2018-12-28 11:00:00,6.62383888443724
2018-12-28 12:00:00,6.779921700751848
2018-12-28 13:00:00,6.719330581077827
2018-12-28 14:00:00,6.472582876204251
2018-12-28 15:00:00,6.321477505836729
2018-12-28 16:00:00,6.264563628097854
2018-12-28 17:00:00,6.921235326943078
2018-12-28 18:00:00,6.443774864400778
2018-12-28 19:00:00,6.477215612858626
2018-12-28 20:00:00,7.085985791628626
2018-12-28 21:00:00,6.41506326825029
2018-12-28 22:00:00,6.545827080542394
2018-12-28 23:00:00,6.340975454397738
2018-12-29 00:00:00,6.245221118324298
2018-12-29 01:00:00,6.256278478656755
2018-12-29 02:00:00,6.1671438598920565
2018-12-29 03:00:00,6.115777234100004
2018-12-29 04:00:00,5.948452129256907
2018-12-29 05:00:00,6.280678300521824
2018-12-29 06:00:00,6.4629041085326335
2018-12-29 07:00:00,6.216440856058337
2018-12-29 08:00:00,6.327268926943002
2018-12-29 09:00:00,6.505529113744956
2018-12-29 10:00:00,6.542504698809546
2018-12-29 11:00:00,6.5730631474291465
2018-12-29 12:00:00,5.897735144780032
2018-12-29 13:00:00,5.897125815765515
2018-12-29 14:00:00,6.573419432613489
2018-12-29 15:00:00,6.103034394811152
2018-12-29 16:00:00,6.411665722058682
2018-12-29 17:00:00,6.791835111689764
2018-12-29 18:00:00,6.494182990649865
2018-12-29 19:00:00,6.3213987208674824
2018-12-29 20:00:00,6.423126886707235
2018-12-29 21:00:00,6.15736200884136
2018-12-29 22:00:00,6.190660841525087
2018-12-29 23:00:00,6.582326170724512
2018-12-30 00:00:00,5.565029863451087
2018-12-30 01:00:00,5.358827205422884
2018-12-30 02:00:00,5.421033710149579
2018-12-30 03:00:00,5.095306427714396
2018-12-30 04:00:00,5.4363196109028875
2018-12-30 05:00:00,5.619132900178188
2018-12-30 06:00:00,5.779357444834421
2018-12-30 07:00:00,5.21250315563339
2018-12-30 08:00:00,5.834830200154349
2018-12-30 09:00:00,5.558531713100318
2018-12-30 10:00:00,5.533446197064286
2018-12-30 11:00:00,5.600006162139842
2018-12-30 12:00:00,5.655447301636196
2018-12-30 13:00:00,5.2481609077137685
2018-12-30 14:00:00,5.379303649639868
2018-12-30 15:00:00,5.275438897670302
2018-12-30 16:00:00,5.107210608980086
2018-12-30 17:00:00,5.456494996307047
2018-12-30 18:00:00,5.818571345962285
2018-12-30 19:00:00,5.246341853931896
2018-12-30 20:00:00,5.714747586760222
2018-12-30 21:00:00,5.280373503164545
2018-12-30 22:00:00,5.479547587173073
2018-12-30 23:00:00,7.252604803536025
